{
  "ace_integral": -353.6312578083341,
  "ace_raw": 3.5360926099527386
}