{
  "ace_integral": -38.33309467877611,
  "ace_raw": 0.11748078525204464
}