{
  "ace_integral": -775.7568803491957,
  "ace_raw": 7.756274945191005
}