{
  "ace_integral": 30.19723925713849,
  "ace_raw": -0.09336468021426349
}