{
  "ace_integral": -474.20745378672547,
  "ace_raw": 4.744212402750428
}