{
  "ace_integral": 41.72308859758924,
  "ace_raw": -0.12719323111891237
}