{
  "ace_integral": -717.1459428071506,
  "ace_raw": 7.171614978397588
}