{
  "ace_integral": 46.776488968676844,
  "ace_raw": -0.14301566662537166
}