{
  "ace_integral": -2.6960839443469427,
  "ace_raw": 0.004389680602244673
}