{
  "ace_integral": 1.5877910802472726,
  "ace_raw": -0.09891200999029187
}