{
  "ace_integral": -43.080826345668676,
  "ace_raw": 0.13186123874387973
}