{
  "hour": 10,
  "dispatch": 3,
  "load": 0.9811602923451526,
  "wind": 0.3065402609307944,
  "solar": 0.7264616609037963,
  "gen": [
    47,
    1,
    2,
    3,
    4,
    5,
    6,
    7,
    8,
    9,
    10,
    11,
    12,
    13,
    14,
    15,
    16,
    17,
    18,
    19,
    20,
    21,
    22,
    23,
    24,
    25,
    26,
    27,
    28,
    29,
    30,
    31,
    32,
    33,
    34,
    35,
    36,
    37,
    38,
    39,
    40,
    41,
    42,
    43,
    44,
    45,
    46,
    48,
    49
  ],
  "pg": [
    4.53756765911208,
    0.04507349869736522,
    0.04507349869813668,
    0.04507349869736525,
    0.04507349869813667,
    0.09024649869470235,
    0.26515732570513717,
    0.04676499872348524,
    0.025688073866000572,
    0.025688073866000572,
    0.025688073866000572,
    0.025688073866000572,
    0.025688073866000572,
    0.025688073866000572,
    0.0,
    0.023879998610390234,
    0.17909999860661144,
    0.1790999986052295,
    0.03183999859501615,
    0.04974999859681385,
    0.06268499859636152,
    0.17909999871281237,
    0.20722121638921698,
    0.47452432392086974,
    0.004291563653031121,
    0.40923124834261043,
    0.2834653400846613,
    0.2834653400846613,
    0.2834653400846613,
    0.9728774562823639,
    0.9728774562823639,
    0.283243201100054,
    0.0117686789066415,
    0.16832116683140957,
    0.16832116683140957,
    0.16832116683140957,
    0.16832116683140957,
    1.3790699985386725,
    0.11939999858964569,
    0.2586999985832762,
    0.09352999858914095,
    0.09352999859064831,
    0.0935299985888712,
    0.09352999858917874,
    0.09352999858912202,
    0.1741249987169299,
    0.0,
    0.6716249985412608,
    0.671624998541261
  ],
  "qg": [
    -0.4047034670796301,
    0.007142191925694369,
    0.008462125881852548,
    0.0072874554922582845,
    0.008417821982835368,
    0.012038062874420684,
    -0.13296620306841161,
    -0.005699540804927996,
    -0.03409949870173901,
    -0.034099533264644995,
    -0.034099497070260915,
    -0.03409954527029931,
    -0.034099545102191084,
    -0.03409949577162926,
    0.0025189752111796897,
    0.0022847573331894197,
    0.016358072885154385,
    0.01674011925281983,
    -0.0035986845746583083,
    -0.005499157959231456,
    -0.006999161930307992,
    -0.02199978077628923,
    0.0015289650155843326,
    0.007789312000091277,
    0.003214351025342585,
    0.1784611862815548,
    0.054935311048544176,
    0.14930853208846856,
    0.21584534481070886,
    0.21127534262831368,
    0.20618800454922406,
    0.003522821617433529,
    -0.006417616316377972,
    -0.08652821553500287,
    -0.036634419839201925,
    -0.08742899757945652,
    -0.08749713004766352,
    0.19507331486184123,
    -0.013299882852433387,
    -0.02889987955793737,
    -0.010399881051660018,
    -0.010399882880257621,
    -0.010399880469445195,
    -0.010399881052155233,
    -0.010399881051644926,
    0.01053250959180446,
    0.006600328452743478,
    0.004474041739911171,
    0.055194967742014954
  ],
  "pd": [
    0.07245868758968951,
    0.016630666955250336,
    0.07797280843266928,
    0.23289801859396886,
    0.418778835978758,
    0.0029729156858058123,
    0.02476448577879165,
    0.4391477236478434,
    0.007005484487344389,
    0.007545122648134223,
    0.011106734509347127,
    0.04519224306541773,
    0.013844171724990102,
    0.023518412207513308,
    0.013275098755429914,
    0.02289046962041241,
    0.5797283703350568,
    0.005033352299730632,
    0.06317691122410438,
    0.20370849989670056,
    0.03504704564256885,
    0.2924544483393196,
    0.010056892996537814,
    0.06260783825454419,
    0.02006472797845837,
    0.3761277980705143,
    0.01046898031932278,
    0.09368118471311516,
    0.020467003698319882,
    0.00932102277727895,
    0.031387317752121426,
    0.062185939328835774,
    0.015149114913809157,
    0.01787674052652868,
    0.004375974903859381,
    0.02175232368129203,
    0.00739794860428245,
    0.005435628019592146,
    0.027658908641209852,
    0.009791979717604623,
    0.013647939666521072,
    0.01807297258499771,
    0.009527066438671431,
    0.036891626992177726,
    0.022988585649646925,
    0.014256259047775065,
    0.20167749809154611,
    0.08383033537796984,
    0.12619683680143354,
    0.032594144911705966,
    0.021575714828669903,
    0.024146354794614206,
    0.18407548244687408,
    0.035302147318578586,
    0.005808468930683303,
    0.008673456984331149,
    0.05389513485851924,
    0.020673047359712364,
    0.008781384616489115,
    0.021987802151454867,
    0.036813134168790125,
    0.04742928853196466,
    0.08093591251555164,
    0.4841044882430984,
    0.08414430667152029,
    0.022399889474239834,
    0.021683642460827872,
    0.4883823471177231,
    0.020623989345095108,
    0.009419138806513464,
    0.014521172326708258,
    0.007162470134119614,
    0.007741354706603255,
    0.029012909844646162,
    0.008261369661546185,
    0.007064354104885098,
    0.05658351405954496,
    0.11936796116671126,
    0.36685583330785254,
    0.005092221917271342,
    0.020192278816463242,
    0.5156978496566123,
    0.005200149549429309,
    0.04409334353799116,
    0.043121994848569455,
    0.015482709413206506,
    0.03511572686303301,
    0.10653438454283666,
    0.08648927977022519,
    0.3343696160283045,
    0.038628280709628655,
    0.00854590614632628,
    0.16368697157194181,
    0.017641262056365844,
    0.0060243241949992365,
    0.001903450967149596,
    0.14354375077009585,
    0.7578874562190897,
    0.04317105286318671,
    0.29684023484610245,
    0.014874390031952513,
    0.015139303310885704,
    0.23449730987049144,
    0.011381459391203769,
    0.020535684918784044,
    0.055739716208128114,
    0.011381459391203769,
    0.08056307160446048,
    0.01396191096007152,
    0.3655901365307274,
    0.2627056682754146,
    0.08883425286893012,
    0.014746839193947644,
    0.15738792249508593,
    0.31419696041768824,
    0.1447800127384507,
    0.08796102020874293,
    0.013618504857750718,
    0.014197389430234358,
    0.44940084870285024,
    0.040698528926476935,
    0.03722522149157509,
    0.010576907951480745,
    0.02239007787131638,
    0.019780191493678278,
    0.00989990734976259,
    0.07556896571642366,
    0.0151196801050388,
    0.012029025184151571,
    0.020849656212334495,
    0.050853537952249256,
    0.18652838317773696,
    0.013785302107449394,
    0.03004312815160857,
    0.0669151319379394,
    0.23163232181684362,
    0.07599086464213207,
    0.014109085003923294,
    0.4566712464691278,
    0.005298265578663824,
    0.009242529953891337,
    0.09036486292498856,
    0.018622422348710997,
    0.011087111303500223,
    0.07615766189183074,
    0.02064361255094201,
    0.16472700148182767,
    0.007182093339966517,
    0.025186384704500065,
    0.0031691477442748425,
    0.03537082853904275,
    0.517473749785757,
    0.21573752508085214,
    0.36867097984869107,
    0.05271774250770505,
    0.022027048563148677,
    0.019721321876137565,
    0.006956426472727132,
    0.0093308343802024,
    0.07538254526087806
  ],