{
  "hour": 11,
  "dispatch": 1,
  "load": 0.9608267408639615,
  "wind": 0.3632916994181204,
  "solar": 0.8245951690380078,
  "gen": [
    47,
    1,
    2,
    3,
    4,
    5,
    6,
    7,
    8,
    9,
    10,
    11,
    12,
    13,
    14,
    15,
    16,
    17,
    18,
    19,
    20,
    21,
    22,
    23,
    24,
    25,
    26,
    27,
    28,
    29,
    30,
    31,
    32,
    33,
    34,
    35,
    36,
    37,
    38,
    39,
    40,
    41,
    42,
    43,
    44,
    45,
    46,
    48,
    49
  ],
  "pg": [
    3.4140575024837103,
    0.045073495432696876,
    0.045073495435397,
    0.04507349543269755,
    0.04507349543539682,
    0.09024649542337118,
    0.31424731999667416,
    0.04676499552933738,
    0.030443844411238496,
    0.030443844411238496,
    0.030443844411238496,
    0.030443844411238496,
    0.030443844411238496,
    0.030443844411238496,
    0.0,
    0.02387999509440626,
    0.1790999950808185,
    0.1790999950759254,
    0.03183999509392344,
    0.049749995099974395,
    0.06268499509838163,
    0.17909999549545116,
    0.24558518880664937,
    0.5623755506992504,
    0.005086083791853686,
    0.48499441872319066,
    0.3217570349586306,
    0.3217570349586306,
    0.3217570349586306,
    1.1042978503757,
    1.1042978503757,
    0.33568153026234326,
    0.013358441738415725,
    0.1910587006661064,
    0.1910587006661064,
    0.1910587006661064,
    0.1910587006661064,
    1.3790699948636274,
    0.11939999506982996,
    0.25869999504680363,
    0.09352999506784394,
    0.09352999507329839,
    0.09352999506679467,
    0.09352999506796257,
    0.0935299950677846,
    0.17412499549578744,
    0.0,
    0.6716249948885191,
    0.671624994888522
  ],
  "qg": [
    -0.4666926181970602,
    0.006970306629227475,
    0.008248589464114907,
    0.007114548926460003,
    0.008204640460161158,
    0.011805619149500422,
    -0.11648865258983006,
    -0.005697980191808772,
    -0.03409767508389377,
    -0.03409792473455546,
    -0.03409766747881454,
    -0.03409800280322214,
    -0.03409800227071953,
    -0.034097662332313004,
    0.002370827874983571,
    0.0022090448980133046,
    0.015669155577323755,
    0.016182921522512907,
    -0.0035969942364208964,
    -0.005497871973607449,
    -0.006997889440581336,
    -0.021999189353667688,
    -0.02518963467926023,
    -0.04816158912520014,
    0.002502622579765737,
    0.13744042523359196,
    0.054809209120183014,
    0.14389139143702873,
    0.20655890434985796,
    0.20118077379181876,
    0.19471620022258468,
    -0.003434703628352158,
    -0.006320301696018491,
    -0.09178742592735958,
    -0.04395265419517362,
    -0.0919846173732205,
    -0.09199953624572538,
    0.1900351912890737,
    -0.013299545307753433,
    -0.028899529928930384,
    -0.010399536978286687,
    -0.010399545264482009,
    -0.010399534228361066,
    -0.010399536952668896,
    -0.010399536992088834,
    0.00849999940939216,
    0.0017905816242428313,
    6.715264028835484e-05,
    0.050848900720778814
  ],
  "pd": [
    0.07095705481280355,
    0.016286013257644148,
    0.07635690109645901,
    0.22807144347887853,
    0.410100069535556,
    0.0029113050248178035,
    0.024251266939406387,
    0.43004683267589183,
    0.006860302929768684,
    0.007388757637243864,
    0.010876558706580044,
    0.04425567968419406,
    0.013557265313590496,
    0.023031016978509157,
    0.0129999858038894,
    0.02241608786435622,
    0.5677140881068802,
    0.004929041180632122,
    0.06186763384423048,
    0.19948684793817567,
    0.034320731183660705,
    0.286393626649321,
    0.009848474093855605,
    0.06131035433452939,
    0.019648906850668012,
    0.36833293111019966,
    0.010252021325018469,
    0.09173973721769103,
    0.020042845814422235,
    0.009127854038207634,
    0.030736847440238125,
    0.060897198835957886,
    0.014835164878939565,
    0.017506263218541377,
    0.004285287264253268,
    0.021301528844954024,
    0.007244633626114269,
    0.005322980144386347,
    0.027085705824955075,
    0.009589050873822334,
    0.013365099965417704,
    0.01769842856671417,
    0.009329627653789066,
    0.036127085456484936,
    0.02251217053844262,
    0.01396081254475336,
    0.19749793658458728,
    0.08209303673941687,
    0.12358153540992274,
    0.0319186643315008,
    0.021128580031598513,
    0.02364594609266209,
    0.1802607048534878,
    0.03457054613628533,
    0.0056880943059146516,
    0.00849370838923742,
    0.05277821287565741,
    0.020244619430003667,
    0.008599399330732454,
    0.021532127262761377,
    0.03605021931721583,
    0.04644636465336389,
    0.07925859785386818,
    0.4740719139422787,
    0.08240050129649334,
    0.02193567449392424,
    0.02123427097309355,
    0.47826111853244546,
    0.02019657809296047,
    0.00922393671229403,
    0.014220235764786631,
    0.007014035208306919,
    0.0075809229854166575,
    0.02841164672734734,
    0.008090161158074555,
    0.006917952534220523,
    0.05541087814562467,
    0.11689418129350955,
    0.3592531184090352,
    0.00498669078508396,
    0.01977381432698033,
    0.5050105349980982,
    0.005092381726578996,
    0.04317955373442643,
    0.04222833526097111,
    0.015161845970833311,
    0.034387989055521186,
    0.10432656752300894,
    0.0846968772071582,
    0.3274401450190294,
    0.03782774878781416,
    0.008368800912925104,
    0.1602947251783347,
    0.017275664800734027,
    0.005899476188904723,
    0.0018640038772760853,
    0.14056895218839757,
    0.7421810077129584,
    0.0422763765980143,
    0.2906885221809829,
    0.014566133391497656,
    0.014825556611530925,
    0.2296375910664868,
    0.011145590194021952,
    0.020110103686282715,
    0.05458456714848165,
    0.011145590194021952,
    0.07889348369233988,
    0.013672564522494171,
    0.3580136519133208,
    0.25726135986632565,
    0.08699325311782308,
    0.014441225915185341,
    0.15412621750198804,
    0.3076855472268664,
    0.14177959388188616,
    0.08613811731845414,
    0.013336275163191785,
    0.013903162940301523,
    0.44008747211792026,
    0.039855093211037126,
    0.0364537665483787,
    0.010357712266513504,
    0.021926066226515602,
    0.019370267095817465,
    0.00969474181531737,
    0.07400287558134232,
    0.014806340076713647,
    0.011779735842992167,
    0.020417568243359184,
    0.04979964997897912,
    0.1826627717056477,
    0.013499615709138659,
    0.0294205148052545,
    0.06552838372692217,
    0.22683197698316404,
    0.07441603107991382,
    0.013816688533623766,
    0.44720719826772226,
    0.005188464400665393,
    0.009050987898938517,
    0.08849214283357086,
    0.01823649154159799,
    0.010857342171762764,
    0.07457937162586069,
    0.02021579462777775,
    0.1613132015236505,
    0.007033251743124198,
    0.02466442243797789,
    0.0031034703729905955,
    0.03463780400814581,
    0.5067496313990619,
    0.21126658378116783,
    0.3610306478796335,
    0.05162522078662065,
    0.021570560332395936,
    0.019312617491365626,
    0.006812261592725487,
    0.009137462305616273,
    0.07382031850057816
  ],