{
  "hour": 12,
  "dispatch": 0,
  "load": 0.8726757463353124,
  "wind": 0.40196922478254365,
  "solar": 0.962742741772273,
  "gen": [
    47,
    1,
    2,
    3,
    4,
    5,
    6,
    7,
    8,
    9,
    10,
    11,
    12,
    13,
    14,
    15,
    16,
    17,
    18,
    19,
    20,
    21,
    22,
    23,
    24,
    25,
    26,
    27,
    28,
    29,
    30,
    31,
    32,
    33,
    34,
    35,
    36,
    37,
    38,
    39,
    40,
    41,
    42,
    43,
    44,
    45,
    46,
    48,
    49
  ],
  "pg": [
    1.2042798190197181,
    0.04507349814306285,
    0.04507349814416606,
    0.04507349814306292,
    0.04507349814416604,
    0.0902464981392414,
    0.34770337943690033,
    0.04676499818361843,
    0.03368502103677716,
    0.03368502103677716,
    0.03368502103677716,
    0.03368502103677716,
    0.03368502103677716,
    0.03368502103677716,
    0.0,
    0.02387999797744068,
    0.17909999797163065,
    0.17909999796959122,
    0.03183999801907863,
    0.049749998021173594,
    0.06268499802050614,
    0.179099998172567,
    0.2717311959529995,
    0.6222483599633776,
    0.005627569146955611,
    0.5366289150846958,
    0.375662217839541,
    0.375662217839541,
    0.375662217839541,
    1.289305079781428,
    1.289305079781428,
    0.37141956369907037,
    0.01559643241671082,
    0.22306749326863565,
    0.22306749326863565,
    0.22306749326863565,
    0.22306749326863565,
    1.379069997895052,
    0.11939999800361882,
    0.2586999979941621,
    0.09352999800280737,
    0.09352999800503561,
    0.0935299980023741,
    0.09352999800285469,
    0.0935299980027837,
    0.17412499815921456,
    0.0,
    0.6716249979227041,
    0.6716249979227045
  ],
  "qg": [
    -0.46669924153349673,
    0.005735298252764441,
    0.006706347110853452,
    0.005878931173846179,
    0.0066627209033357756,
    0.010221012885127737,
    -0.11264407303653674,
    -0.005699471862891426,
    -0.0340994348881498,
    -0.034099465425183544,
    -0.0340994330416331,
    -0.03409947652425546,
    -0.03409947633206521,
    -0.03409943157540575,
    0.0017716497273930804,
    0.0019222112240373426,
    0.012970770202313252,
    0.01402070178814963,
    -0.003599503144093874,
    -0.005499550083341515,
    -0.006999550350106325,
    -0.02199972324168913,
    -0.07937849683231823,
    -0.16350682975812986,
    0.0006922913043890274,
    0.04771365672898131,
    0.05030962476086259,
    0.1220330011823359,
    0.17221342640137557,
    0.1701992164528711,
    0.1614966128234163,
    -0.0282623258427588,
    -0.006591766198147327,
    -0.09418611029300988,
    -0.08170146006677954,
    -0.09418671073118207,
    -0.09418675730239104,
    0.16358534906099095,
    -0.013299813255829044,
    -0.028899806730372905,
    -0.010399809838648055,
    -0.01039981327191025,
    -0.010399808696475988,
    -0.010399809828971658,
    -0.010399809843859142,
    -2.0017596443618434e-05,
    -0.01840481208489388,
    -0.0174830007488963,
    0.03377026924691801
  ],
  "pd": [
    0.06444710386686282,
    0.014791853900383546,
    0.06935154156126727,
    0.2071470419076131,
    0.37247546205083804,
    0.0026442075113959967,
    0.022026335837503283,
    0.3905922105447591,
    0.0062309048288341305,
    0.006710876489318552,
    0.009878689448515736,
    0.04019544487620449,
    0.012313454780791258,
    0.02091803763965744,
    0.011807302847916777,
    0.020359525162002838,
    0.5156291914796827,
    0.004476826578700153,
    0.05619159130653077,
    0.18118493845413755,
    0.03117197765909736,
    0.26011845971016656,
    0.008944926399936952,
    0.05568543937365629,
    0.01784621901255714,
    0.33454024735764204,
    0.009311450213397784,
    0.08332308026009562,
    0.018204016068554617,
    0.008290419590185468,
    0.027916897125266644,
    0.055310188802732106,
    0.013474113523417224,
    0.01590015209822939,
    0.003892133828655494,
    0.019347221296253877,
    0.006579975127368256,
    0.004834623634697631,
    0.024600729289192456,
    0.008709303948426417,
    0.012138919631524196,
    0.016074687247496455,
    0.008473681496915884,
    0.03281260806220774,
    0.02044679273663637,
    0.012679978594252088,
    0.17937849965922348,
    0.0745614157668891,
    0.1122435544936479,
    0.02899028829325908,
    0.01919013966191352,
    0.02147655011731204,
    0.16372269676996795,
    0.03139887335314454,
    0.005166240418305049,
    0.007714453597604162,
    0.047936078746198714,
    0.01838727797528503,
    0.007810447929701046,
    0.01955666347537435,
    0.03274279400250092,
    0.04218514557784899,
    0.07198702231519993,
    0.43057821324184326,
    0.0748406720057164,
    0.019923187288835183,
    0.019286133994010406,
    0.4343830794958651,
    0.01834364418796827,
    0.008377687164818999,
    0.012915601045762625,
    0.006370532948247781,
    0.006885411638585616,
    0.025805021819135188,
    0.007347929784143331,
    0.0062832653736142495,
    0.05032721029115748,
    0.10616973129915411,
    0.32629346155477335,
    0.004529187123480272,
    0.017959666859580732,
    0.4586783722738403,
    0.004625181455577156,
    0.03921804804030894,
    0.03835409905143698,
    0.013770823277171228,
    0.031233064961340835,
    0.09475513253708821,
    0.07692636703945778,
    0.2973991675936111,
    0.03435724413322125,
    0.007601005750580572,
    0.14558849476112018,
    0.015690709919108918,
    0.005358229082498818,
    0.0016929909478905062,
    0.1276724616888562,
    0.6740896534992488,
    0.038397732838753744,
    0.2640193202962854,
    0.013229764314443336,
    0.01346538676595387,
    0.20856950337413965,
    0.010123038657489623,
    0.018265103370798088,
    0.049576709149309096,
    0.010123038657489623,
    0.07165540553159251,
    0.012418175870351496,
    0.32516770984200083,
    0.23365893108127989,
    0.07901206207319919,
    0.013116316467419746,
    0.13998591646964748,
    0.2794569542489571,
    0.1287720331292387,
    0.07823538065896075,
    0.012112739359134136,
    0.01262761804947197,
    0.39971167209396313,
    0.03619858995798876,
    0.033109317815961756,
    0.009407444545494668,
    0.01991446053137183,
    0.017593143046119898,
    0.008805298280523302,
    0.06721348598274576,
    0.013447933251027165,
    0.010699004650070931,
    0.01854435960962539,
    0.04523078393255924,
    0.16590438613580624,
    0.01226109423601114,
    0.02672133135278727,
    0.059516485900068306,
    0.20602129019484056,
    0.06758873655366995,
    0.012549077232301793,
    0.4061781993743078,
    0.004712449030210687,
    0.008220605530478643,
    0.08037343623748229,
    0.01656338566544423,
    0.00986123593358903,
    0.06773709143054694,
    0.018361097702894975,
    0.1465135310522356,
    0.006387986463174487,
    0.02240158640842747,
    0.002818742660663059,
    0.03145996065538801,
    0.46025791537470717,
    0.19188394310420848,
    0.3279079116854936,
    0.04688886785059634,
    0.019591570505227765,
    0.01754078250133978,
    0.006187271041517365,
    0.00829914634764882,
    0.06704767759094205
  ],