{
  "hour": 13,
  "dispatch": 3,
  "load": 0.9527294990101968,
  "wind": 0.33719840940210993,
  "solar": 0.8619540704362599,
  "gen": [
    47,
    1,
    2,
    3,
    4,
    5,
    6,
    7,
    8,
    9,
    10,
    11,
    12,
    13,
    14,
    15,
    16,
    17,
    18,
    19,
    20,
    21,
    22,
    23,
    24,
    25,
    26,
    27,
    28,
    29,
    30,
    31,
    32,
    33,
    34,
    35,
    36,
    37,
    38,
    39,
    40,
    41,
    42,
    43,
    44,
    45,
    46,
    48,
    49
  ],
  "pg": [
    3.2653100421280756,
    0.04507349605348934,
    0.045073496055824204,
    0.04507349605348978,
    0.045073496055824086,
    0.09024649604542452,
    0.2916766241328251,
    0.046764996133864374,
    0.028257226707896817,
    0.028257226707896817,
    0.028257226707896817,
    0.028257226707896817,
    0.028257226707896817,
    0.028257226707896817,
    0.0,
    0.02387999574644932,
    0.17909999573461158,
    0.17909999573036572,
    0.03183999575853173,
    0.04974999576369314,
    0.06268499576231142,
    0.17909999610465216,
    0.2279461247558263,
    0.5219831377544661,
    0.004720777731629539,
    0.4501598765518168,
    0.3363344782842287,
    0.3363344782842287,
    0.3363344782842287,
    1.1543288911282392,
    1.1543288911282392,
    0.3115713302875496,
    0.01396365594106741,
    0.1997147581200814,
    0.1997147581200814,
    0.1997147581200814,
    0.1997147581200814,
    1.3790699955508543,
    0.11939999573765629,
    0.2586999957176682,
    0.0935299957359169,
    0.09352999574065186,
    0.09352999573499869,
    0.09352999573601807,
    0.09352999573586632,
    0.17412499609932655,
    0.0,
    0.671624995579643,
    0.671624995579645
  ],
  "qg": [
    -0.4666949205451905,
    0.006853974567903643,
    0.008103106917635968,
    0.006998290902925534,
    0.0080591464200005,
    0.011658254264312879,
    -0.11778755153974972,
    -0.005698342578396893,
    -0.03409812393815039,
    -0.03409830641751029,
    -0.034098117606100944,
    -0.03409836483683177,
    -0.03409836434050287,
    -0.03409811309819196,
    0.002312082192994592,
    0.0021805965773854974,
    0.015403102716735402,
    0.015967475639341682,
    -0.0035977495793358904,
    -0.005498293229163735,
    -0.006998303028667208,
    -0.021999307820811862,
    -0.03172364961644345,
    -0.0631462573972877,
    0.002328221835771929,
    0.12459998500285983,
    0.054917567936774755,
    0.14214919971249146,
    0.20345228519088782,
    0.19959528687431735,
    0.1925566901839154,
    -0.00783037516951054,
    -0.0064038428389619996,
    -0.09281611936114724,
    -0.04614589606431075,
    -0.09294001964993648,
    -0.09294933667627765,
    0.18825202461931773,
    -0.013299601641357562,
    -0.028899587848644798,
    -0.01039959425718034,
    -0.010399601616998906,
    -0.010399591806534946,
    -0.010399594233630925,
    -0.010399594269805596,
    0.007741893905676803,
    2.857263638312126e-06,
    -0.0019504676582520284,
    0.04887968513047116
  ],
  "pd": [
    0.07035907350190303,
    0.016148765008222835,
    0.07571341328634033,
    0.2261494011800504,
    0.40664400476753215,
    0.0028867703820008965,
    0.024046892555017366,
    0.42642266916698385,
    0.006802488622932805,
    0.007326489847388413,
    0.010784897928795428,
    0.04388272072440966,
    0.013443013231033876,
    0.02283692609127442,
    0.012890430121607963,
    0.02222717921190789,
    0.5629297517851648,
    0.004887502329922309,
    0.061346252441266576,
    0.19780569858449706,
    0.03403149770464423,
    0.28398008176996936,
    0.009765477364854518,
    0.06079366933184066,
    0.019483318254758523,
    0.36522885344555894,
    0.0101656237544388,
    0.09096661256549358,
    0.019873937349352704,
    0.00905093024059687,
    0.030477816673336194,
    0.06038399564726628,
    0.014710143464717438,
    0.017358731471965785,
    0.004249173565585478,
    0.02112201299305606,
    0.007183580422536883,
    0.005278121424516491,
    0.026857444577097447,
    0.009508240400121763,
    0.013252467331231838,
    0.017549277371767823,
    0.00925100343538901,
    0.035822629162783386,
    0.02232245216180891,
    0.013843159620618158,
    0.19583354852154597,
    0.08140120839543122,
    0.12254006816269152,
    0.031649673957118735,
    0.020950521683234226,
    0.02344667297064094,
    0.178741581309303,
    0.034279207374386875,
    0.0056401586341403645,
    0.00842212877125014,
    0.05233343138063012,
    0.020074010544144844,
    0.008526929016141261,
    0.021350668072818508,
    0.03574641080286258,
    0.0460549439821529,
    0.07859065637335114,
    0.4700767348116312,
    0.08170608183511448,
    0.021750814462402793,
    0.02105532192812535,
    0.47423063542731553,
    0.020026374069194337,
    0.009146203190497889,
    0.014100396585350913,
    0.006954925342774436,
    0.007517035747190454,
    0.028172211285731517,
    0.008021982381665857,
    0.006859652392873417,
    0.05494391020791806,
    0.11590907084958055,
    0.3562255596799126,
    0.004944666099862921,
    0.01960717308962985,
    0.5007546246797595,
    0.005049466344754043,
    0.04281566368551824,
    0.041872461481498154,
    0.015034071494380904,
    0.03409818876957495,
    0.10344736900252716,
    0.08398310533774883,
    0.32468068596768496,
    0.03750896037603145,
    0.008298273936378815,
    0.15894386231987112,
    0.017130076392203337,
    0.005849759123922608,
    0.0018482952280797819,
    0.1393843257051918,
    0.7359263742154364,
    0.04192009795644865,
    0.2882387826305449,
    0.014443379204994583,
    0.014700616169727336,
    0.22770235026343702,
    0.011051662188518281,
    0.01994062841428342,
    0.05412456283876928,
    0.011051662188518281,
    0.07822861916372725,
    0.0135573407709151,
    0.3549965386261895,
    0.2550933233599802,
    0.08626012884038323,
    0.014319524370123257,
    0.15282733893622566,
    0.3050925674680353,
    0.14058476487394464,
    0.08541219958626413,
    0.01322388544626153,
    0.013785995850677548,
    0.4363786924316404,
    0.03951921961894297,
    0.03614655719244687,
    0.010270423999329922,
    0.02174128716741269,
    0.01920702670004557,
    0.009613040645012885,
    0.07337922601376536,
    0.014681561579747131,
    0.011680463657865013,
    0.02024550185396668,
    0.049379969933698496,
    0.1811234050568285,
    0.013385849461093264,
    0.029172577259692228,
    0.06497615183249542,
    0.22492038012632726,
    0.07378889969833974,
    0.01370025019576663,
    0.443438418019306,
    0.005144739294655063,
    0.008974711880676053,
    0.08774638685883913,
    0.018082805891213534,
    0.010765843338815223,
    0.07395086371317147,
    0.02004542865917454,
    0.15995375558882194,
    0.006973979932754641,
    0.024456566239591748,
    0.0030773162818029352,
    0.03434589843931759,
    0.5024790650729679,
    0.20948616224236205,
    0.3579881092530814,
    0.05119015598181787,
    0.021388777252778917,
    0.019149862930104955,
    0.006754852147982295,
    0.00906045753558697,
    0.07319820740895341
  ],