{
  "hour": 14,
  "dispatch": 0,
  "load": 0.9719184731694481,
  "wind": 0.27831599823268616,
  "solar": 0.8376072690998967,
  "gen": [
    47,
    1,
    2,
    3,
    4,
    5,
    6,
    7,
    8,
    9,
    10,
    11,
    12,
    13,
    14,
    15,
    16,
    17,
    18,
    19,
    20,
    21,
    22,
    23,
    24,
    25,
    26,
    27,
    28,
    29,
    30,
    31,
    32,
    33,
    34,
    35,
    36,
    37,
    38,
    39,
    40,
    41,
    42,
    43,
    44,
    45,
    46,
    48,
    49
  ],
  "pg": [
    4.021556562516685,
    0.045073498687766486,
    0.045073498688542636,
    0.045073498687766514,
    0.04507349868854263,
    0.09024649868508589,
    0.24074333847127352,
    0.04676499871258343,
    0.023322880651899105,
    0.023322880651899105,
    0.023322880651899105,
    0.023322880651899105,
    0.023322880651899105,
    0.023322880651899105,
    0.0,
    0.023879998588153907,
    0.17909999858426018,
    0.17909999858285597,
    0.03183999858448232,
    0.04974999858629014,
    0.06268499858583335,
    0.17909999870207344,
    0.18814161480529581,
    0.43083316526419824,
    0.0038964239752576064,
    0.37155185764063603,
    0.3268343564027797,
    0.3268343564027797,
    0.3268343564027797,
    1.1217236547785816,
    1.1217236547785816,
    0.257163982367002,
    0.013569237759418326,
    0.1940736042504461,
    0.1940736042504461,
    0.1940736042504461,
    0.1940736042504461,
    1.379069998520613,
    0.11939999857900686,
    0.2586999985724157,
    0.09352999857844418,
    0.0935299985800068,
    0.0935299985781468,
    0.09352999857847896,
    0.0935299985784268,
    0.17412499870188453,
    0.0,
    0.6716249985283759,
    0.671624998528376
  ],
  "qg": [
    -0.46627331878292844,
    0.007104391035296027,
    0.00841560855039856,
    0.007249401726930378,
    0.008371387116563822,
    0.011985176447874194,
    -0.12604931325350135,
    -0.005699459159960413,
    -0.03409939397461481,
    -0.03409944770486909,
    -0.03409939203537187,
    -0.034099465285807484,
    -0.03409946509473217,
    -0.03409939051688751,
    0.002438046346430768,
    0.002242226344707625,
    0.015976752661876596,
    0.016423012863640066,
    -0.0035986398930077297,
    -0.005499150541858223,
    -0.006999157445984785,
    -0.02199976562952647,
    -0.00939150769443759,
    -0.01662517471005256,
    0.002931326687555991,
    0.15404938923425482,
    0.056226899333126815,
    0.1475390302676295,
    0.21175634340164212,
    0.2102538761822523,
    0.20358696018105815,
    -0.00154196179459434,
    -0.006441291984768529,
    -0.08890674160317599,
    -0.03710238441540699,
    -0.08971787492395969,
    -0.08977700976924899,
    0.19434078184669015,
    -0.01329987109966571,
    -0.028899866857183223,
    -0.010399868859581347,
    -0.010399871119421639,
    -0.01039986811674103,
    -0.010399868855231949,
    -0.010399868862010856,
    0.009607227806421075,
    0.0044461424376162195,
    0.002890047508590732,
    0.053606746174096956
  ],
  "pd": [
    0.07177617924356375,
    0.016474018120222145,
    0.07723836106277604,
    0.2307042879762319,
    0.4148342427181838,
    0.002944912973703428,
    0.02453122226279687,
    0.4350112702211816,
    0.006939497898429859,
    0.007474053058673056,
    0.011002117116278153,
    0.044766564874184775,
    0.013713769656420913,
    0.023296885801871673,
    0.013150056941982633,
    0.022674857979043225,
    0.5742677490569,
    0.004985941767359269,
    0.06258183048738077,
    0.20178971339944082,
    0.034716927861612686,
    0.2896997392976174,
    0.009962164349986844,
    0.06201811777294249,
    0.019875732776315214,
    0.372584946689508,
    0.010370370108718012,
    0.09279877581821891,
    0.020274219350314687,
    0.009233225495109756,
    0.031091671956690645,
    0.06160019282947963,
    0.01500642122573628,
    0.017708354581147345,
    0.004334756390335739,
    0.021547432550166664,
    0.007328265287697639,
    0.0053844283413587435,
    0.027398381758646742,
    0.009699746362231091,
    0.013519385961787023,
    0.017902738275781233,
    0.009437328374475341,
    0.036544134591171236,
    0.02277204982636017,
    0.014121975415152081,
    0.19977784215998007,
    0.08304071434759765,
    0.12500815401905443,
    0.03228713167868907,
    0.021372487224996163,
    0.023918913624700118,
    0.18234162475132015,
    0.034969626664636745,
    0.005753757361163133,
    0.008591759302817923,
    0.05338748173119779,
    0.02047832222968027,
    0.00869867033486656,
    0.021780692983727333,
    0.036466381113317695,
    0.04698253899301111,
    0.08017355485174778,
    0.47954457466180583,
    0.08335172825901187,
    0.0221888987424585,
    0.021479398257044806,
    0.4837821392048245,
    0.0204297263060218,
    0.0093304173424267,
    0.014384393402907833,
    0.0070950048541369715,
    0.007668436753306947,
    0.02873962925162058,
    0.008183553544086754,
    0.006997813006820027,
    0.05605053834768209,
    0.11824360144579506,
    0.36340031711805665,
    0.005044256875749436,
    0.020002082177827243,
    0.5108403494978621,
    0.005151167907798075,
    0.043678016184235,
    0.042715816895797246,
    0.01533687350661389,
    0.034784962154734554,
    0.10553090781673867,
    0.08567461340988684,
    0.3312200964714162,
    0.03826443028868118,
    0.008465409901305895,
    0.16214515887885902,
    0.017475094147586676,
    0.005967579425260411,
    0.0018855218379487295,
    0.14219167262469026,
    0.7507487054150085,
    0.04276441281945571,
    0.29404421487268484,
    0.014734284053248833,
    0.014996702041004584,
    0.2322885150874981,
    0.011274254288765597,
    0.02034225364343655,
    0.05521468846075635,
    0.011274254288765597,
    0.07980422583194338,
    0.013830399873201246,
    0.3621465422876682,
    0.2602311711911197,
    0.08799749856076185,
    0.014607934651736805,
    0.15590544228111117,
    0.31123745266305236,
    0.14341628990088376,
    0.08713249111964101,
    0.01349022840759194,
    0.014063660306761915,
    0.4451678182658023,
    0.040315178267068714,
    0.036874586872048865,
    0.01047728114076665,
    0.022179179557726806,
    0.019593876419096073,
    0.009806657394279732,
    0.0748571608035109,
    0.014977263671541195,
    0.011915720481057435,
    0.020653267554850776,
    0.0503745344643725,
    0.18477142093424379,
    0.013655454548030747,
    0.029760143648448503,
    0.06628483987015636,
    0.22945051314584333,
    0.07527508574697377,
    0.013976187644176664,
    0.45236973415198795,
    0.00524835975511502,
    0.009155472017256201,
    0.08951369137890619,
    0.018447012620756126,
    0.010982678746814764,
    0.07544031188741256,
    0.020449164675485187,
    0.16317539246041865,
    0.00711444322360036,
    0.024949147206259733,
    0.003139296668337317,
    0.03503766095775861,
    0.5125995219342987,
    0.21370543388049826,
    0.3651983662934201,
    0.05222117956339445,
    0.02181956972265411,
    0.01953556131070591,
    0.006890901974771387,
    0.009242944679841452,
    0.0746724962936087
  ],