{
  "hour": 14,
  "dispatch": 2,
  "load": 0.968128164038846,
  "wind": 0.3449562686416167,
  "solar": 0.7855445813820198,
  "gen": [
    47,
    1,
    2,
    3,
    4,
    5,
    6,
    7,
    8,
    9,
    10,
    11,
    12,
    13,
    14,
    15,
    16,
    17,
    18,
    19,
    20,
    21,
    22,
    23,
    24,
    25,
    26,
    27,
    28,
    29,
    30,
    31,
    32,
    33,
    34,
    35,
    36,
    37,
    38,
    39,
    40,
    41,
    42,
    43,
    44,
    45,
    46,
    48,
    49
  ],
  "pg": [
    3.823034197713746,
    0.045073495820598844,
    0.045073495823069736,
    0.045073495820599295,
    0.04507349582306961,
    0.09024649581206795,
    0.29838717237499846,
    0.046764995907658376,
    0.028907335312167482,
    0.028907335312167482,
    0.028907335312167482,
    0.028907335312167482,
    0.028907335312167482,
    0.028907335312167482,
    0.0,
    0.023879995523292986,
    0.1790999955109843,
    0.17909999550652553,
    0.03183999550419303,
    0.049749995509890094,
    0.06268499550843935,
    0.1790999958754532,
    0.23319043760173291,
    0.5339923038572227,
    0.004829387760982634,
    0.4605166186365583,
    0.3065194956552641,
    0.3065194956552641,
    0.3065194956552641,
    1.0520013033868008,
    1.0520013033868008,
    0.3187395922248539,
    0.01272582221838872,
    0.18201067950621397,
    0.18201067950621397,
    0.18201067950621397,
    0.18201067950621397,
    1.3790699953049654,
    0.11939999548392607,
    0.2586999954630224,
    0.09352999548215755,
    0.09352999548710962,
    0.09352999548122146,
    0.09352999548226938,
    0.09352999548210165,
    0.17412499588088146,
    0.0,
    0.6716249953219635,
    0.6716249953219662
  ],
  "qg": [
    -0.4666820623031567,
    0.007048786291281248,
    0.008346276286025422,
    0.007193271436331567,
    0.008302238795318847,
    0.011909073717079766,
    -0.12122858687443992,
    -0.005698130098215526,
    -0.034097824516888364,
    -0.034098064664097094,
    -0.034097816657603364,
    -0.03409813970770756,
    -0.034098139221693004,
    -0.03409781142678936,
    0.002423132466075027,
    0.0022353567738892972,
    0.015910326329443867,
    0.01637752079584281,
    -0.0035959966549784527,
    -0.005497595701312093,
    -0.006997636725766432,
    -0.021999253131533815,
    -0.013157320663983021,
    -0.02278291797107073,
    0.002817740829046442,
    0.15433186386996836,
    0.054711762994670475,
    0.14567373647695064,
    0.20972544388217965,
    0.20411454345587932,
    0.19822237219900496,
    -0.00022302222991751444,
    -0.006256831917460671,
    -0.08989944816546372,
    -0.040355040358084925,
    -0.09026185960021134,
    -0.0902893201843761,
    0.19233977605413563,
    -0.013299594818273636,
    -0.02889958175346444,
    -0.010399587724707633,
    -0.010399594814602007,
    -0.010399585397409247,
    -0.010399587709005958,
    -0.01039958773342197,
    0.009356188343238548,
    0.003821103615118604,
    0.002611350105931002,
    0.05334491899980495
  ],
  "pd": [
    0.07149626491426878,
    0.016409772380458442,
    0.0769371451961671,
    0.22980458229790088,
    0.41321646297506026,
    0.002933428337037704,
    0.024435554860340474,
    0.4333148036605067,
    0.00691243509123736,
    0.007444905581458726,
    0.010959210816919737,
    0.04459198323562925,
    0.013660288394588117,
    0.023206032092011143,
    0.013098774059445588,
    0.022586430067026278,
    0.5720282070039925,
    0.0049664974815192805,
    0.0623377724824613,
    0.20100276941774523,
    0.03458153801946758,
    0.28856996185505884,
    0.009923313681398172,
    0.06177625814731877,
    0.019798220954594402,
    0.37113193168429165,
    0.010329927510294488,
    0.09243687710242901,
    0.02019515350185033,
    0.009197217558369037,
    0.030970419967602685,
    0.06135996303678207,
    0.014947898852759784,
    0.017639295148787777,
    0.004317851611613254,
    0.021463401396741216,
    0.007299686356852899,
    0.005363430028775208,
    0.02729153294425507,
    0.009661919077107683,
    0.01346666276178035,
    0.017832920781595544,
    0.009400524472817195,
    0.0364016189678606,
    0.02268324288343016,
    0.014066902223484433,
    0.19899874411818483,
    0.082716870335479,
    0.12452064445867639,
    0.03216121760937046,
    0.021289138327214224,
    0.023825634116996,
    0.1816305248553279,
    0.03483325134211768,
    0.005731318731109969,
    0.0085582529701034,
    0.05317928005065382,
    0.020398460416298485,
    0.008664747068147672,
    0.02169575215611054,
    0.0363241687147375,
    0.04679931544963781,
    0.07986089225156442,
    0.47767443613676674,
    0.08302667134797144,
    0.022102365985006856,
    0.0213956324252585,
    0.481895474931976,
    0.020350054008096544,
    0.009294030374772921,
    0.014328296827774922,
    0.007067335597483577,
    0.0076385312142664965,
    0.028627549810628677,
    0.008151639141207085,
    0.006970522781079691,
    0.05583195122012027,
    0.11778247243696602,
    0.36198312053412457,
    0.005024585171361611,
    0.019924077615919453,
    0.5088481630188175,
    0.005131079269405884,
    0.04350767969190574,
    0.04254923280950729,
    0.01527706242853299,
    0.034649306990950306,
    0.1051193560513379,
    0.08534049766002427,
    0.3299283970227983,
    0.038115205818209374,
    0.00843239630877835,
    0.1615128216066007,
    0.017406944389418453,
    0.005944306927198514,
    0.0018781686382353614,
    0.1416371503988832,
    0.7478209190301662,
    0.042597639217709225,
    0.29289749474831245,
    0.014676822966828906,
    0.014938217571119393,
    0.23138263120528418,
    0.011230286702850614,
    0.02026292247333305,
    0.05499936099904684,
    0.011230286702850614,
    0.07949300354922965,
    0.013776463774272779,
    0.3607342352025145,
    0.25921631592140104,
    0.08765432397207713,
    0.014550966305503857,
    0.1552974387934713,
    0.31002368197015967,
    0.14285699188557213,
    0.08679268990608255,
    0.013437618916859182,
    0.014008814533642102,
    0.44343174297471266,
    0.040157956244331335,
    0.03673078254363382,
    0.01043642160833876,
    0.022092684703366467,
    0.019517463787023136,
    0.009768413175151957,
    0.07456523119427193,
    0.014918855007838617,
    0.011869251291116253,
    0.02057272348582548,
    0.050178082742133395,
    0.18405084526542503,
    0.013602200704745788,
    0.029644084382869466,
    0.0660263407874493,
    0.2285556969662908,
    0.07498152630480863,
    0.013921682998878606,
    0.45060557267024054,
    0.005227892085809769,
    0.00911976730524593,
    0.08916460390797773,
    0.0183750725534573,
    0.010939848253638959,
    0.07514610809269523,
    0.020369416571377322,
    0.16253903746048187,
    0.007086698160764353,
    0.024851849970877176,
    0.0031270539698454725,
    0.0349010203136004,
    0.5106004749957278,
    0.21287202070886146,
    0.36377415763759635,
    0.0520175262538072,
    0.021734477282672096,
    0.019459376097180806,
    0.0068640286830354185,
    0.009206898840009425,
    0.07438128684310454
  ],