{
  "hour": 17,
  "dispatch": 0,
  "load": 0.8728631200908815,
  "wind": 0.34245988399650373,
  "solar": 0.3023623453542814,
  "gen": [
    47,
    1,
    2,
    3,
    4,
    5,
    6,
    7,
    8,
    9,
    10,
    11,
    12,
    13,
    14,
    15,
    16,
    17,
    18,
    19,
    20,
    21,
    22,
    23,
    24,
    25,
    26,
    27,
    28,
    29,
    30,
    31,
    32,
    33,
    34,
    35,
    36,
    37,
    38,
    39,
    40,
    41,
    42,
    43,
    44,
    45,
    46,
    48,
    49
  ],
  "pg": [
    4.780171346929943,
    0.045073498241484315,
    0.04507349824253433,
    0.045073498241484336,
    0.04507349824253432,
    0.09024649823786363,
    0.2962277996569757,
    0.04676499828175755,
    0.028698138278907014,
    0.028698138278907014,
    0.028698138278907014,
    0.028698138278907014,
    0.028698138278907014,
    0.028698138278907014,
    0.0,
    0.023879998166203575,
    0.17909999816136865,
    0.17909999815952735,
    0.03183999811064754,
    0.04974999811293332,
    0.06268499811231877,
    0.1790999982675464,
    0.2315028815816365,
    0.5301279004265878,
    0.004794438375951052,
    0.4571839451353325,
    0.1179817871572406,
    0.1179817871572406,
    0.1179817871572406,
    0.40492365289845367,
    0.40492365289845367,
    0.31643293281276946,
    0.004898269994739359,
    0.070057355418587,
    0.070057355418587,
    0.070057355418587,
    0.070057355418587,
    1.3790699980451115,
    0.1193999980984933,
    0.2586999980905098,
    0.0935299980980233,
    0.09352999809989343,
    0.09352999809775611,
    0.09352999809808699,
    0.09352999809799145,
    0.17412499828349887,
    0.0,
    0.6716249980406,
    0.6716249980406002
  ],
  "qg": [
    -0.46668386503740905,
    0.005474973151912195,
    0.006376166447258761,
    0.005620012669682842,
    0.006332140894661423,
    0.009917857233893674,
    -0.16208872767616112,
    -0.005699622899455745,
    -0.03409960506118888,
    -0.03409961966666715,
    -0.034099603659195885,
    -0.03409962546291238,
    -0.034099625317674145,
    -0.03409960253597298,
    0.0019055157515720906,
    0.0020066895333894492,
    0.01366740755819763,
    0.014644236167663017,
    -0.003599084207483125,
    -0.005499253785890259,
    -0.006999255235814168,
    -0.021999769233506425,
    0.003887536218481104,
    0.014048870691424948,
    0.0031949593693252542,
    0.1778619337611098,
    0.04104556496868538,
    0.1215092835667251,
    0.17865153254071775,
    0.17159573598735492,
    0.17058409027594326,
    -0.00967533762736983,
    -0.006564847764531322,
    -0.09402850025284787,
    -0.059746287706277004,
    -0.09403140205574187,
    -0.0940316419556595,
    0.17032697963211235,
    -0.013299872847889123,
    -0.02889987053343083,
    -0.010399871419578625,
    -0.010399872897746883,
    -0.01039987099490594,
    -0.010399871429949463,
    -0.010399871414648876,
    0.005633052869010063,
    -0.0051707780251653715,
    -0.002017484445289093,
    0.04914871283255622
  ],
  "pd": [
    0.0644609414187116,
    0.01479502988554044,
    0.06936643215362236,
    0.20719151881597253,
    0.37255543691719,
    0.002644775253875371,
    0.022031065151093848,
    0.3906760752902767,
    0.006232242677448894,
    0.006712317393498879,
    0.00988081051942878,
    0.040204075311386,
    0.012316098624482338,
    0.02092252898857843,
    0.011809838014829627,
    0.020363896591720266,
    0.5157399031368982,
    0.004477787806066222,
    0.056203656302651867,
    0.18122384099326883,
    0.03117867064964629,
    0.26017431020548903,
    0.008946846980931535,
    0.055697395692999155,
    0.017850050805858525,
    0.33461207708683943,
    0.009313449491369707,
    0.08334097070627736,
    0.01820792468509579,
    0.008292199640863375,
    0.0279228912117073,
    0.05532206455136007,
    0.01347700657420321,
    0.015903566048055862,
    0.003892969515605332,
    0.019351375372414843,
    0.006581387925485247,
    0.004835661685303484,
    0.02460601135536195,
    0.008711173938506997,
    0.012141526000464163,
    0.016078138672074038,
    0.008475500896082459,
    0.032819653315417134,
    0.020451182903729354,
    0.012682701134920508,
    0.1794170143346807,
    0.07457742498056492,
    0.11226765450608919,
    0.028996512849419082,
    0.019194260010798485,
    0.021481161385436594,
    0.16375784996025028,
    0.03140561506086992,
    0.005167349670938019,
    0.007716109981603393,
    0.047946371186592125,
    0.01839122594031487,
    0.007812124924813389,
    0.019560862521236653,
    0.03274982426580987,
    0.042194203225193204,
    0.07200247877629683,
    0.43067066345284105,
    0.074856741178994,
    0.019927465031674824,
    0.019290274954008483,
    0.43447634665643714,
    0.01834758278431033,
    0.008379485952872462,
    0.012918374177345046,
    0.006371900776663435,
    0.006886890017517056,
    0.025810562461087365,
    0.007349507471165223,
    0.006284614464654347,
    0.05033801613564115,
    0.10619252719025665,
    0.3263635206019806,
    0.0045301595932716755,
    0.017963523011470344,
    0.45877685591976736,
    0.004626174536481672,
    0.03922646861688422,
    0.038362334127994245,
    0.013773780035034109,
    0.03123977106805265,
    0.09477547757946791,
    0.0769428840360112,
    0.2974630226957715,
    0.03436462103797801,
    0.007602637775991579,
    0.14561975432476176,
    0.01569407889923405,
    0.005359379557358012,
    0.0016933544529763103,
    0.12769987446929598,
    0.6742343884830005,
    0.038405977283998784,
    0.2640760083522953,
    0.013232604900577764,
    0.013468277943002302,
    0.20861428570172066,
    0.010125212193054225,
    0.01826902510350215,
    0.04958735385236298,
    0.010125212193054225,
    0.07167079079066228,
    0.012420842198893244,
    0.32523752717706345,
    0.23370910040433351,
    0.07902902689302842,
    0.01311913269496595,
    0.1400159730937783,
    0.279516956946703,
    0.12879968200061048,
    0.07825217871614752,
    0.012115340106861435,
    0.012630329347715056,
    0.3997974948952265,
    0.03620636222136977,
    0.03311642677624805,
    0.009409464434579703,
    0.019918736400473917,
    0.017596920501032173,
    0.008807188881716995,
    0.0672279175093997,
    0.013450820680600484,
    0.010701301852314207,
    0.018548341301931233,
    0.04524049551431039,
    0.1659400077604775,
    0.012263726837276886,
    0.026727068737182794,
    0.059529264790198114,
    0.20606552539105533,
    0.06760324865103878,
    0.012551771666906877,
    0.4062654106150999,
    0.00471346084849076,
    0.008222370591256103,
    0.0803906933603702,
    0.01656694201932493,
    0.00986335325702696,
    0.06775163538145422,
    0.018365040046712147,
    0.1465449892320581,
    0.006389358039065253,
    0.022406396292732927,
    0.002819347877893547,
    0.03146671547927628,
    0.46035673816713185,
    0.191925142845583,
    0.32797831737414873,
    0.04689893544248307,
    0.01959577704604029,
    0.01754454871382672,
    0.00618859952144435,
    0.008300928272064283,
    0.06706207351658243
  ],