{
  "hour": 18,
  "dispatch": 3,
  "load": 0.8396708681794722,
  "wind": 0.4376851085838372,
  "solar": 0.05001718851338755,
  "gen": [
    47,
    1,
    2,
    3,
    4,
    5,
    6,
    7,
    8,
    9,
    10,
    11,
    12,
    13,
    14,
    15,
    16,
    17,
    18,
    19,
    20,
    21,
    22,
    23,
    24,
    25,
    26,
    27,
    28,
    29,
    30,
    31,
    32,
    33,
    34,
    35,
    36,
    37,
    38,
    39,
    40,
    41,
    42,
    43,
    44,
    45,
    46,
    48,
    49
  ],
  "pg": [
    4.967964631067626,
    0.045073494039319796,
    0.04507349404289855,
    0.04507349403932018,
    0.04507349404289847,
    0.09024649402698642,
    0.37859761892501914,
    0.04676499419658078,
    0.036678012099325565,
    0.036678012099325565,
    0.036678012099325565,
    0.036678012099325565,
    0.036678012099325565,
    0.036678012099325565,
    0.0,
    0.023879993889831218,
    0.17909999387401693,
    0.17909999386787961,
    0.031839993622693186,
    0.04974999363001073,
    0.06268499362791818,
    0.17909999415008981,
    0.2958751334026739,
    0.67753654808778,
    0.006127591520173721,
    0.5843096199594227,
    0.019516706957923822,
    0.019516706957923822,
    0.019516706957923822,
    0.06698301885712861,
    0.06698301885712861,
    0.4044210403314656,
    0.0008102784539168783,
    0.011588982578551893,
    0.011588982578551893,
    0.011588982578551893,
    0.011588982578551893,
    1.3790699934362367,
    0.11939999357140846,
    0.2586999935465687,
    0.09352999357055475,
    0.09352999357630667,
    0.0935299935699904,
    0.09352999357081465,
    0.09352999357042478,
    0.17412499423532335,
    0.0,
    0.6716249933879709,
    0.6716249933879737
  ],
  "qg": [
    -0.4666888963286763,
    0.004981350533620032,
    0.005757009967416231,
    0.005126444621210421,
    0.005713033633974618,
    0.009295122187062016,
    -0.18131740795473716,
    -0.005699026791781258,
    -0.034098995395453996,
    -0.03409902148043557,
    -0.03409899177987522,
    -0.03409903273428854,
    -0.03409903235741941,
    -0.03409898888792003,
    0.001804933380344616,
    0.001961518341479456,
    0.013210421684860037,
    0.014296073587165139,
    -0.0035977365385334455,
    -0.005498061302515478,
    -0.006998064332443879,
    -0.021999339393167994,
    0.01060612320980452,
    0.03216979231086572,
    0.0032798225983295,
    0.21147206435993676,
    0.0397170357185287,
    0.12052451264051448,
    0.1779932469716283,
    0.19969862568755242,
    0.1994667410656168,
    -0.0008395857380381118,
    -0.006518289947663862,
    -0.09396273533709548,
    -0.06735728595569182,
    -0.09396348528914937,
    -0.09396354984593736,
    0.1613917833797356,
    -0.013299642408263788,
    -0.02889963832121316,
    -0.010399639431718457,
    -0.010399642594010945,
    -0.010399638641500775,
    -0.010399639480468981,
    -0.010399639408061368,
    0.004889149566415088,
    -0.007023286114275726,
    -0.004347215793762076,
    0.04699175408351701
  ],
  "pd": [
    0.062009693615054026,
    0.014232421215642055,
    0.06672864389422266,
    0.19931267397976132,
    0.35838831995636233,
    0.002544202730583801,
    0.02119329271284988,
    0.37581988717976816,
    0.0059952499988014316,
    0.006457068976300141,
    0.009505074227791626,
    0.03867524018834649,
    0.011847755950012353,
    0.02012691071026195,
    0.01136074684646826,
    0.019589521354627087,
    0.4961279291725229,
    0.004307511553760693,
    0.05406640720207622,
    0.17433246565142202,
    0.02999304341137075,
    0.2502806956782553,
    0.00860662639883959,
    0.05357939809853213,
    0.017171269254270205,
    0.3218878273166007,
    0.008959288163474969,
    0.08017177449377601,
    0.01751553431022379,
    0.007976873247704986,
    0.026861071073061314,
    0.05321833962521495,
    0.012964518204691052,
    0.015298803218229984,
    0.0037449320720804465,
    0.0186155031475389,
    0.006331118346073221,
    0.004651776609714276,
    0.023670321773979323,
    0.008379915264431131,
    0.01167982177637646,
    0.015466737391865878,
    0.008153204130022676,
    0.031571624643548145,
    0.019673488441445033,
    0.012200417714647731,
    0.17259434695429052,
    0.07174147897725411,
    0.10799846706524373,
    0.027893866240922067,
    0.018464362391266594,
    0.020664300065896812,
    0.15753065157915078,
    0.03021135783709741,
    0.004970851539622475,
    0.007422690474706535,
    0.046123120789098415,
    0.017691865192541477,
    0.007515054270206276,
    0.018817024155901974,
    0.031504450974093795,
    0.04058968976779568,
    0.06926444991612467,
    0.4142936063597517,
    0.07201017365507154,
    0.01916968592053735,
    0.018556726186766338,
    0.41795457134501407,
    0.017649881649132507,
    0.008060840334522933,
    0.012427128849056189,
    0.006129597337710148,
    0.006625003149936037,
    0.024829067572066994,
    0.007070028710071156,
    0.0060456302508922,
    0.048423818967910176,
    0.10215435782271459,
    0.3139529376123047,
    0.004357891805851461,
    0.017280426467133538,
    0.44133100831513067,
    0.0044502556013512025,
    0.03773480881598548,
    0.03690353465648781,
    0.013250006299872072,
    0.030051820372143313,
    0.0911714628669271,
    0.07401698703002046,
    0.28615143516688235,
    0.03305784208022582,
    0.007313533261843204,
    0.14008229093838137,
    0.01509728220986691,
    0.005155579130621959,
    0.0016289614842681763,
    0.1228438480146568,
    0.6485953654165515,
    0.036945518199896776,
    0.2540340244590175,
    0.0127294103616008,
    0.012956121496009256,
    0.20068133749489386,
    0.009740182070881877,
    0.017574311270996356,
    0.04770170202127582,
    0.009740182070881877,
    0.06894537498621647,
    0.01194851645419389,
    0.31286976219235324,
    0.22482187495505368,
    0.07602380040496942,
    0.012620253148737468,
    0.13469160396466914,
    0.2688878021171124,
    0.12390183330856291,
    0.07527649333228968,
    0.011654631650331074,
    0.012150037462556964,
    0.38459444775224366,
    0.03482954761208451,
    0.031857112738729175,
    0.00905165195897471,
    0.019161289211855555,
    0.01692776470249816,
    0.008472279059930875,
    0.06467145026718296,
    0.012939328078645666,
    0.010294364843880329,
    0.017843005948813787,
    0.04352014109774205,
    0.15962982874959947,
    0.011797375697921586,
    0.02571072198365544,
    0.05726555320984,
    0.1982294985598098,
    0.06503250874050012,
    0.01207446708442081,
    0.39081640888545355,
    0.00453422268816915,
    0.007909699578250629,
    0.0773336869593294,
    0.015936953078046382,
    0.009488280810428035,
    0.06517525278809062,
    0.017666675066496097,
    0.1409723420586516,
    0.006146390755073737,
    0.02155435118616705,
    0.002712136904219695,
    0.030270134797869972,
    0.44285081258653547,
    0.18462683049530235,
    0.31550632871843665,
    0.04511551574728304,
    0.018850610990629152,
    0.01687738445040739,
    0.005953266455392458,
    0.00798526995638678,
    0.06451191280222884
  ],