{
  "hour": 18,
  "dispatch": 1,
  "load": 0.8089043407116004,
  "wind": 0.45446704934179427,
  "solar": 0.11865756322652327,
  "gen": [
    47,
    1,
    2,
    3,
    4,
    5,
    6,
    7,
    8,
    9,
    10,
    11,
    12,
    13,
    14,
    15,
    16,
    17,
    18,
    19,
    20,
    21,
    22,
    23,
    24,
    25,
    26,
    27,
    28,
    29,
    30,
    31,
    32,
    33,
    34,
    35,
    36,
    37,
    38,
    39,
    40,
    41,
    42,
    43,
    44,
    45,
    46,
    48,
    49
  ],
  "pg": [
    4.057734962531126,
    0.04507349874054072,
    0.04507349874129563,
    0.04507349874054073,
    0.04507349874129563,
    0.09024649873793415,
    0.393113997680652,
    0.04676499877406318,
    0.03808433873484236,
    0.03808433873484236,
    0.03808433873484236,
    0.03808433873484236,
    0.03808433873484236,
    0.03808433873484236,
    0.0,
    0.023879998700664408,
    0.17909999869725216,
    0.17909999869593574,
    0.031839998655986385,
    0.04974999865743139,
    0.06268499865698357,
    0.17909999876490992,
    0.3072197253550529,
    0.7035149923810977,
    0.00636253869078512,
    0.6067135108712953,
    0.04630018117098937,
    0.04630018117098937,
    0.04630018117098937,
    0.15890620867295996,
    0.15890620867295996,
    0.41992755359181794,
    0.0019222525242696769,
    0.02749295739958544,
    0.02749295739958544,
    0.02749295739958544,
    0.02749295739958544,
    1.3790699986082304,
    0.11939999864402467,
    0.2586999986384788,
    0.09352999864375106,
    0.09352999864504094,
    0.09352999864358741,
    0.09352999864380013,
    0.09352999864372653,
    0.17412499877901877,
    0.0,
    0.6716249986028493,
    0.6716249986028493
  ],
  "qg": [
    -0.46669917874188294,
    0.004722300967453164,
    0.0054355193752292415,
    0.0048670901391102885,
    0.005391641674986626,
    0.00895493732646888,
    -0.16306748165355014,
    -0.00569978399513971,
    -0.03409977638087717,
    -0.03409978259791536,
    -0.03409977558216884,
    -0.03409978523163957,
    -0.03409978514785711,
    -0.03409977494263113,
    0.0015644295449596145,
    0.0018526027339868085,
    0.01217597061623197,
    0.013484355498178861,
    -0.0035996420380545115,
    -0.005499677494500028,
    -0.006999677643371649,
    -0.021999856508776824,
    -0.028039772860595873,
    -0.05062831860408749,
    0.0026051420681174205,
    0.14531050034010917,
    0.03559440485494602,
    0.10756090257764915,
    0.15877189223465385,
    0.15671798534102396,
    0.15645469710501192,
    -0.018771658315463527,
    -0.006593651606346242,
    -0.09418699805351417,
    -0.09089490877445161,
    -0.09418700098222849,
    -0.09418700164334597,
    0.1509256392433925,
    -0.013299915934566996,
    -0.028899914646241292,
    -0.010399915098487821,
    -0.010399915974180393,
    -0.010399914859014243,
    -0.010399915107405112,
    -0.010399915094196598,
    0.00035467561516476005,
    -0.017799592714571967,
    -0.010573449099402023,
    0.04096328364279794
  ],
  "pd": [
    0.05973758556155169,
    0.013710928575061627,
    0.06428362795635088,
    0.19200962335471258,
    0.3452565507025253,
    0.0024509801523561496,
    0.020416745559560794,
    0.3620494048156981,
    0.005775576992680827,
    0.006220474380072207,
    0.009156797136855317,
    0.03725813393317631,
    0.011413640247440682,
    0.019389437046857062,
    0.010944475729827954,
    0.01887173826880164,
    0.4779492187528562,
    0.00414967926785051,
    0.052085350498419954,
    0.16794471921854248,
    0.02889406305021837,
    0.24111011683590675,
    0.008291269492293906,
    0.05161618598080723,
    0.016542093767552227,
    0.3100934790117921,
    0.008631009315392778,
    0.0772341864511436,
    0.016873744547243986,
    0.007684591236760204,
    0.025876849859364098,
    0.05126835711430124,
    0.012489483020587111,
    0.01473823708776536,
    0.003607713359573738,
    0.01793340923357618,
    0.0060991387289654675,
    0.004481330047542267,
    0.022803013364660018,
    0.008072865320301771,
    0.011251859379298363,
    0.01490001795590768,
    0.00785446114830964,
    0.030414803210756167,
    0.018952628702872797,
    0.011753380070539554,
    0.16627028723326948,
    0.06911278687039914,
    0.10404127630232606,
    0.026871802198439366,
    0.017787806452248093,
    0.01990713582491249,
    0.15175854336090336,
    0.029104378178803382,
    0.004788713697012674,
    0.007150714371890549,
    0.04443311543528822,
    0.01704361445879342,
    0.007239693849368824,
    0.018127546275346965,
    0.030350090863499248,
    0.039102435829998755,
    0.06672651906529993,
    0.39911340170710374,
    0.06937163625942686,
    0.018467286098445838,
    0.01787678592972637,
    0.40264022463260624,
    0.01700316924175784,
    0.007765481670831364,
    0.011971784242531687,
    0.005905001687194683,
    0.006382255248214529,
    0.023919301354842024,
    0.006810974548791676,
    0.005824111253123523,
    0.04664951332883801,
    0.09841130209097332,
    0.3024493329920674,
    0.004198213528293206,
    0.016647251331844738,
    0.42516012147801724,
    0.004287193005771482,
    0.03635216107157933,
    0.035551345774274844,
    0.012764510496429054,
    0.02895068635406818,
    0.08783083331446558,
    0.07130491763372758,
    0.2756665102711063,
    0.03184656389381571,
    0.00704555680759804,
    0.1349495111609163,
    0.014544100045994575,
    0.004966672651969226,
    0.0015692744209805049,
    0.11834270504610715,
    0.6248300689392686,
    0.03559179099131042,
    0.2447259192388876,
    0.012262989805187863,
    0.012481393977179994,
    0.1933281374300725,
    0.009383290352254565,
    0.016930367851093798,
    0.04595385559582602,
    0.009383290352254565,
    0.06641913541582951,
    0.011510708768326074,
    0.3014058463925495,
    0.21658413722553102,
    0.07323819900802832,
    0.012157832240895354,
    0.12975634529354782,
    0.25903543702607584,
    0.11936192451540376,
    0.07251827414479498,
    0.011227592249077014,
    0.011704845810096858,
    0.37050245517613434,
    0.033553352052717186,
    0.030689830686598123,
    0.008719988792871053,
    0.018459197055038724,
    0.016307511508745865,
    0.008161844797780048,
    0.06230181232160747,
    0.012465215890365764,
    0.00991716721712422,
    0.01718921724012151,
    0.04192551197908225,
    0.15378080421268236,
    0.011365105986997985,
    0.024768650912589205,
    0.05516727603653115,
    0.19096613675519464,
    0.06264964118811346,
    0.011632044419432814,
    0.3764964363408073,
    0.004368083439842642,
    0.007619878889503276,
    0.07450008977953841,
    0.015353004386706177,
    0.009140619050041085,
    0.06278715492603443,
    0.017019347328572073,
    0.1358069497620706,
    0.0059211797740089155,
    0.020764574426066783,
    0.002612761020498469,
    0.029161001482653194,
    0.42662423833470525,
    0.1778618864356667,
    0.30394580602238386,
    0.04346243022643429,
    0.018159902448975432,
    0.016258977248303167,
    0.005735131775645247,
    0.007692680280167319,
    0.06214812049687226
  ],