{
  "hour": 1,
  "dispatch": 0,
  "load": 0.7452607513849694,
  "wind": 0.48380952613355854,
  "solar": 0.0004472933703963269,
  "gen": [
    47,
    1,
    2,
    3,
    4,
    5,
    6,
    7,
    8,
    9,
    10,
    11,
    12,
    13,
    14,
    15,
    16,
    17,
    18,
    19,
    20,
    21,
    22,
    23,
    24,
    25,
    26,
    27,
    28,
    29,
    30,
    31,
    32,
    33,
    34,
    35,
    36,
    37,
    38,
    39,
    40,
    41,
    42,
    43,
    44,
    45,
    46,
    48,
    49
  ],
  "pg": [
    3.5089623480041556,
    0.04507349923192331,
    0.045073499232385676,
    0.04507349923192332,
    0.045073499232385676,
    0.09024649923032603,
    0.41849524010552813,
    0.046764999253417476,
    0.04054323828999221,
    0.04054323828999221,
    0.04054323828999221,
    0.04054323828999221,
    0.04054323828999221,
    0.04054323828999221,
    0.0,
    0.023879999211402145,
    0.17909999920933303,
    0.17909999920852748,
    0.03183999918325604,
    0.04974999918404817,
    0.06268499918377089,
    0.17909999924820888,
    0.3270552396662855,
    0.7489371464547486,
    0.00677333336586982,
    0.6458857173883006,
    0.00017453387312864677,
    0.00017453387312864677,
    0.00017453387312864677,
    0.000599015281634761,
    0.000599015281634761,
    0.44704000214740813,
    7.2461526004204944e-06,
    0.00010363787392082894,
    0.00010363787392082894,
    0.00010363787392082894,
    0.00010363787392082894,
    1.3790699991522966,
    0.1193999991745633,
    0.25869999917124514,
    0.09352999917442179,
    0.09352999917518943,
    0.093529999174333,
    0.09352999917445311,
    0.09352999917440609,
    0.17412499925689884,
    0.0,
    0.6716249991496998,
    0.6716249991496999
  ],
  "qg": [
    -0.4666997100342597,
    0.003916992065373333,
    0.004428352761503478,
    0.004061802029368896,
    0.004384531654580094,
    0.0079291949931065,
    -0.168534432183865,
    -0.005699888912532171,
    -0.034099885854935015,
    -0.03409988834609853,
    -0.034099885439829204,
    -0.03409988947467193,
    -0.034099889431094016,
    -0.034099885107321065,
    0.0012054543634195084,
    0.0016881942140528168,
    0.010596777973974923,
    0.01224845153923327,
    -0.003599838814566908,
    -0.005499850243127599,
    -0.006999850254932982,
    -0.021999922091516026,
    -0.05642986820386926,
    -0.1104569168292221,
    0.0017451352342494736,
    0.10455128230063257,
    0.030616803485422665,
    0.09291823568248941,
    0.13730256008551284,
    0.13567341500649902,
    0.13557519422070657,
    -0.0332563203752418,
    -0.006599465816296134,
    -0.09419936954693174,
    -0.09419735658872282,
    -0.09419936658138664,
    -0.09419936635156509,
    0.12290162771695327,
    -0.013299951192379584,
    -0.028899950526263707,
    -0.010399950744108755,
    -0.01039995121784249,
    -0.010399950619126845,
    -0.010399950749993326,
    -0.010399950741262945,
    -0.009972623883375883,
    -0.0322100476720689,
    -0.019113122383227453,
    0.032801634016961484
  ],
  "pd": [
    0.05503750648977999,
    0.01263216973597523,
    0.05922587191256352,
    0.17690254455625018,
    0.31809219390613264,
    0.0022581400766964574,
    0.018810381364956625,
    0.3335638071048846,
    0.0053211617648886815,
    0.005731055178150414,
    0.008436351705677853,
    0.03432671020879169,
    0.010515629202041918,
    0.017863900210697718,
    0.010083377966238635,
    0.017386933329811335,
    0.44034476756332297,
    0.003823187654604893,
    0.047987339781678184,
    0.15473103720254736,
    0.026620714039471107,
    0.22213987216531783,
    0.007638922701695937,
    0.0475550885458749,
    0.015240582365822623,
    0.28569570904342806,
    0.007951932217277623,
    0.07115749654223687,
    0.015546139273890461,
    0.007079977138157209,
    0.023840891436805168,
    0.04723462642277936,
    0.011506826001383927,
    0.013578650890234143,
    0.003323862951176964,
    0.01652243085820477,
    0.005619266065442669,
    0.004128744562672731,
    0.021008900581542287,
    0.007437702298821994,
    0.010366577051764924,
    0.013727703040511135,
    0.007236481895948053,
    0.02802180425207484,
    0.017461459404949833,
    0.010828638717623604,
    0.15318834744718046,
    0.06367507859833178,
    0.09585543784313477,
    0.024757562161008682,
    0.016388283922955476,
    0.018340867091584098,
    0.1398183695673341,
    0.0268144818348312,
    0.0044119436481990185,
    0.0065881050422431295,
    0.040937173073576374,
    0.015702644031681305,
    0.0066700837248954755,
    0.016701293438537164,
    0.02796218339196405,
    0.03602590472194941,
    0.06147655938174613,
    0.367711654733344,
    0.06391356203877498,
    0.017014302954118852,
    0.016470262605607824,
    0.37096099160938234,
    0.015665380994112056,
    0.007154503213295705,
    0.011029859120497547,
    0.0054404034851102765,
    0.005880107328427409,
    0.022037360418453545,
    0.006275095526661442,
    0.005365877409971779,
    0.04297918753237119,
    0.09066842301349538,
    0.27865299494284007,
    0.0038679032996879912,
    0.01533746626350267,
    0.39170905092793995,
    0.003949881982340338,
    0.033492018167240525,
    0.03275421002336941,
    0.011760214656854817,
    0.026672882292068056,
    0.08092041238537998,
    0.06569473523458505,
    0.2539774114644837,
    0.029340915782026248,
    0.006491221144563084,
    0.12433185115355445,
    0.01339978830990175,
    0.0045759010135037114,
    0.0014458058576868407,
    0.10903164792762103,
    0.5756692147998058,
    0.03279147306093865,
    0.22547118772400862,
    0.011298152990996136,
    0.011499373393870077,
    0.17811731958100768,
    0.008645024716065644,
    0.01559830752648741,
    0.04233826328618011,
    0.008645024716065644,
    0.061193360296219836,
    0.010605060492208114,
    0.2776916085735535,
    0.19954356618332555,
    0.06747590843039514,
    0.011201269093316089,
    0.11954727712966294,
    0.23865485041600876,
    0.10997067647436608,
    0.0668126263616625,
    0.010344219229223375,
    0.010783923072540507,
    0.3413517819568575,
    0.030913415967448534,
    0.02827519290754574,
    0.008033910899929969,
    0.017006850346605002,
    0.015024456747920984,
    0.007519680981474341,
    0.057399983071670345,
    0.011484468178842378,
    0.009136896811979725,
    0.0158367909669306,
    0.038626864744282965,
    0.14168152144579654,
    0.01047091355695882,
    0.022819884207407763,
    0.05082678324445491,
    0.17594115818696357,
    0.057720445194765886,
    0.010716849604915861,
    0.3468741641246202,
    0.004024408057478835,
    0.007020356278046412,
    0.06863851520255569,
    0.014145049061286719,
    0.008421446490650153,
    0.05784713952250132,
    0.015680286209139756,
    0.12512182755002252,
    0.005455308700137976,
    0.019130843488052163,
    0.002407192226973451,
    0.026866650087428147,
    0.39305797288794675,
    0.16386793401452707,
    0.2800317273329022,
    0.040042860171914406,
    0.016731103868592563,
    0.014979741102837885,
    0.0052838987273194325,
    0.007087429745671058,
    0.05725838352890719
  ],