{
  "hour": 1,
  "dispatch": 1,
  "load": 0.7488015815038337,
  "wind": 0.505692695444049,
  "solar": 0.00041867996333739746,
  "gen": [
    47,
    1,
    2,
    3,
    4,
    5,
    6,
    7,
    8,
    9,
    10,
    11,
    12,
    13,
    14,
    15,
    16,
    17,
    18,
    19,
    20,
    21,
    22,
    23,
    24,
    25,
    26,
    27,
    28,
    29,
    30,
    31,
    32,
    33,
    34,
    35,
    36,
    37,
    38,
    39,
    40,
    41,
    42,
    43,
    44,
    45,
    46,
    48,
    49
  ],
  "pg": [
    3.432978508364248,
    0.045073499253318786,
    0.04507349925376802,
    0.045073499253318786,
    0.04507349925376802,
    0.09024649925176637,
    0.43742418155910234,
    0.04676499927461825,
    0.04237704787821132,
    0.04237704787821132,
    0.04237704787821132,
    0.04237704787821132,
    0.04237704787821132,
    0.04237704787821132,
    0.0,
    0.023879999233843686,
    0.17909999923183204,
    0.17909999923104952,
    0.031839999206645195,
    0.04974999920741154,
    0.06268499920714199,
    0.17909999926962936,
    0.3418482621201771,
    0.7828122925473879,
    0.007079697736216687,
    0.6750997484178055,
    0.0001633689216942525,
    0.0001633689216942525,
    0.0001633689216942525,
    0.0005606962069014427,
    0.0005606962069014427,
    0.46726005059030135,
    6.782615406065838e-06,
    9.700814750527499e-05,
    9.700814750527499e-05,
    9.700814750527499e-05,
    9.700814750527499e-05,
    1.3790699991766255,
    0.1193999991981066,
    0.25869999919488057,
    0.09352999919796869,
    0.09352999919871495,
    0.09352999919788221,
    0.09352999919799912,
    0.09352999919795348,
    0.17412499927826236,
    0.0,
    0.671624999173765,
    0.671624999173765
  ],
  "qg": [
    -0.46669972446132596,
    0.004022071943255467,
    0.004560023411826209,
    0.004166805152114646,
    0.004516217835900562,
    0.008061560510290371,
    -0.16530886470295808,
    -0.005699891645370835,
    -0.03409988863393486,
    -0.0340998910849159,
    -0.034099888230884313,
    -0.034099892191125705,
    -0.0340998921487229,
    -0.034099887908203175,
    0.0012290496419005094,
    0.0016993040506401707,
    0.010702233892007768,
    0.012331981019533771,
    -0.00359984484926769,
    -0.005499855728526341,
    -0.006999855737936131,
    -0.02199992410917804,
    -0.05678625733001958,
    -0.11016822815005424,
    0.0017591363221955035,
    0.10725447950446398,
    0.030951235613518188,
    0.09393578347269066,
    0.13880385407241522,
    0.13798281357322334,
    0.13788125891511932,
    -0.030661606835718436,
    -0.0065994694854819335,
    -0.09419936887836519,
    -0.09419716013348448,
    -0.09419936597226085,
    -0.09419936574719454,
    0.12401278969267462,
    -0.013299952544090603,
    -0.028899951894739727,
    -0.010399952107702599,
    -0.010399952568899435,
    -0.010399951985946605,
    -0.010399952113415661,
    -0.01039995210493981,
    -0.00951393469235608,
    -0.032146251636181816,
    -0.018702819172697508,
    0.03319097231363893
  ],
  "pd": [
    0.055298996794058114,
    0.01269218680648998,
    0.05950726168210966,
    0.177743031401565,
    0.31960349101746627,
    0.002268868791956616,
    0.01889975191715676,
    0.33514861184948586,
    0.005346443291937372,
    0.005758284161764481,
    0.008476433902623398,
    0.034489800844066575,
    0.010565590315019092,
    0.017948773908646895,
    0.01013128539774687,
    0.01746954089648444,
    0.4424369024473551,
    0.0038413521131146666,
    0.04821533383303185,
    0.15546618435182594,
    0.02674719249131694,
    0.2231952873988477,
    0.007675216210414296,
    0.04778102891575963,
    0.015312992341753399,
    0.28705308626949466,
    0.007989712874645906,
    0.07149557500198604,
    0.01562000099016997,
    0.00711361502428642,
    0.023954162592307638,
    0.04745904423571298,
    0.011561496418419193,
    0.01364316481499985,
    0.0033396550535070985,
    0.01660093106193999,
    0.005645963924538906,
    0.004148360761531239,
    0.02110871658259307,
    0.00747303978340826,
    0.010415829998718327,
    0.013792925131300615,
    0.007270863356402225,
    0.028154939464544136,
    0.017544421054634822,
    0.010880086979250704,
    0.153916165078113,
    0.06397760712368755,
    0.0963108594130231,
    0.024875188537557356,
    0.016466146777269302,
    0.018428006920809346,
    0.14048266470593423,
    0.026941880902507934,
    0.004432905362502695,
    0.00661940598049389,
    0.04113167087200559,
    0.015777249322285775,
    0.006701774154459311,
    0.016780643441500914,
    0.02809503533802384,
    0.036197068449895314,
    0.06176864245825125,
    0.36945870031399164,
    0.06421722362976878,
    0.01709514010573252,
    0.016548514951234727,
    0.37272347520934823,
    0.015739809243210584,
    0.007188495182436803,
    0.011082263406256739,
    0.005466251544977986,
    0.005908044478065248,
    0.02214206276506836,
    0.00630490931626228,
    0.005391371386827603,
    0.0431833872053261,
    0.0910992004057564,
    0.27997691132428343,
    0.003886280208004897,
    0.015410336547348899,
    0.39357011123841507,
    0.003968648381970318,
    0.03365114307278229,
    0.032909829507093494,
    0.011816088956130495,
    0.02679960860202221,
    0.08130487571968625,
    0.06600685940956294,
    0.25518409096069145,
    0.029480318263805934,
    0.006522061774898392,
    0.12492256784228457,
    0.013463452435438929,
    0.004597641710433539,
    0.0014526750681174375,
    0.10954967137401088,
    0.5784042936168213,
    0.03294726958616868,
    0.22654243046816983,
    0.01135183197559812,
    0.011554008402604154,
    0.17896357797941626,
    0.00868609834544447,
    0.01567241710087524,
    0.04253941784523279,
    0.00868609834544447,
    0.06148409785727978,
    0.010655446504799554,
    0.27901095728414355,
    0.20049162344765145,
    0.06779649518935711,
    0.01125448777000262,
    0.12011526168902996,
    0.23978873044497268,
    0.1104931613667057,
    0.06713006178181868,
    0.010393365951273211,
    0.010835158884360473,
    0.34297358837620096,
    0.031060289600779025,
    0.02840953200225545,
    0.008072081048611327,
    0.017087652089917485,
    0.015095839883117287,
    0.007555407957373682,
    0.057672697807425274,
    0.011539032370974077,
    0.009180307389237,
    0.015912033606956467,
    0.0388103859693437,
    0.14235466865969382,
    0.010520662220128863,
    0.02292830442564739,
    0.05106826785856146,
    0.17677707736142506,
    0.05799468248747192,
    0.010767766742025129,
    0.3485222080951444,
    0.004043528540120702,
    0.007053710897766113,
    0.06896462565650309,
    0.014212254016942764,
    0.00846145787099332,
    0.05812197875632757,
    0.01575478527484066,
    0.12571629751867866,
    0.0054812275766080625,
    0.019221736597203408,
    0.0024186291082573825,
    0.026994297013213205,
    0.39492544210093694,
    0.16464649174106294,
    0.2813621942500655,
    0.04023310897420099,
    0.016810595504761067,
    0.015050911788227057,
    0.005309003212862181,
    0.007121103040101458,
    0.05753042550693954
  ],