{
  "hour": 1,
  "dispatch": 3,
  "load": 0.6919358860636025,
  "wind": 0.40902853476135653,
  "solar": 0.0004399528227475258,
  "gen": [
    47,
    1,
    2,
    3,
    4,
    5,
    6,
    7,
    8,
    9,
    10,
    11,
    12,
    13,
    14,
    15,
    16,
    17,
    18,
    19,
    20,
    21,
    22,
    23,
    24,
    25,
    26,
    27,
    28,
    29,
    30,
    31,
    32,
    33,
    34,
    35,
    36,
    37,
    38,
    39,
    40,
    41,
    42,
    43,
    44,
    45,
    46,
    48,
    49
  ],
  "pg": [
    3.1470364295944635,
    0.045073497983771825,
    0.045073497984989566,
    0.045073497983771874,
    0.04507349798498957,
    0.09024649797957011,
    0.35380968256857337,
    0.04676499803669772,
    0.03427659121300168,
    0.03427659121300168,
    0.03427659121300168,
    0.03427659121300168,
    0.03427659121300168,
    0.03427659121300168,
    0.0,
    0.02387999792011055,
    0.17909999791464076,
    0.17909999791250097,
    0.031839997854278025,
    0.04974999785625786,
    0.06268499785552403,
    0.17909999802310456,
    0.276503289498677,
    0.63317617181058,
    0.005726399486658992,
    0.546053093906411,
    0.00017166959143608457,
    0.00017166959143608457,
    0.00017166959143608457,
    0.0005891848202234865,
    0.0005891848202234865,
    0.37794236611949344,
    7.127235728509917e-06,
    0.00010193706903060172,
    0.00010193706903060172,
    0.00010193706903060172,
    0.00010193706903060172,
    1.379069997763019,
    0.11939999783020024,
    0.25869999782134206,
    0.093529997829789,
    0.09352999783183977,
    0.09352999782953678,
    0.09352999782986898,
    0.09352999782974901,
    0.1741249980402454,
    0.0,
    0.6716249977650112,
    0.6716249977650118
  ],
  "qg": [
    -0.46669936737522133,
    0.0030766858319391794,
    0.0033771516366596075,
    0.0032215232343663493,
    0.0033333814804281164,
    0.006858867262857838,
    -0.17494519673482373,
    -0.005699721636667245,
    -0.03409971477100166,
    -0.034099720594102975,
    -0.03409971372158289,
    -0.03409972329063791,
    -0.03409972318215854,
    -0.034099712882583906,
    0.0008625407187731768,
    0.001526975426137769,
    0.009052974819524549,
    0.011032184764779119,
    -0.0035996218491039468,
    -0.005499646376473224,
    -0.006999646514190302,
    -0.02199980255706293,
    -0.08132804813046769,
    -0.16728559017679343,
    0.0007060240934924326,
    0.04917763435598181,
    0.025335338711931533,
    0.07685613505734623,
    0.11359780618034479,
    0.09603985323050658,
    0.09599037479934214,
    -0.05697838218792351,
    -0.006598902307739036,
    -0.09419884623492095,
    -0.09419765888433795,
    -0.09419883783714088,
    -0.09419883715523233,
    0.09028328606403387,
    -0.013299867948745098,
    -0.02889986600844136,
    -0.01039986665966289,
    -0.010399868007483642,
    -0.010399866294684725,
    -0.010399866674030677,
    -0.01039986665274558,
    -0.020330326112359333,
    -0.032459986930725486,
    -0.02683854332198765,
    0.025402258121970812
  ],
  "pd": [
    0.05109946518579704,
    0.011728313268778061,
    0.054988144865474486,
    0.16424482127491732,
    0.2953320748896668,
    0.0020965657347727156,
    0.017464461764245324,
    0.3096966638843472,
    0.004940422226494121,
    0.005320986963829103,
    0.00783271423023998,
    0.031870566912089525,
    0.00976321535235743,
    0.01658570318894455,
    0.009361892538440542,
    0.016142864221863847,
    0.4088372376395401,
    0.0035496310955062805,
    0.04455375170363536,
    0.14365972866452514,
    0.02471594985019188,
    0.20624532955897798,
    0.007092342832151925,
    0.04415242888971848,
    0.01415008887000067,
    0.26525362192248203,
    0.007382955904298639,
    0.06606603840135276,
    0.014433782583286748,
    0.006573390917604223,
    0.02213502899517464,
    0.04385489645871113,
    0.010683490080822023,
    0.012607071844078837,
    0.003086034051843667,
    0.015340218594030066,
    0.005217196580919563,
    0.003833324808792358,
    0.019505672628132954,
    0.006905520142914752,
    0.00962482817514471,
    0.012745459021291556,
    0.00671869745367758,
    0.026016789315991443,
    0.016212057810470207,
    0.010053828424504143,
    0.1422274213803735,
    0.059119002105274196,
    0.08899679366550056,
    0.022986110135032874,
    0.015215670134538617,
    0.017028542156025256,
    0.12981409158439244,
    0.024895853180568413,
    0.004096260445496527,
    0.006116713232802246,
    0.03800803822147369,
    0.014579089119360103,
    0.006192826180269242,
    0.015506283206685331,
    0.025961434445106363,
    0.033448180732314536,
    0.05707779124138657,
    0.3414011661837815,
    0.05934042158881455,
    0.015796896278832046,
    0.015291783082005616,
    0.34441800664701877,
    0.014544492325056923,
    0.006642584506210583,
    0.010240651113741317,
    0.005051131968264298,
    0.005459374141041824,
    0.020460544150900723,
    0.005826100160655533,
    0.004981938379657938,
    0.03990394254928796,
    0.08418091989849788,
    0.258714827799181,
    0.003591147248670097,
    0.014240040535188939,
    0.3636815017150295,
    0.003667260196137093,
    0.031095598719698296,
    0.03041058219249533,
    0.010918748282083645,
    0.024764385362216333,
    0.07513039850878596,
    0.06099414835650655,
    0.23580483061161506,
    0.02724151583432403,
    0.006026761567613978,
    0.1154356638719908,
    0.012441007231423572,
    0.004248486340430519,
    0.001342355618963389,
    0.10123022013110505,
    0.534478955830969,
    0.030445178986798507,
    0.20933828296968227,
    0.010489748032724212,
    0.010676570721961385,
    0.16537267676920098,
    0.008026456278337788,
    0.0144822180953112,
    0.03930887768727326,
    0.008026456278337788,
    0.0568148556046824,
    0.009846247658685062,
    0.257822230506159,
    0.18526583349352954,
    0.06264787512419857,
    0.010399796367535945,
    0.11099343548346247,
    0.22157862879414741,
    0.10210205934754518,
    0.062032052185601955,
    0.009604070098562801,
    0.010012312271340328,
    0.31692739389371183,
    0.028701500553918232,
    0.026252047517253078,
    0.007459068851765634,
    0.01578997691997141,
    0.013949427463042226,
    0.006981633090381749,
    0.053292901944618665,
    0.010662732004240115,
    0.008483133963139766,
    0.014703637578851554,
    0.035863036974676514,
    0.13154393129955147,
    0.009721699199193615,
    0.02118707683126751,
    0.047190027429537686,
    0.16335222398189528,
    0.053590434375626016,
    0.009950038041594604,
    0.32205463880944313,
    0.0037364537847434536,
    0.006518036046719135,
    0.06372729510645779,
    0.013132943117487176,
    0.007818875512518707,
    0.05370806347625682,
    0.014558331042778195,
    0.11616911591121823,
    0.00506497068598557,
    0.017761994195252675,
    0.0022349529119854356,
    0.024944288692592867,
    0.3649339056688046,
    0.1521428626276649,
    0.2599949091883986,
    0.03717771515819736,
    0.015533960642127876,
    0.01390791130987841,
    0.004905825432190941,
    0.006580310276464859,
    0.053161434126266574
  ],