{
  "hour": 21,
  "dispatch": 1,
  "load": 0.7000360299072417,
  "wind": 0.29431846324617367,
  "solar": 0.000468560260406073,
  "gen": [
    47,
    1,
    2,
    3,
    4,
    5,
    6,
    7,
    8,
    9,
    10,
    11,
    12,
    13,
    14,
    15,
    16,
    17,
    18,
    19,
    20,
    21,
    22,
    23,
    24,
    25,
    26,
    27,
    28,
    29,
    30,
    31,
    32,
    33,
    34,
    35,
    36,
    37,
    38,
    39,
    40,
    41,
    42,
    43,
    44,
    45,
    46,
    48,
    49
  ],
  "pg": [
    3.9502064066104907,
    0.045073493276184,
    0.04507349328025559,
    0.0450734932761857,
    0.04507349328025547,
    0.0902464932622035,
    0.25458547070794024,
    0.0467649934328485,
    0.024663887220029358,
    0.024663887220029358,
    0.024663887220029358,
    0.024663887220029358,
    0.024663887220029358,
    0.024663887220029358,
    0.0,
    0.023879993052928795,
    0.17909999303494115,
    0.1790999930278275,
    0.031839992804814254,
    0.0497499928119793,
    0.06268499280956295,
    0.17909999338229565,
    0.1989592811544134,
    0.45560498110507686,
    0.004120458485446432,
    0.39291514843364184,
    0.00018283221361044968,
    0.00018283221361044968,
    0.00018283221361044968,
    0.0006274959007358129,
    0.0006274959007358129,
    0.2719502600394645,
    7.590676218578382e-06,
    0.00010856541233608711,
    0.00010856541233608711,
    0.00010856541233608711,
    0.00010856541233608711,
    1.379069992517109,
    0.11939999273321264,
    0.25869999270414146,
    0.09352999273197607,
    0.09352999273871106,
    0.09352999273120555,
    0.09352999273225315,
    0.09352999273183754,
    0.17412499343900842,
    0.0,
    0.6716249925274294,
    0.6716249925274421
  ],
  "qg": [
    -0.46669709164904843,
    0.002959033698359299,
    0.0032278689257307287,
    0.003103864841158314,
    0.003184189084745519,
    0.00671683649191221,
    -0.19121420664689778,
    -0.005699036031060925,
    -0.03409901364087123,
    -0.03409903588280393,
    -0.034099010132650376,
    -0.03409904578993705,
    -0.0340990454409885,
    -0.03409900736174223,
    0.0009548760913590739,
    0.0015491967939297716,
    0.009251125774560208,
    0.011182963016125886,
    -0.003598478978405673,
    -0.005498623681061233,
    -0.00699862739415428,
    -0.02199932449556078,
    -0.059945880223410415,
    -0.1252450440620208,
    0.0012912868711555411,
    0.07032258836713404,
    0.026302100419924968,
    0.07979401366508224,
    0.117934482008902,
    0.10522804266038543,
    0.10516927034113306,
    -0.056028130924640006,
    -0.006591003263416785,
    -0.09418969508503179,
    -0.09416606271489503,
    -0.09418965737714746,
    -0.09418965474423673,
    0.10288926811990969,
    -0.013299572129364839,
    -0.028899566405097086,
    -0.010399568032691231,
    -0.010399572258549684,
    -0.010399566908017677,
    -0.010399568079741,
    -0.010399568010084587,
    -0.017211571781357776,
    -0.03210940884643389,
    -0.024796633660793023,
    0.02737149959934098
  ],
  "pd": [
    0.0516976608086498,
    0.011865610706927746,
    0.05563186329672849,
    0.16616755241908196,
    0.2987893782850089,
    0.0021211091706189425,
    0.017668909394858778,
    0.31332212626588324,
    0.0049982572535377055,
    0.005383277069986688,
    0.007924407858549976,
    0.03224365953752755,
    0.00987750838199118,
    0.016779863636876585,
    0.00947148748464498,
    0.01633184057773595,
    0.4136232886309928,
    0.00359118483342415,
    0.04507531996572729,
    0.1453414805293415,
    0.025005286988286673,
    0.2086597394344515,
    0.007175369306549228,
    0.044669299068381095,
    0.014315736811603091,
    0.2683588120649411,
    0.007469384439110269,
    0.06683944013554344,
    0.014602751583865061,
    0.006650342284118795,
    0.02239415259673266,
    0.04436828357552098,
    0.010808556301767813,
    0.012754656464909944,
    0.003122160693386298,
    0.015519798783043546,
    0.005278271665500602,
    0.0038781996056861195,
    0.01973401568308514,
    0.006986359578474271,
    0.009737501176009732,
    0.012894663670891392,
    0.006797349850399316,
    0.026321354724512278,
    0.016401844180726672,
    0.010171523514552222,
    0.14389240594743352,
    0.05981107839527473,
    0.09003863416666943,
    0.02325519691351857,
    0.015393792297660244,
    0.017227886696017217,
    0.1313337595708976,
    0.025187296356062556,
    0.004144213297050871,
    0.006188318504380017,
    0.03845297912280479,
    0.014749759150145581,
    0.006265322467669813,
    0.015687807430221287,
    0.026265351842119707,
    0.03383974168571605,
    0.05774597210704837,
    0.3453977771562331,
    0.06003508992484505,
    0.015981822562782327,
    0.015470796260950041,
    0.3484499342466286,
    0.01471475734865022,
    0.0067203458871095195,
    0.010360533242627177,
    0.005110263018322864,
    0.005523284275968138,
    0.020700065404357135,
    0.005894303371818975,
    0.00504025941533214,
    0.040371077844750636,
    0.08516638339851502,
    0.26174347158231764,
    0.0036331869952185842,
    0.014406741495491034,
    0.36793893731924626,
    0.003710190958508381,
    0.031459619184031444,
    0.030766583514423275,
    0.011046568551936272,
    0.02505428951038018,
    0.0760099121273283,
    0.06170817603632335,
    0.23856527863208887,
    0.027560418497448107,
    0.006097313820492075,
    0.11678701086942514,
    0.012586647817732204,
    0.004298221223630464,
    0.0013580698980200489,
    0.10241527117542946,
    0.5407358309415498,
    0.03080158531591863,
    0.21178890048813687,
    0.010612546213393784,
    0.010801555941468739,
    0.16730861114783074,
    0.008120417946924002,
    0.01465175410595857,
    0.0397690468590304,
    0.008120417946924002,
    0.05747995841568362,
    0.009961512705580048,
    0.2608404251037374,
    0.18743464700766396,
    0.06338126214780167,
    0.010521541529505843,
    0.11229277955742063,
    0.224172537857196,
    0.10329731657311259,
    0.06275823008118421,
    0.009716500095112515,
    0.010129521352757787,
    0.3206375027784139,
    0.029037494520552386,
    0.02655936697468075,
    0.007546388402400065,
    0.015974822202483255,
    0.014112726362929992,
    0.007063363541764068,
    0.05391677502345576,
    0.010787555220870593,
    0.008582441726662783,
    0.014875765635528887,
    0.03628286743009234,
    0.13308384964566572,
    0.009835506220196745,
    0.021435103235759742,
    0.04774245723967388,
    0.16526450594050163,
    0.054217790516315874,
    0.010066518110066135,
    0.32582476976002656,
    0.003780194561499105,
    0.006594339401726216,
    0.06447331835445697,
    0.013286683847639447,
    0.00791040713795183,
    0.05433679664140009,
    0.014728758069248364,
    0.11752904906112681,
    0.005124263738921009,
    0.017969924887718893,
    0.0022611163766003903,
    0.025236298878156063,
    0.3692060025333784,
    0.1539239222560043,
    0.26303853823764606,
    0.037612935886916096,
    0.015715808871417575,
    0.014070724201135558,
    0.004963255452042343,
    0.006657342644417868,
    0.053783768177773375
  ],