{
  "hour": 22,
  "dispatch": 1,
  "load": 0.6439316100322849,
  "wind": 0.27560913965647876,
  "solar": 0.000399606842295044,
  "gen": [
    47,
    1,
    2,
    3,
    4,
    5,
    6,
    7,
    8,
    9,
    10,
    11,
    12,
    13,
    14,
    15,
    16,
    17,
    18,
    19,
    20,
    21,
    22,
    23,
    24,
    25,
    26,
    27,
    28,
    29,
    30,
    31,
    32,
    33,
    34,
    35,
    36,
    37,
    38,
    39,
    40,
    41,
    42,
    43,
    44,
    45,
    46,
    48,
    49
  ],
  "pg": [
    3.214605225019091,
    0.04507349838119293,
    0.045073498382174844,
    0.04507349838119294,
    0.04507349838217485,
    0.09024649837780933,
    0.23840190580285417,
    0.0467649984183926,
    0.023096045903212924,
    0.023096045903212924,
    0.023096045903212924,
    0.023096045903212924,
    0.023096045903212924,
    0.023096045903212924,
    0.0,
    0.023879998320942553,
    0.17909999831652176,
    0.17909999831478587,
    0.031839998270865366,
    0.04974999827242057,
    0.06268499827182673,
    0.17909999840690347,
    0.18631177840777963,
    0.4266429481882291,
    0.0038585279551907026,
    0.36793820144139916,
    0.00015592658986352616,
    0.00015592658986352616,
    0.00015592658986352616,
    0.0005351534832015229,
    0.0005351534832015229,
    0.2546628450425864,
    6.4736308451797126e-06,
    9.258890535976169e-05,
    9.258890535976169e-05,
    9.258890535976169e-05,
    9.258890535976169e-05,
    1.379069998191769,
    0.11939999825160014,
    0.2586999982444442,
    0.09352999825126314,
    0.09352999825292016,
    0.0935299982510572,
    0.09352999825132724,
    0.09352999825123112,
    0.1741249984162973,
    0.0,
    0.6716249982007808,
    0.6716249982007811
  ],
  "qg": [
    -0.46669951851863595,
    0.0022376697928751287,
    0.002326559082012192,
    0.0023830928657773134,
    0.002282647884158539,
    0.00579835584171792,
    -0.18871209004369194,
    -0.005699789765667349,
    -0.03409978516355475,
    -0.03409978905104923,
    -0.03409978435434655,
    -0.034099790934249155,
    -0.03409979085068723,
    -0.03409978370439236,
    0.0005535803345235947,
    0.0013829929939995205,
    0.0076829251903787026,
    0.009950866262692152,
    -0.003599711011151244,
    -0.005499728372654209,
    -0.006999728430397811,
    -0.021999848109231536,
    -0.09463923581855385,
    -0.20040316564990518,
    2.4114309202467565e-05,
    0.008279545034876715,
    0.020794696940398327,
    0.06305811646642172,
    0.09322489582575429,
    0.06350156609747525,
    0.0634798392102845,
    -0.07785075334589674,
    -0.006599474847792991,
    -0.09419945075750302,
    -0.09419924357887703,
    -0.09419944740050172,
    -0.09419944713457246,
    0.059573897220060894,
    -0.01329989301773437,
    -0.028899891424002958,
    -0.010399891966826147,
    -0.010399893066121671,
    -0.010399891668153645,
    -0.010399891978361048,
    -0.010399891961273762,
    -0.021370940521976148,
    -0.03249687628669188,
    -0.03358207000435603,
    0.01897112592898067
  ],
  "pd": [
    0.047554349400884245,
    0.010914640790047229,
    0.05117324504926568,
    0.1528500462733635,
    0.27484288979397986,
    0.0019511127783978235,
    0.01625283383721487,
    0.28821091001825005,
    0.004597671695630514,
    0.004951834081148271,
    0.007289305825565466,
    0.02965948995808704,
    0.00908587501755554,
    0.01543504069247387,
    0.008712394683736815,
    0.015022924462053208,
    0.3804734311036758,
    0.0033033691594656217,
    0.04146275636997883,
    0.133693080874903,
    0.02300123711035322,
    0.19193669500232316,
    0.006600299002830921,
    0.041089276036160104,
    0.013168401425160226,
    0.24685118270587644,
    0.00687075027904448,
    0.061482590125882565,
    0.013432413385273463,
    0.006117350295306707,
    0.020599372204932794,
    0.04081238544384622,
    0.00994230405889848,
    0.011732433934788232,
    0.0028719349807439913,
    0.014275963794415756,
    0.004855244339643429,
    0.003567381119578859,
    0.01815243208681011,
    0.0064264374681222034,
    0.008957088695549084,
    0.011861220256794688,
    0.006252575933413487,
    0.024211828537213907,
    0.015087317623056436,
    0.0093563262937691,
    0.13236014244213617,
    0.05501751676115842,
    0.0828224836823525,
    0.021391408085272505,
    0.014160056104609945,
    0.015847156922894533,
    0.12080800935815697,
    0.023168659328961613,
    0.003812075131391127,
    0.005692355432685399,
    0.03537116333907342,
    0.013567639023380243,
    0.00576318790978895,
    0.014430507380823505,
    0.02416031400841133,
    0.031127654028960644,
    0.05311791851156319,
    0.31771585638992944,
    0.05522357487636876,
    0.014700958657037065,
    0.014230888581713497,
    0.32052339820967013,
    0.01353544244287863,
    0.006181743456309935,
    0.009530187828477818,
    0.00470070075323568,
    0.005080620403154729,
    0.019041057708654666,
    0.00542190415647184,
    0.0046363075922324515,
    0.03713553595056188,
    0.0783407196765278,
    0.24076602899107136,
    0.003342005056067559,
    0.013252112534464424,
    0.338450454232969,
    0.0034128375331711103,
    0.028938286554850885,
    0.028300794260918926,
    0.010161240806309455,
    0.02304631232305548,
    0.0699180942173055,
    0.05676257142434591,
    0.21944545338290236,
    0.02535158748697106,
    0.005608644323381202,
    0.1074271105016861,
    0.011577890348380483,
    0.003953740085598229,
    0.0012492273234626329,
    0.09420719454772329,
    0.4973985328533382,
    0.028332990841420536,
    0.19481506929916748,
    0.00976200320808944,
    0.009935864742798155,
    0.15389965479771608,
    0.007469606676374505,
    0.013477488597975724,
    0.03658175476593411,
    0.007469606676374505,
    0.05287322449975092,
    0.009163146810759415,
    0.23993535721412976,
    0.17241268858614428,
    0.05830156797232308,
    0.009678292098785242,
    0.10329306956527882,
    0.2062062194806386,
    0.09501854837636396,
    0.057728468839394344,
    0.008937770747248115,
    0.009317690397167164,
    0.29493999534308746,
    0.02671028318413918,
    0.024430765284624893,
    0.006941582756148031,
    0.014694519340936742,
    0.012981661258250865,
    0.006497269945225755,
    0.04959561260468659,
    0.00992298611059751,
    0.007894601538995813,
    0.013683546713186057,
    0.03337497534797333,
    0.12241783838323769,
    0.009047239120953603,
    0.019717185899188566,
    0.04391613580420183,
    0.15201937449642183,
    0.04987250319700047,
    0.009259736552264258,
    0.2997115285734267,
    0.0034772306941743387,
    0.0060658357665041235,
    0.059306101283973456,
    0.012221821958412768,
    0.007276427193364819,
    0.049981971570705955,
    0.013548321075079275,
    0.10810967800832033,
    0.004713579385436326,
    0.016529724429528752,
    0.00207989910040428,
    0.02321373454166387,
    0.33961597044712744,
    0.1415876824138988,
    0.24195730246963104,
    0.03459844540703467,
    0.014456264645224797,
    0.012943025361648926,
    0.004565475115128901,
    0.006123789611407029,
    0.04947326559878045
  ],