{
  "hour": 23,
  "dispatch": 1,
  "load": 0.6420529268187395,
  "wind": 0.2509804790400524,
  "solar": 0.0004337709416758151,
  "gen": [
    47,
    1,
    2,
    3,
    4,
    5,
    6,
    7,
    8,
    9,
    10,
    11,
    12,
    13,
    14,
    15,
    16,
    17,
    18,
    19,
    20,
    21,
    22,
    23,
    24,
    25,
    26,
    27,
    28,
    29,
    30,
    31,
    32,
    33,
    34,
    35,
    36,
    37,
    38,
    39,
    40,
    41,
    42,
    43,
    44,
    45,
    46,
    48,
    49
  ],
  "pg": [
    3.3323124767618526,
    0.04507349800904715,
    0.04507349801025548,
    0.04507349800904718,
    0.045073498010255494,
    0.09024649800488577,
    0.21709811436964532,
    0.04676499805354259,
    0.021032164143556395,
    0.021032164143556395,
    0.021032164143556395,
    0.021032164143556395,
    0.021032164143556395,
    0.021032164143556395,
    0.0,
    0.023879997933769402,
    0.17909999792833914,
    0.17909999792620362,
    0.03183999787119588,
    0.049749997873126596,
    0.06268499787239687,
    0.1790999980391507,
    0.1696628038310754,
    0.38851778155400113,
    0.0035137267065607335,
    0.33505893951846993,
    0.00016925742144190307,
    0.00016925742144190307,
    0.00016925742144190307,
    0.0005809060450922516,
    0.0005809060450922516,
    0.2319059626330084,
    7.027089255148204e-06,
    0.00010050472718628635,
    0.00010050472718628635,
    0.00010050472718628635,
    0.00010050472718628635,
    1.3790699977741436,
    0.1193999978478712,
    0.25869999783908715,
    0.09352999784746231,
    0.09352999784949644,
    0.09352999784721189,
    0.0935299978475416,
    0.09352999784742268,
    0.1741249980503266,
    0.0,
    0.6716249977859746,
    0.6716249977859754
  ],
  "qg": [
    -0.4666993893781328,
    0.002182071904987333,
    0.002256686517398041,
    0.002327583621025856,
    0.0022127557190954115,
    0.005729408462667129,
    -0.19138450993612374,
    -0.005699741685218809,
    -0.03409973611069957,
    -0.034099740878032234,
    -0.03409973511596247,
    -0.03409974318911031,
    -0.03409974308665628,
    -0.034099734317298486,
    0.0005434927990337532,
    0.0013772618169695175,
    0.007627348491832536,
    0.009906318818331738,
    -0.0035996386390896003,
    -0.005499660997653946,
    -0.006999661108956481,
    -0.021999813279259463,
    -0.09249130185771312,
    -0.19643173203055603,
    6.559867491469008e-05,
    0.008945666818223124,
    0.02064690678644909,
    0.0626090959755132,
    0.09256175711293707,
    0.06277492725231726,
    0.06275372730274194,
    -0.0785706974876463,
    -0.006599334446072883,
    -0.09419930525310086,
    -0.09419902224750556,
    -0.09419930100342447,
    -0.0941993006679618,
    0.059612563925613274,
    -0.013299868932460813,
    -0.028899867004507404,
    -0.01039986765080939,
    -0.010399868990151669,
    -0.010399867287910404,
    -0.010399867665018058,
    -0.010399867643970068,
    -0.02136001308424142,
    -0.03249565639729756,
    -0.03374965361738088,
    0.01881433634669119
  ],
  "pd": [
    0.04741560864556391,
    0.010882797109577635,
    0.051023946094285226,
    0.1524041032389642,
    0.2740410302247744,
    0.0019454203682607808,
    0.016205415872904985,
    0.2873700489855314,
    0.0045842578974858,
    0.004937387007236106,
    0.0072680391315881315,
    0.02957295780927114,
    0.009059366797412413,
    0.015390008655845187,
    0.008686976099857545,
    0.014979094782681193,
    0.3793633923401204,
    0.0032937315145801335,
    0.04134178795785864,
    0.1333030286661067,
    0.022934130545965374,
    0.19137671589686167,
    0.00658104249989208,
    0.04096939726030377,
    0.013129982353443223,
    0.2461309894959638,
    0.006850704729155951,
    0.061303213452653244,
    0.013393224053438907,
    0.006099502804778025,
    0.020539273128931473,
    0.040693314501771716,
    0.009913297190081338,
    0.011698204326637434,
    0.0028635560536115785,
    0.014234313387571454,
    0.004841079068213296,
    0.0035569732145758173,
    0.018099472007020265,
    0.0064076882096510196,
    0.008930956212048667,
    0.01182661491200118,
    0.00623433391940996,
    0.0241411900483846,
    0.015043300075363066,
    0.009329029026676285,
    0.1319739791075919,
    0.0548570020673931,
    0.08258084744742628,
    0.021328998228918525,
    0.014118743860744081,
    0.01580092252900918,
    0.12045554960046372,
    0.023101064306938247,
    0.003800953326766938,
    0.005675747873077657,
    0.03526796727015336,
    0.01352805516807084,
    0.0057463736950277185,
    0.014388406090007952,
    0.024089825814239105,
    0.03103683848241786,
    0.05296294593327783,
    0.31678891409236615,
    0.0550624590039751,
    0.014658068319271822,
    0.014189369682694145,
    0.3195882648532958,
    0.013495952521729904,
    0.006163708097459898,
    0.009502383316917344,
    0.004686986365776798,
    0.005065797592599855,
    0.018985505046030127,
    0.005406085643813787,
    0.0046227810730949245,
    0.03702719228963672,
    0.07811215907676784,
    0.2400635893375267,
    0.003332254690189258,
    0.013213449233929659,
    0.3374630183359295,
    0.0034028805121393193,
    0.028853858531234153,
    0.0282182261336836,
    0.010131595185199708,
    0.02297907425084269,
    0.06971410679397873,
    0.05659696549907188,
    0.2188052169305582,
    0.025277623728853775,
    0.005592280992591222,
    0.10711368978117031,
    0.011544111624200935,
    0.00394220497066706,
    0.0012455826780283547,
    0.0939323431935816,
    0.49594736279186713,
    0.028250328780024536,
    0.19424669247974144,
    0.00973352237057209,
    0.00990687666081315,
    0.15345064950967874,
    0.007447813951097377,
    0.013438167758316218,
    0.03647502677257259,
    0.007447813951097377,
    0.0527189658210867,
    0.009136413148630663,
    0.2392353410619306,
    0.17190967115571748,
    0.05813147199416868,
    0.009650055490085654,
    0.102991709990994,
    0.20560460875516495,
    0.0947413298813732,
    0.05756004488929999,
    0.008911694624244104,
    0.00929050585106716,
    0.29407950207078726,
    0.026632355404441317,
    0.024359488043502978,
    0.006921330551106011,
    0.014651647790003636,
    0.012943787004665789,
    0.006478314031601082,
    0.04945091642357932,
    0.009894035602276776,
    0.007871568882797747,
    0.013643624694898215,
    0.03327760319701527,
    0.12206068191751057,
    0.00902084362180329,
    0.019659660619189803,
    0.04378800960903803,
    0.15157585496336803,
    0.049726999182111375,
    0.009232721087653474,
    0.2988371142585141,
    0.0034670858048211936,
    0.006048138570632525,
    0.05913307456000592,
    0.012186164551019675,
    0.007255198073051756,
    0.04983614817967055,
    0.01350879358026628,
    0.10779426588359818,
    0.004699827424313173,
    0.016481498631437042,
    0.0020738309536245283,
    0.023146008011815558,
    0.33862513413347145,
    0.14117459754890443,
    0.24125138725214135,
    0.03449750375797087,
    0.014414088207080702,
    0.012905263829056664,
    0.004552155251144863,
    0.006105923334046212,
    0.049328926367483754
  ],