{
  "hour": 23,
  "dispatch": 2,
  "load": 0.6409465763229764,
  "wind": 0.21301008407638802,
  "solar": 0.0004196920986081464,
  "gen": [
    47,
    1,
    2,
    3,
    4,
    5,
    6,
    7,
    8,
    9,
    10,
    11,
    12,
    13,
    14,
    15,
    16,
    17,
    18,
    19,
    20,
    21,
    22,
    23,
    24,
    25,
    26,
    27,
    28,
    29,
    30,
    31,
    32,
    33,
    34,
    35,
    36,
    37,
    38,
    39,
    40,
    41,
    42,
    43,
    44,
    45,
    46,
    48,
    49
  ],
  "pg": [
    3.541328223037633,
    0.045073497178232794,
    0.045073497179946825,
    0.045073497178232946,
    0.04507349717994685,
    0.09024649717233638,
    0.1842537227260756,
    0.04676499723853085,
    0.01785024504560132,
    0.01785024504560132,
    0.01785024504560132,
    0.01785024504560132,
    0.01785024504560132,
    0.01785024504560132,
    0.0,
    0.023879997069312164,
    0.17909999706163826,
    0.17909999705861174,
    0.03183999697786761,
    0.049749996980655714,
    0.06268499697962374,
    0.17909999721751313,
    0.14399481683563828,
    0.3297396101502487,
    0.0029821411770694323,
    0.284368462241978,
    0.0001637638568768987,
    0.0001637638568768987,
    0.0001637638568768987,
    0.0005620516584560297,
    0.0005620516584560297,
    0.19682131768658256,
    6.799011997451971e-06,
    9.724265924750751e-05,
    9.724265924750751e-05,
    9.724265924750751e-05,
    9.724265924750751e-05,
    1.379069996841396,
    0.11939999694574656,
    0.25869999693334744,
    0.09352999694518281,
    0.09352999694805436,
    0.09352999694483595,
    0.09352999694529637,
    0.09352999694512604,
    0.174124997232759,
    0.0,
    0.6716249968594498,
    0.6716249968594515
  ],
  "qg": [
    -0.46669907771520935,
    0.002126497771977353,
    0.002186652476105134,
    0.002272111554894039,
    0.0021427095600910903,
    0.00566145229209097,
    -0.19542805151849357,
    -0.00569963333058689,
    -0.03409962558216151,
    -0.03409963238271656,
    -0.03409962417248716,
    -0.034099635671871076,
    -0.034099635527492164,
    -0.03409962304223577,
    0.0005419327420644444,
    0.0013736152470310255,
    0.007589952133128903,
    0.009875378581889667,
    -0.0035994695985699975,
    -0.0054995046262367,
    -0.006999504927066458,
    -0.02199973495117278,
    -0.08765086515587052,
    -0.186901687930579,
    0.00017875886148903712,
    0.012503359864704093,
    0.02059526678819812,
    0.06245206002996485,
    0.09232983348775022,
    0.06302948117303495,
    0.06300818437181031,
    -0.07861908247890004,
    -0.0065989772823173195,
    -0.09419893437304556,
    -0.0941984162073493,
    -0.09419892792083454,
    -0.09419892741605493,
    0.06124577097180985,
    -0.013299815695921204,
    -0.0288998130519785,
    -0.01039981390844395,
    -0.010399815772131296,
    -0.01039981340612808,
    -0.01039981392860572,
    -0.01039981389874034,
    -0.02132503746678138,
    -0.03249191448494775,
    -0.033690472871571966,
    0.018875415903183635
  ],
  "pd": [
    0.047333904661451806,
    0.01086404446867445,
    0.05093602442038693,
    0.1521414888217849,
    0.27356881770617275,
    0.0019420681262586185,
    0.016177491586391923,
    0.28687486863063777,
    0.004576358554946051,
    0.004928879171923688,
    0.0072555152439760925,
    0.029521999305436288,
    0.009043756191917196,
    0.015363489434461744,
    0.008672007177649871,
    0.014953283625615038,
    0.37870969408619376,
    0.0032880559365368687,
    0.04127055004943645,
    0.13307332817617634,
    0.022894611706256715,
    0.19104694600458957,
    0.0065697024073105076,
    0.04089880103516912,
    0.013107357485804867,
    0.245706870033413,
    0.006838899969366158,
    0.06119757910731778,
    0.013370145582097287,
    0.006088992475068275,
    0.020503880976572013,
    0.04062319400735025,
    0.009896215138426756,
    0.01167804662060463,
    0.002858621730400475,
    0.014209785597080384,
    0.004832737185475241,
    0.0035508440328292892,
    0.018068283986544705,
    0.006396646831703303,
    0.008915566876652601,
    0.011806235935869224,
    0.006223591256096101,
    0.024099591269743904,
    0.015017378283247335,
    0.009312953753972847,
    0.1317465687631878,
    0.0547624754810351,
    0.08243854864666122,
    0.021292245265449275,
    0.01409441521334225,
    0.015773695243308447,
    0.12024798718395359,
    0.02306125781610069,
    0.00379440373183202,
    0.005665967734695111,
    0.035207195437421096,
    0.01350474436312511,
    0.005736471858090638,
    0.0143636127753979,
    0.024048315543638073,
    0.03098335749945267,
    0.052871683080882324,
    0.3162430407577566,
    0.05496757838545845,
    0.01463281033745355,
    0.014164919336737778,
    0.3190375678305247,
    0.013472697034308964,
    0.0061530871327005725,
    0.00948600932958005,
    0.004678910007157727,
    0.005057068487188284,
    0.01895279026187041,
    0.005396770172639461,
    0.00461481534952543,
    0.03696338905654605,
    0.0779775604754533,
    0.23964992488716086,
    0.003326512731116247,
    0.013190680540726854,
    0.3368815205153564,
    0.003397016854511775,
    0.028804139139954558,
    0.02816960202939481,
    0.010114136974376567,
    0.022939477966599325,
    0.06959397925714877,
    0.056499440702870364,
    0.2184281837451071,
    0.025234066709835582,
    0.005582644679773124,
    0.10692911732796215,
    0.011524219442287115,
    0.003935411978623075,
    0.0012434363580665741,
    0.09377048411605145,
    0.49509277341491986,
    0.02820164935821096,
    0.19391197720075326,
    0.009716750097056321,
    0.009889805672663525,
    0.15318623174119134,
    0.007434980285346525,
    0.013415011842439895,
    0.036412175000908285,
    0.007434980285346525,
    0.05262812338187959,
    0.009120669781075954,
    0.23882310380370428,
    0.1716134458104769,
    0.05803130302028228,
    0.009633427042134334,
    0.10281424030796864,
    0.20525032213590672,
    0.09457807680221839,
    0.057460860567354825,
    0.008896338479362912,
    0.009274496959393468,
    0.29357276035321284,
    0.02658646398587706,
    0.024317513105693724,
    0.006909404092761685,
    0.01462640087169032,
    0.012921482978671205,
    0.006467150955098831,
    0.049365705308395645,
    0.009876986741137066,
    0.00785800502571969,
    0.01362011474686325,
    0.03322026105081986,
    0.12185035362476104,
    0.009005299397337818,
    0.01962578416700954,
    0.043712556505226985,
    0.15131466773832827,
    0.04964131233621452,
    0.0092168117675244,
    0.29832217448376613,
    0.0034611115121440726,
    0.006037716748962437,
    0.05903117967934613,
    0.01216516601861009,
    0.007242696312449632,
    0.049750273254189424,
    0.013485515965835422,
    0.10760852069886451,
    0.004691728938684187,
    0.016453098614210803,
    0.0020702574415232136,
    0.0231061240764433,
    0.338041633818501,
    0.14093133320189605,
    0.24083567605335834,
    0.03443805954583352,
    0.01438925063845082,
    0.012883026184091824,
    0.004544311226129903,
    0.006095401940831505,
    0.04924392545889427
  ],