{
  "hour": 3,
  "dispatch": 2,
  "load": 0.6751198847745161,
  "wind": 0.3948404873528294,
  "solar": 0.0004232774100547878,
  "gen": [
    47,
    1,
    2,
    3,
    4,
    5,
    6,
    7,
    8,
    9,
    10,
    11,
    12,
    13,
    14,
    15,
    16,
    17,
    18,
    19,
    20,
    21,
    22,
    23,
    24,
    25,
    26,
    27,
    28,
    29,
    30,
    31,
    32,
    33,
    34,
    35,
    36,
    37,
    38,
    39,
    40,
    41,
    42,
    43,
    44,
    45,
    46,
    48,
    49
  ],
  "pg": [
    2.9777348822854743,
    0.045073497944202325,
    0.04507349794544506,
    0.04507349794420237,
    0.045073497945445073,
    0.0902464979399146,
    0.3415370215601975,
    0.04676499799753381,
    0.03308763284016711,
    0.03308763284016711,
    0.03308763284016711,
    0.03308763284016711,
    0.03308763284016711,
    0.03308763284016711,
    0.0,
    0.023879997876486564,
    0.17909999787089112,
    0.1790999978687011,
    0.03183999781252938,
    0.04974999781450428,
    0.06268499781375347,
    0.17909999798382237,
    0.26691216945051266,
    0.6112130744221799,
    0.005527766822939611,
    0.5271120506160272,
    0.0001651628454033782,
    0.0001651628454033782,
    0.0001651628454033782,
    0.0005668531075453718,
    0.0005668531075453718,
    0.3648326103140144,
    6.857094042887562e-06,
    9.807337590969433e-05,
    9.807337590969433e-05,
    9.807337590969433e-05,
    9.807337590969433e-05,
    1.3790699977160166,
    0.1193999977873808,
    0.2586999977783013,
    0.09352999778694922,
    0.09352999778905122,
    0.09352999778668593,
    0.09352999778703001,
    0.0935299977869088,
    0.17412499799962727,
    0.0,
    0.6716249977206782,
    0.6716249977206787
  ],
  "qg": [
    -0.4666993980365382,
    0.0028377676637754397,
    0.0030784105621572667,
    0.002982617179663581,
    0.0030346500172215964,
    0.0065540800282404225,
    -0.17565690243296508,
    -0.005699722135799062,
    -0.03409971557322161,
    -0.034099721168412075,
    -0.03409971452282004,
    -0.03409972379159974,
    -0.0340997236829436,
    -0.03409971368222073,
    0.0007546837298896777,
    0.001476581492496006,
    0.008571569347130919,
    0.010652992116750365,
    -0.0035996311031036288,
    -0.005499653769507295,
    -0.006999653887464308,
    -0.021999801777501545,
    -0.08992993042763198,
    -0.1863315689128398,
    0.00036129289090378893,
    0.03181519808990875,
    0.023686529188868887,
    0.07184458396664056,
    0.10619921613263078,
    0.08367066589202093,
    0.08363305255384726,
    -0.06376115493966883,
    -0.0065991283030175625,
    -0.09419907243732811,
    -0.0941984287968479,
    -0.09419906665102934,
    -0.09419906620188524,
    0.07771987702618237,
    -0.013299864101741539,
    -0.02889986205740137,
    -0.010399862753600476,
    -0.010399864160771275,
    -0.010399862369846618,
    -0.010399862767975587,
    -0.010399862746687685,
    -0.021127491067702196,
    -0.03248570705689448,
    -0.029310222660146,
    0.023036480426500038
  ],
  "pd": [
    0.049857603490598014,
    0.011443282046928047,
    0.053651777243030795,
    0.1602532070489269,
    0.288154669219459,
    0.002045613250866784,
    0.017040025891708787,
    0.3021701580273779,
    0.004820355977290045,
    0.005191671913916029,
    0.007642357095647523,
    0.03109602189271421,
    0.009525941574168422,
    0.01618262363804515,
    0.009134372040999204,
    0.01575054691178946,
    0.39890133511787057,
    0.0034633650088932676,
    0.043470969380631094,
    0.14016839047688504,
    0.024115282284145716,
    0.20123298405474002,
    0.00691997881893879,
    0.043079399847461876,
    0.013806201643638855,
    0.2588072078283108,
    0.007203529170544088,
    0.0644604465982708,
    0.014083000796396407,
    0.006413638905357903,
    0.021597085113936768,
    0.04278909829700884,
    0.010423851020918529,
    0.012300684300591684,
    0.003011034686094342,
    0.014967407845451022,
    0.005090403931199851,
    0.0037401641616508197,
    0.01903162955179361,
    0.006737696450049671,
    0.00939091759721352,
    0.012435708277546587,
    0.006555414081160551,
    0.0253845076675218,
    0.015818058900266913,
    0.009809491925773718,
    0.1387708923154018,
    0.05768224295513466,
    0.08683391957969827,
    0.022427482572209424,
    0.01484588626619161,
    0.016614700364300843,
    0.12665924158254696,
    0.02429081345418709,
    0.003996709717865136,
    0.005968059781406723,
    0.037084335270664175,
    0.014224775972199054,
    0.006042322968731919,
    0.015129436617796905,
    0.025330498076739844,
    0.032635295230000104,
    0.05569063929504984,
    0.33310415114774633,
    0.0578982813182625,
    0.015412986969402203,
    0.014920149453516808,
    0.3360476738453631,
    0.01419101997796033,
    0.0064811508938353544,
    0.00999177429466284,
    0.004928375158853968,
    0.005326695890870933,
    0.019963294992782443,
    0.005684509429801426,
    0.004860863170376516,
    0.038934163754946356,
    0.08213508518166764,
    0.2524273249171916,
    0.003503872201979739,
    0.013893967228659543,
    0.3548430114374857,
    0.0035781353893049356,
    0.030339887621766756,
    0.029671518935839986,
    0.010653391781741864,
    0.024162540676079935,
    0.07330451708881695,
    0.05951181784287359,
    0.23007410553230734,
    0.0265794698635727,
    0.005880294196386036,
    0.11263025037693253,
    0.0121386555282458,
    0.004145236092515529,
    0.0013097325764625614,
    0.09877003914251171,
    0.5214896037952272,
    0.02970527493007871,
    0.20425076993968208,
    0.010234817453181664,
    0.010417099822070784,
    0.16135365246110936,
    0.007831390663384386,
    0.014130259188330623,
    0.03835356065404026,
    0.007831390663384386,
    0.05543409373883552,
    0.009606955960341364,
    0.2515564202658325,
    0.1807633491483767,
    0.061125354367484695,
    0.010147051868160978,
    0.10829598071668013,
    0.2161936407013433,
    0.0996206901973276,
    0.060524497670035364,
    0.009370664000670284,
    0.009768984732687249,
    0.3092251608232716,
    0.02800397282044693,
    0.02561404842834514,
    0.007277792357869284,
    0.015406235770554458,
    0.013610416877054245,
    0.0068119596373748675,
    0.05199773352533323,
    0.010403597424375294,
    0.008276969787335567,
    0.014346297551458468,
    0.03499146362786317,
    0.12834704129448327,
    0.009485434381081952,
    0.020672170871795684,
    0.046043176141622,
    0.1593823023975678,
    0.05228803507578628,
    0.009708223943057542,
    0.3142277991694508,
    0.003645647377782387,
    0.006359629314575941,
    0.06217854138773295,
    0.012813775413020317,
    0.007628854697952031,
    0.05240280545619794,
    0.01420452237565582,
    0.11334587745479352,
    0.004941877556549458,
    0.017330327442161828,
    0.002180637227821687,
    0.024338071846121304,
    0.3560649784289276,
    0.1484453602642206,
    0.2536762967040244,
    0.03627419140893475,
    0.015156441413187888,
    0.013569909683967775,
    0.004786599983051319,
    0.006420390104205648,
    0.05186946074722607
  ],