{
  "hour": 3,
  "dispatch": 3,
  "load": 0.6742256402909128,
  "wind": 0.38272660323694113,
  "solar": 0.00044221234420791015,
  "gen": [
    47,
    1,
    2,
    3,
    4,
    5,
    6,
    7,
    8,
    9,
    10,
    11,
    12,
    13,
    14,
    15,
    16,
    17,
    18,
    19,
    20,
    21,
    22,
    23,
    24,
    25,
    26,
    27,
    28,
    29,
    30,
    31,
    32,
    33,
    34,
    35,
    36,
    37,
    38,
    39,
    40,
    41,
    42,
    43,
    44,
    45,
    46,
    48,
    49
  ],
  "pg": [
    3.035882322027463,
    0.04507349772348358,
    0.045073497724860155,
    0.04507349772348365,
    0.04507349772486016,
    0.09024649771873561,
    0.3310585117999541,
    0.046764997781843176,
    0.03207248935125567,
    0.03207248935125567,
    0.03207248935125567,
    0.03207248935125567,
    0.03207248935125567,
    0.03207248935125567,
    0.0,
    0.02387999764784522,
    0.1790999976416533,
    0.17909999763922774,
    0.03183999757646538,
    0.049749997578662254,
    0.0626849975778312,
    0.1790999977665116,
    0.25872318378817216,
    0.5924607818107849,
    0.005358172445317177,
    0.5109400153213164,
    0.00017255125670992655,
    0.00017255125670992655,
    0.00017255125670992655,
    0.0005922107713632333,
    0.0005922107713632333,
    0.35363938139093365,
    7.163839976168144e-06,
    0.00010246060015297277,
    0.00010246060015297277,
    0.00010246060015297277,
    0.00010246060015297277,
    1.3790699974697258,
    0.11939999754882692,
    0.2586999975387792,
    0.09352999754835109,
    0.09352999755067744,
    0.09352999754806066,
    0.09352999754844074,
    0.09352999754830627,
    0.17412499778380566,
    0.0,
    0.6716249974752984,
    0.671624997475299
  ],
  "qg": [
    -0.46669932400601716,
    0.0028008071586338706,
    0.0030320173034553023,
    0.002945693334182016,
    0.002988250010459703,
    0.006507845750145657,
    -0.17726784225400194,
    -0.0056996922757817136,
    -0.03409968505216326,
    -0.034099691249822185,
    -0.03409968388845329,
    -0.03409969415554075,
    -0.03409969403539444,
    -0.034099682957435616,
    0.0007502722130994355,
    0.0014738783652403832,
    0.008545081696384403,
    0.010631861854484045,
    -0.00359958819037588,
    -0.0054996138796587855,
    -0.0069996140370337965,
    -0.021999780478823606,
    -0.08912859128844432,
    -0.18507584147223646,
    0.00037774709305663954,
    0.03167904160288125,
    0.023614038976962622,
    0.07162422672396607,
    0.10587387000939914,
    0.08327875219796832,
    0.08324150978159751,
    -0.0645266772164721,
    -0.006599011480990816,
    -0.0941989473810286,
    -0.09419818845476043,
    -0.09419894084653706,
    -0.0941989403408492,
    0.07770991760585479,
    -0.013299849697471732,
    -0.028899847446745026,
    -0.010399848207721859,
    -0.010399849761576284,
    -0.01039984778429507,
    -0.010399848223623333,
    -0.010399848200076035,
    -0.021103461431399028,
    -0.032483492055886874,
    -0.02940537694463776,
    0.022947382274822386
  ],
  "pd": [
    0.04979156353548391,
    0.011428124602930972,
    0.05358071163391884,
    0.16004094023585397,
    0.28777298778896737,
    0.002042903690081466,
    0.01701745516094264,
    0.30176991208140674,
    0.004813971071677118,
    0.005184795173837119,
    0.007632234248093133,
    0.031054832991799442,
    0.00951332378450478,
    0.01616118859777318,
    0.00912227291313605,
    0.015729684187986995,
    0.3983729618222887,
    0.0034587775346923825,
    0.04341338897833188,
    0.1399827274371993,
    0.024083339871191406,
    0.2009664366015124,
    0.006910812812981857,
    0.04302233810696315,
    0.013787914343949166,
    0.25846439920552144,
    0.00719398758190404,
    0.06437506413497635,
    0.014064346856468441,
    0.006405143582763672,
    0.0215684782329063,
    0.04273242108163806,
    0.010410043886091694,
    0.01228439116610043,
    0.0030070463556974712,
    0.014947582445249536,
    0.005083661327793482,
    0.0037352100472116574,
    0.019006420799800833,
    0.006728771890103309,
    0.009378478656446598,
    0.012419236294158613,
    0.0065467309672247636,
    0.025350884074938313,
    0.015797106752016087,
    0.009796498553426963,
    0.13858708036179712,
    0.057605838706455595,
    0.08671890185421721,
    0.022397775770464125,
    0.014826221829997172,
    0.016592693007559365,
    0.12649147237497815,
    0.024258638537667042,
    0.003991415790522204,
    0.0059601546601716696,
    0.037035214421179845,
    0.014205934240929531,
    0.0060343194806036695,
    0.015109396598919356,
    0.025296946023715048,
    0.032592067451662717,
    0.055616873067597404,
    0.33266293091953647,
    0.05782159091134868,
    0.01539257136784154,
    0.014900386650429174,
    0.33560255471120476,
    0.014172222958914987,
    0.006472566146792763,
    0.00997853947630551,
    0.004921847174123663,
    0.005319640301895303,
    0.01993685218340229,
    0.005676979891249486,
    0.0048544246100945725,
    0.03888259267557695,
    0.08202629139779245,
    0.2520929669047723,
    0.0034992310731098374,
    0.013875563677186986,
    0.3543729965369038,
    0.003573395893541838,
    0.030299700274673623,
    0.02963221689078562,
    0.010639280603790604,
    0.02413053566601177,
    0.07320742002278731,
    0.059432990191643956,
    0.22976935595474016,
    0.02654426345825324,
    0.005872505326933851,
    0.11248106356973299,
    0.012122577012430613,
    0.004139745431386205,
    0.001307997742164371,
    0.09863921117456055,
    0.5207988535863127,
    0.02966592817280016,
    0.20398022521361275,
    0.010221260706810238,
    0.010403301629688784,
    0.16113992802952815,
    0.007821017427374588,
    0.014111542651288805,
    0.038302758624926755,
    0.007821017427374588,
    0.05536066732428685,
    0.00959423086133969,
    0.2512232158287971,
    0.1805239151878919,
    0.06104438947193925,
    0.01013361137357242,
    0.10815253495906532,
    0.215907276790359,
    0.0994887354813271,
    0.060444328652080326,
    0.00935825188723787,
    0.009756045015009509,
    0.3088155700224468,
    0.027966879559267067,
    0.02558012079263723,
    0.007268152402336039,
    0.015385829111438631,
    0.013592388908264802,
    0.00680293671053531,
    0.051928858815206105,
    0.010389817116882966,
    0.008266006349966592,
    0.014327294856181899,
    0.03494511493627801,
    0.12817703647570544,
    0.009472870246087325,
    0.020644789105707752,
    0.04598218866784025,
    0.1591711891598787,
    0.0522187758405312,
    0.009695364707383327,
    0.3138115820170025,
    0.003640818457570929,
    0.006351205531540398,
    0.06209618147079308,
    0.012796802652721526,
    0.007618749735287314,
    0.05233339419938065,
    0.014185707471720805,
    0.11319574274844135,
    0.0049353316869294814,
    0.017307372186267732,
    0.0021777488181396482,
    0.024305834332487408,
    0.35559334494583034,
    0.1482487337871659,
    0.2533402843393105,
    0.03622614365283074,
    0.015136365624530993,
    0.013551935369847347,
    0.004780259789662572,
    0.00641188583916658,
    0.051800755943550825
  ],