{
  "hour": 4,
  "dispatch": 3,
  "load": 0.6691493775253694,
  "wind": 0.5285690142238049,
  "solar": 0.000450760119412783,
  "gen": [
    47,
    1,
    2,
    3,
    4,
    5,
    6,
    7,
    8,
    9,
    10,
    11,
    12,
    13,
    14,
    15,
    16,
    17,
    18,
    19,
    20,
    21,
    22,
    23,
    24,
    25,
    26,
    27,
    28,
    29,
    30,
    31,
    32,
    33,
    34,
    35,
    36,
    37,
    38,
    39,
    40,
    41,
    42,
    43,
    44,
    45,
    46,
    48,
    49
  ],
  "pg": [
    2.0985627632618824,
    0.045073496971329716,
    0.04507349697315603,
    0.04507349697132997,
    0.045073496973156005,
    0.09024649696501794,
    0.4572121973035912,
    0.04676499706024849,
    0.044294083391954855,
    0.044294083391954855,
    0.044294083391954855,
    0.044294083391954855,
    0.044294083391954855,
    0.044294083391954855,
    0.0,
    0.023879996877869326,
    0.17909999686958444,
    0.17909999686635397,
    0.0318399967974059,
    0.04974999680013772,
    0.06268499679902848,
    0.17909999704266752,
    0.35731265361529213,
    0.8182248340184499,
    0.007399966199133268,
    0.7056396339887795,
    0.00017588659859486794,
    0.00017588659859486794,
    0.00017588659859486794,
    0.000603657951917599,
    0.000603657951917599,
    0.4883977691427957,
    7.302313934487085e-06,
    0.00010444111966794181,
    0.00010444111966794181,
    0.00010444111966794181,
    0.00010444111966794181,
    1.3790699966479938,
    0.11939999675605989,
    0.2586999967425667,
    0.09352999675538755,
    0.0935299967585081,
    0.09352999675498057,
    0.09352999675550348,
    0.09352999675532957,
    0.17412499706679987,
    0.0,
    0.6716249966520962,
    0.6716249966520984
  ],
  "qg": [
    -0.46669925926774863,
    0.003115715169241197,
    0.003428038735242607,
    0.003259796161324891,
    0.0033845078368392708,
    0.0068948157206762065,
    -0.1552179774359673,
    -0.00569959411312403,
    -0.03409958458168696,
    -0.03409959284509852,
    -0.03409958309045787,
    -0.034099596671729036,
    -0.03409959651630935,
    -0.03409958190213339,
    0.000724266306367095,
    0.0014579820914466996,
    0.008389089414875851,
    0.010509590086990251,
    -0.003599511669349448,
    -0.005499538685727437,
    -0.006999538877785436,
    -0.021999710284520742,
    -0.10409712320027786,
    -0.21063713368692757,
    -9.41276032526916e-05,
    0.021672091622508705,
    0.022931710320017992,
    0.06955056401389091,
    0.10281210310971263,
    0.07653340220284209,
    0.07650200281722347,
    -0.057759720412374274,
    -0.006598916533519703,
    -0.09419886106520936,
    -0.09419829943470197,
    -0.0941988542278295,
    -0.09419885369307454,
    0.0657538356334346,
    -0.013299796573990198,
    -0.02889979334703483,
    -0.010399794464309671,
    -0.010399796650247973,
    -0.01039979385761284,
    -0.010399794483970392,
    -0.010399794454897466,
    -0.021281402888045316,
    -0.03248935067001672,
    -0.030160987175409656,
    0.02218777870138289
  ],
  "pd": [
    0.04941668153024853,
    0.011342081949055012,
    0.053177301031941106,
    0.15883598774319693,
    0.28560633731537816,
    0.0020275226139018694,
    0.016889330288740324,
    0.29949787839280484,
    0.004777726555531137,
    0.005145758713170091,
    0.007574770953587182,
    0.03082102032881851,
    0.009441697716882962,
    0.016039510579283107,
    0.009053591077918248,
    0.015611254977666869,
    0.3953736012046397,
    0.0034327363067051453,
    0.04308652841885854,
    0.1389287937618172,
    0.023902015765206196,
    0.19945335495898686,
    0.006858781119635037,
    0.04269842177989382,
    0.013684104770393803,
    0.25651841387435037,
    0.007139823858195692,
    0.06389038256612227,
    0.013958456015179206,
    0.00635691908649101,
    0.021406088587036565,
    0.04241068754755792,
    0.010331666388991703,
    0.01219190165851223,
    0.002984406223763148,
    0.014835041699737438,
    0.005045386306541285,
    0.0037070875514905468,
    0.018863320952440164,
    0.006678110787703186,
    0.009307867841377888,
    0.012325731534017304,
    0.006497440455771337,
    0.02516001659495388,
    0.015678169915419406,
    0.009722740455443617,
    0.13754365455033968,
    0.05717212281576756,
    0.08606599293731303,
    0.02222914232139277,
    0.014714594811782873,
    0.016467766180899342,
    0.12553911471753457,
    0.02407599460336279,
    0.003961364314950187,
    0.005915280497324266,
    0.036756375307468545,
    0.014098977384459532,
    0.005988886928852056,
    0.014995637550343529,
    0.025106484644751858,
    0.03234668090957635,
    0.05519813215206773,
    0.33015830287101733,
    0.05738625061657568,
    0.015276680288904183,
    0.014788201243310664,
    0.33307579415702787,
    0.014065519915583266,
    0.006423834024243545,
    0.009903410787375468,
    0.004884790455935197,
    0.005279588588675165,
    0.019786747093425174,
    0.00563423775876361,
    0.004817875518182659,
    0.038589844601888065,
    0.08140871326973645,
    0.2501949522567356,
    0.0034728852693566674,
    0.013771094189472102,
    0.3517049128273342,
    0.003546491700884458,
    0.030071573025990103,
    0.029409115142239987,
    0.010559177177350328,
    0.023948856221632973,
    0.07265623941170461,
    0.058985517628861305,
    0.22803941636687064,
    0.026344410993173795,
    0.005828291078245968,
    0.11163419065255738,
    0.012031305807906142,
    0.004108577178005768,
    0.0012981497923992167,
    0.09789655393196155,
    0.5168777451756964,
    0.02944257261111625,
    0.20244445267652525,
    0.0101443045632846,
    0.01032497489521645,
    0.15992670122856328,
    0.007762132779294284,
    0.014005296471605982,
    0.038014376137216234,
    0.007762132779294284,
    0.05494385538860808,
    0.009521995642186006,
    0.24933174955972798,
    0.17916474583241765,
    0.06058478464114695,
    0.010057315144206302,
    0.1073382516488445,
    0.21428170516494904,
    0.0987396821476435,
    0.05998924169514936,
    0.009287793360052128,
    0.009682591492792096,
    0.30649048938794493,
    0.027756316179752324,
    0.025387527383312517,
    0.007213430289723482,
    0.01526998879512893,
    0.013490051450911448,
    0.006751717219230977,
    0.051537885057003956,
    0.010311591907665943,
    0.00820377136846103,
    0.014219424272414101,
    0.034682012237139896,
    0.127211988161348,
    0.00940154875423144,
    0.020489353939826812,
    0.045635987547230195,
    0.15797278504618922,
    0.05182561928933986,
    0.009622368048814813,
    0.31144888627540795,
    0.003613406638636995,
    0.00630338713628898,
    0.06162865767008653,
    0.012700455185431512,
    0.0075613879660366735,
    0.05193937468351917,
    0.014078902903133772,
    0.11234348899273428,
    0.004898173443485704,
    0.017177064521076233,
    0.002161352489406943,
    0.024122835059789568,
    0.3529160732006551,
    0.14713256513027823,
    0.25143287860515756,
    0.0359533960544381,
    0.015022403525444544,
    0.013449902488259925,
    0.004744269086654869,
    0.006363610580266263,
    0.05141074667527413
  ],