{
  "hour": 5,
  "dispatch": 2,
  "load": 0.6662103791653508,
  "wind": 0.6930963073869884,
  "solar": 0.0004710829898463187,
  "gen": [
    47,
    1,
    2,
    3,
    4,
    5,
    6,
    7,
    8,
    9,
    10,
    11,
    12,
    13,
    14,
    15,
    16,
    17,
    18,
    19,
    20,
    21,
    22,
    23,
    24,
    25,
    26,
    27,
    28,
    29,
    30,
    31,
    32,
    33,
    34,
    35,
    36,
    37,
    38,
    39,
    40,
    41,
    42,
    43,
    44,
    45,
    46,
    48,
    49
  ],
  "pg": [
    1.0891374107018137,
    0.04507349813881733,
    0.04507349813993556,
    0.04507349813881739,
    0.045073498139935546,
    0.09024649813493961,
    0.5995283058897449,
    0.04676499820115701,
    0.05808147055902963,
    0.05808147055902963,
    0.05808147055902963,
    0.05808147055902963,
    0.05808147055902963,
    0.05808147055902963,
    0.0,
    0.02387999808663389,
    0.17909999808149174,
    0.17909999807950774,
    0.0318399980465449,
    0.04974999804812548,
    0.06268499804744154,
    0.1790999981922493,
    0.4685331037936041,
    1.072913083835058,
    0.009703348303417837,
    0.9252835703616294,
    0.00018381658263803355,
    0.00018381658263803355,
    0.00018381658263803355,
    0.0006308743400021899,
    0.0006308743400021899,
    0.6404209880255771,
    7.631544435510362e-06,
    0.00010914992874739203,
    0.00010914992874739203,
    0.00010914992874739203,
    0.00010914992874739203,
    1.3790699979502616,
    0.11939999801806934,
    0.25869999800976495,
    0.09352999801765526,
    0.09352999801957074,
    0.09352999801740278,
    0.09352999801772575,
    0.09352999801761999,
    0.1741249982081227,
    0.0,
    0.6716249979501495,
    0.6716249979501501
  ],
  "qg": [
    -0.4666995962111125,
    0.0036736449621169944,
    0.004128161106809245,
    0.003817070000415237,
    0.0040847815492640145,
    0.007592240893925659,
    -0.12662471067224204,
    -0.005699754587455775,
    -0.03409974865442885,
    -0.03409975364369862,
    -0.034099747777953646,
    -0.03409975593418453,
    -0.03409975584093317,
    -0.034099747081634164,
    0.0006882614930188502,
    0.0014443753736638936,
    0.008270539273399593,
    0.010412063877524585,
    -0.003599724889039595,
    -0.005499738320885658,
    -0.006999738349927506,
    -0.021999823712275834,
    -0.10925637058853246,
    -0.21171671620087318,
    -0.0003922212468315497,
    0.0269254004937836,
    0.02246902713539568,
    0.06814472243842694,
    0.10073648302709495,
    0.07219197387387528,
    0.07216397278082404,
    -0.04048929807805214,
    -0.006599438404548971,
    -0.09419941200379808,
    -0.09419920803105868,
    -0.09419940835520778,
    -0.09419940806623689,
    0.05740229745987003,
    -0.01329987516364244,
    -0.028899873151690677,
    -0.010399873869576439,
    -0.010399875216034722,
    -0.010399873495211674,
    -0.010399873881746352,
    -0.010399873863743359,
    -0.021371510821873253,
    -0.03249663076068053,
    -0.02948858135670964,
    0.02278828806199671
  ],
  "pd": [
    0.04919963650136115,
    0.011292265926852695,
    0.05294373883227042,
    0.1581383577024793,
    0.284351914035355,
    0.0020186174488710127,
    0.01681514997013345,
    0.29818244150682766,
    0.004756742107240604,
    0.005123157815781547,
    0.007541501492151771,
    0.030685650064356054,
    0.009400228450023099,
    0.015969062788593457,
    0.009013826430107195,
    0.015542688145927634,
    0.3936370646336391,
    0.0034176592451182495,
    0.04289728631445694,
    0.13831859892231013,
    0.02379703474378633,
    0.1985773277178161,
    0.0068286563864448455,
    0.042510884294541036,
    0.013624002253931422,
    0.2553917488530372,
    0.007108464745694293,
    0.06360976700270769,
    0.013897148509389216,
    0.006328998602070832,
    0.02131207002949957,
    0.042224413831499934,
    0.010286288254313016,
    0.01213835310839269,
    0.0029712982910774645,
    0.014769884106095825,
    0.0050232262589067446,
    0.0036908055005760434,
    0.018780470588671237,
    0.0066487795840702,
    0.00926698637419003,
    0.01227159518422576,
    0.006468902781695556,
    0.02504951025661718,
    0.015609309183844167,
    0.009680036809272546,
    0.13693954343743786,
    0.05692101479588757,
    0.08568797896824742,
    0.022131508795872952,
    0.014649966237846063,
    0.01639543743125928,
    0.12498772923521145,
    0.023970249442369317,
    0.003943965444658876,
    0.005889299751821701,
    0.03659493612755272,
    0.01403705268901394,
    0.005962582893529889,
    0.01492977459709551,
    0.02499621342628396,
    0.03220460972885305,
    0.05495569417734979,
    0.3287082010801841,
    0.057134202117220485,
    0.015209582956344957,
    0.014723249379554253,
    0.33161287833334496,
    0.014003742170055674,
    0.006395619639987367,
    0.009859913611647191,
    0.004863335767907061,
    0.005256399891614618,
    0.01969984091191942,
    0.005609491392572254,
    0.004796714729990525,
    0.03842035256646579,
    0.08105115472925657,
    0.24909606076992466,
    0.0034576318678681706,
    0.01371060960322292,
    0.3501601752893084,
    0.003530915009576359,
    0.029939494439690864,
    0.02927994616431717,
    0.010512799783229235,
    0.023843669470327906,
    0.07233712296977378,
    0.058726444923425665,
    0.22703783511575987,
    0.02622870262773986,
    0.005802692402530205,
    0.11114387755615547,
    0.011978462617393007,
    0.004090531728075253,
    0.0012924481355807806,
    0.09746657847189083,
    0.5146075452824835,
    0.029313256683275432,
    0.2015552881126852,
    0.010099749348146718,
    0.010279626150521361,
    0.15922428062051883,
    0.007728040398318068,
    0.013943783235930792,
    0.03784741164038358,
    0.007728040398318068,
    0.05470253423326695,
    0.009480173695522941,
    0.24823664938080142,
    0.17837782902152266,
    0.060318687729630865,
    0.010013141998855222,
    0.10686680692191391,
    0.2133405497201203,
    0.09830600354963916,
    0.05972576049217369,
    0.009247000062815069,
    0.009640064186522626,
    0.3051443399691056,
    0.02763440652777875,
    0.02527602178553341,
    0.007181747887402481,
    0.015202920852553304,
    0.013430801243973473,
    0.006722062725778389,
    0.051311523403315316,
    0.010266301942938056,
    0.0081677392485672,
    0.014156970557263705,
    0.03452968395214013,
    0.12665325518312484,
    0.009360255827273178,
    0.02039936181004304,
    0.04543554785907692,
    0.157278946313356,
    0.05159799386635642,
    0.009580105252397744,
    0.3100809588787209,
    0.0035975360474928943,
    0.006275701771737603,
    0.061357975921128814,
    0.012644672996558358,
    0.007528177284568463,
    0.05171124963081452,
    0.014017066377638979,
    0.11185006055807074,
    0.0048766599754903675,
    0.017101620433174553,
    0.0021518595247040826,
    0.024016884168910894,
    0.3513660160755977,
    0.1464863381708773,
    0.25032854997138054,
    0.03579548367255429,
    0.014956423012262125,
    0.01339082862122355,
    0.004723431588282337,
    0.0063356607058624856,
    0.051184943431273895
  ],