{
  "hour": 8,
  "dispatch": 0,
  "load": 0.8859092574809452,
  "wind": 0.5939957603266334,
  "solar": 0.07331296967298083,
  "gen": [
    47,
    1,
    2,
    3,
    4,
    5,
    6,
    7,
    8,
    9,
    10,
    11,
    12,
    13,
    14,
    15,
    16,
    17,
    18,
    19,
    20,
    21,
    22,
    23,
    24,
    25,
    26,
    27,
    28,
    29,
    30,
    31,
    32,
    33,
    34,
    35,
    36,
    37,
    38,
    39,
    40,
    41,
    42,
    43,
    44,
    45,
    46,
    48,
    49
  ],
  "pg": [
    4.623921757176313,
    0.0450734974653818,
    0.04507349746689585,
    0.045073497465381876,
    0.04507349746689584,
    0.09024649746015384,
    0.5138063326825378,
    0.04676499754163772,
    0.04977684471537189,
    0.04977684471537189,
    0.04977684471537189,
    0.04977684471537189,
    0.04977684471537189,
    0.04977684471537189,
    0.0,
    0.023879997412356337,
    0.17909999740564284,
    0.17909999740305194,
    0.031839997301457666,
    0.049749997304533194,
    0.06268499730364688,
    0.17909999752334738,
    0.4015411339808041,
    0.9195054369856286,
    0.008315940644572868,
    0.7929843400360554,
    0.02860672076639712,
    0.02860672076639712,
    0.02860672076639712,
    0.09818072898605593,
    0.09818072898605593,
    0.5488520825418093,
    0.0011876701087022894,
    0.01698661507322966,
    0.01698661507322966,
    0.01698661507322966,
    0.01698661507322966,
    1.3790699972272231,
    0.119399997278774,
    0.2586999972681913,
    0.0935299972783941,
    0.09352999728084505,
    0.09352999727814618,
    0.09352999727850302,
    0.09352999727833966,
    0.1741249975649846,
    0.0,
    0.6716249971966225,
    0.6716249971966228
  ],
  "qg": [
    -0.46669672575674787,
    0.006006678307754093,
    0.007041252897610923,
    0.006151689310360615,
    0.006997179718966683,
    0.010593861956138852,
    -0.15682887692022182,
    -0.005699555900787417,
    -0.03409953968939278,
    -0.03409955316441754,
    -0.03409953812385938,
    -0.03409955874133065,
    -0.03409955857438913,
    -0.034099536877774866,
    0.002106880376859981,
    0.002104893765677075,
    0.014579901018408616,
    0.015379789775438253,
    -0.0035990723307067506,
    -0.005499196158237431,
    -0.0069991972260968795,
    -0.021999706722261272,
    0.014133973948537486,
    0.04748140489666299,
    0.003444779808242664,
    0.24591135881013051,
    0.0441025552451477,
    0.1337864425071847,
    0.19751310899045868,
    0.22780002790352646,
    0.22747931249093972,
    0.02353507718779603,
    -0.006504502279494081,
    -0.09359294575529625,
    -0.05490616094654535,
    -0.09359805248411904,
    -0.09359850134281449,
    0.1716625751895063,
    -0.01329984710664,
    -0.028899845307336577,
    -0.010399845800575933,
    -0.010399847180964157,
    -0.010399845450884898,
    -0.010399845820663564,
    -0.010399845790842339,
    0.008115890210870128,
    0.0006221793999011149,
    0.0006491266686555825,
    0.05177493928577899
  ],
  "pd": [
    0.0654243986649678,
    0.015016161914302021,
    0.07040320869201071,
    0.21028828044825196,
    0.378123789278017,
    0.002684305050167264,
    0.022360349658819056,
    0.39651526546332144,
    0.006325392098413948,
    0.0068126421900284685,
    0.0100284927946843,
    0.04080498039957233,
    0.012500179623056136,
    0.021235244901818256,
    0.011986352253717188,
    0.02066826297703045,
    0.5234483438751912,
    0.004544714490877249,
    0.05704369708919806,
    0.18393248003819385,
    0.031644678677219366,
    0.26406297237734533,
    0.009080569889179688,
    0.05652986971985912,
    0.01811684431548533,
    0.33961331385532034,
    0.009452651777321686,
    0.08458661590428064,
    0.018480067111052517,
    0.008416137946068979,
    0.028340237146815436,
    0.05614892873914231,
    0.013678438935505794,
    0.01614126667130282,
    0.0039511552883650155,
    0.019640608238352553,
    0.006679755801406327,
    0.004907937286444437,
    0.024973781968387846,
    0.008841374389659833,
    0.012322997771559948,
    0.016318448522799008,
    0.008602178890139978,
    0.033310188081283526,
    0.020756853902778545,
    0.012872261511198134,
    0.1820986478752083,
    0.07569208695917196,
    0.11394564869719918,
    0.029429905533516997,
    0.019481144572005983,
    0.021802226826606062,
    0.1662054357960001,
    0.031875015084164404,
    0.005244582804287195,
    0.007831437836131556,
    0.04866299551342832,
    0.018666108055123514,
    0.00792888785445446,
    0.01985322646014798,
    0.03323931534068506,
    0.04282485350662888,
    0.07307865464960317,
    0.43710762764109845,
    0.07597557792156587,
    0.020225308348289978,
    0.01957859459032889,
    0.44097019200371523,
    0.01862181259224947,
    0.008504728871817073,
    0.013111457010717989,
    0.0064671375796109,
    0.006989824041524658,
    0.026196336743711548,
    0.007459355947989558,
    0.006378546653862805,
    0.05109038687892612,
    0.1077797202651318,
    0.3312414713721254,
    0.004597869046326105,
    0.01823201251895785,
    0.4656339057319848,
    0.004695319064649009,
    0.039812762031193674,
    0.038935711866287546,
    0.013979648083049315,
    0.03170669232524303,
    0.09619202717728102,
    0.07809290104694531,
    0.3019090158569313,
    0.034878247467024816,
    0.007716269632659033,
    0.1477962414255461,
    0.015928648449507393,
    0.005439482840933003,
    0.0017186639595130337,
    0.1296085243694623,
    0.6843117468485813,
    0.038980007329161584,
    0.2680229867582851,
    0.01343038434341113,
    0.013669579842930983,
    0.2117323125379459,
    0.010276547386778963,
    0.018542080759076183,
    0.050328504917492495,
    0.010276547386778963,
    0.0727420091317604,
    0.01260648873395385,
    0.3300986484299751,
    0.23720220369052306,
    0.08021022417232479,
    0.013315216139938605,
    0.1421087039925184,
    0.2836947215231231,
    0.13072477003388827,
    0.07942176493316673,
    0.012296420493835518,
    0.012819106955749277,
    0.40577301720399733,
    0.03674751600030961,
    0.03361139722882706,
    0.009550101795644588,
    0.02021644925571517,
    0.017859930630815854,
    0.008938824407982738,
    0.06823273101118241,
    0.013651861657781365,
    0.010861247496716388,
    0.018825571721470088,
    0.04591667681523739,
    0.1684202089397025,
    0.01244702506760728,
    0.027126541464066543,
    0.06041901136020046,
    0.20914545750610156,
    0.0686136719918992,
    0.012739375122575992,
    0.41233760480193116,
    0.004783909990397104,
    0.008345265205470503,
    0.08159224261399506,
    0.01681455770698834,
    0.01001077460953468,
    0.06876427656567095,
    0.018639530777399087,
    0.1487353052384759,
    0.006484855764760519,
    0.022741290639535863,
    0.0028614869016634526,
    0.03193702873218807,
    0.46723740148802534,
    0.19479372753491023,
    0.33288040349846515,
    0.047599904404451186,
    0.01988866283044722,
    0.017806776075366997,
    0.006281096635539901,
    0.008424997038643788,
    0.06806440825226101
  ],