{
  "hour": 8,
  "dispatch": 2,
  "load": 0.9750712324748444,
  "wind": 0.3364988409445661,
  "solar": 0.17204758732620595,
  "gen": [
    47,
    1,
    2,
    3,
    4,
    5,
    6,
    7,
    8,
    9,
    10,
    11,
    12,
    13,
    14,
    15,
    16,
    17,
    18,
    19,
    20,
    21,
    22,
    23,
    24,
    25,
    26,
    27,
    28,
    29,
    30,
    31,
    32,
    33,
    34,
    35,
    36,
    37,
    38,
    39,
    40,
    41,
    42,
    43,
    44,
    45,
    46,
    48,
    49
  ],
  "pg": [
    7.031525738370794,
    0.0450734972743583,
    0.04507349727600114,
    0.04507349727435846,
    0.04507349727600109,
    0.09024649726871857,
    0.2910714974170497,
    0.04676499733715093,
    0.028198602871154645,
    0.028198602871154645,
    0.028198602871154645,
    0.028198602871154645,
    0.028198602871154645,
    0.028198602871154645,
    0.0,
    0.023879997201040483,
    0.17909999719390213,
    0.17909999719114247,
    0.03183999705555814,
    0.049749997059287156,
    0.06268499705834689,
    0.1790999973120886,
    0.22747321647852664,
    0.5209002057821883,
    0.004710983773223926,
    0.4492259526609958,
    0.06713296857468556,
    0.06713296857468556,
    0.06713296857468556,
    0.230406128947255,
    0.230406128947255,
    0.31092492903277913,
    0.0027871709146845363,
    0.039863425983481915,
    0.039863425983481915,
    0.039863425983481915,
    0.039863425983481915,
    1.379069996999395,
    0.11939999704273943,
    0.25869999703246666,
    0.09352999704268072,
    0.09352999704504632,
    0.09352999704258295,
    0.09352999704282103,
    0.09352999704261057,
    0.17412499735827114,
    0.0,
    0.6716249969641669,
    0.6716249969641676
  ],
  "qg": [
    -0.06996723225556588,
    0.006177979872642557,
    0.007247752590205061,
    0.006325322726923992,
    0.007202959711500658,
    0.010858716001085577,
    -0.21336805148865357,
    -0.005699565424476202,
    -0.03409955225681534,
    -0.03409956322212767,
    -0.03409955060554612,
    -0.03409956805792718,
    -0.034099567886801116,
    -0.03409954928026811,
    0.0026649518605499243,
    0.002363343703185863,
    0.017052819506794388,
    0.017326304752952663,
    -0.0035967665513044742,
    -0.005498373352126985,
    -0.006998393895665967,
    -0.021999701915104263,
    0.06785481553479697,
    0.1525808650545884,
    0.0035679670513324314,
    0.31605498183022834,
    0.052776941985433264,
    0.15940057200285385,
    0.23502807809207982,
    0.27939423037851985,
    0.27871950872130763,
    0.03002807351000623,
    -0.005972827576341005,
    -0.07664584462163526,
    -0.03474982728636277,
    -0.07688709006284469,
    -0.07690627448371823,
    0.18722529556120432,
    -0.013299859317407459,
    -0.028899858401561507,
    -0.010399858436240132,
    -0.010399859400989446,
    -0.010399858237559003,
    -0.01039985846072801,
    -0.010399858424280334,
    0.013288875346118653,
    0.012993504686278167,
    0.0023577219827453384,
    0.053357297912971446
  ],
  "pd": [
    0.07200901051826726,
    0.016527457390448613,
    0.07748891084477588,
    0.2314526584525538,
    0.41617990344491307,
    0.0029544658343987787,
    0.024610797907665072,
    0.4364223822310908,
    0.006962008599870389,
    0.007498297777731553,
    0.01103780635161524,
    0.04491178096779133,
    0.013758255090220054,
    0.023372457442422022,
    0.013192713775384645,
    0.022748411853638118,
    0.5761305884200865,
    0.005002115422595952,
    0.06278483665905524,
    0.2024442892864272,
    0.03482954442400144,
    0.2906394822637769,
    0.009994480132867155,
    0.06221929534421983,
    0.019940206704110567,
    0.3737935569692316,
    0.01040401005050659,
    0.09309980127669813,
    0.020339985909425255,
    0.009263176708511022,
    0.03119252872687027,
    0.06180001471425564,
    0.015055099829411597,
    0.017765797855691667,
    0.004348817696837807,
    0.0216173292239673,
    0.007352037092860327,
    0.005401894627910638,
    0.027487258043465863,
    0.009731210900098946,
    0.013563240843725085,
    0.017960812102186634,
    0.00946794166733074,
    0.03666267834105414,
    0.022845918976885603,
    0.014167785007859488,
    0.2004258918352043,
    0.08331008610265071,
    0.1254136619209145,
    0.03239186634281433,
    0.021441816402121828,
    0.023996503031205922,
    0.18293311392460557,
    0.0350830629444449,
    0.005772421696251079,
    0.008619629695077626,
    0.05356066279984321,
    0.02054475086824497,
    0.008726887530649857,
    0.021851346319761263,
    0.036584672642456156,
    0.047134943377833964,
    0.08043362596684993,
    0.4811001461030883,
    0.08362210889704266,
    0.0222608762374007,
    0.021549074237694064,
    0.4853514566766785,
    0.02049599730662123,
    0.009360683831758506,
    0.014431054240627697,
    0.007118019997066364,
    0.0076933120242265235,
    0.02883285634428115,
    0.00821009977743819,
    0.00702051287381888,
    0.05623235797682429,
    0.11862716614288957,
    0.3645791338223443,
    0.0050606196965444425,
    0.020066965964332297,
    0.5124974397887783,
    0.005167877532116675,
    0.043819701187419506,
    0.04285438066726941,
    0.015386624048453043,
    0.03489779941027468,
    0.1058732344221186,
    0.08595252914265752,
    0.33229452531510223,
    0.038388554422534624,
    0.008492870434855896,
    0.1626711337137783,
    0.0175317807598977,
    0.005986937367395544,
    0.0018916381910011983,
    0.14265292131106974,
    0.7531840228128688,
    0.04290313422889315,
    0.2949980506729394,
    0.014782079884318641,
    0.015045349117086848,
    0.23304202456148781,
    0.011310826296708194,
    0.020408240895698492,
    0.05539379671689591,
    0.011310826296708194,
    0.08006309889850947,
    0.013875263638117035,
    0.3633212919324519,
    0.2610753224951396,
    0.08828294938827243,
    0.01465532062409691,
    0.1564111764012898,
    0.3122470607754194,
    0.14388151106398803,
    0.0874151359913698,
    0.01353398870675084,
    0.014109280733910998,
    0.446611876610453,
    0.04044595472305655,
    0.0369942025600956,
    0.010511267886078823,
    0.022251125525075948,
    0.019657436046692865,
    0.00983846873567118,
    0.07509998632521252,
    0.015025847692437352,
    0.011954373310141592,
    0.020720263690090446,
    0.050537941979171185,
    0.18537079200579268,
    0.013699750816271564,
    0.029856681138379738,
    0.06649985805478438,
    0.23019481656266128,
    0.0755192669551767,
    0.014021524322988263,
    0.4538371544430916,
    0.00526538465536416,
    0.009185171009913035,
    0.08980406051093319,
    0.018506851992372546,
    0.011018304926965742,
    0.07568502906469741,
    0.020515498731270725,
    0.16370470922020164,
    0.007137521421715861,
    0.025030078537629254,
    0.003149480080893747,
    0.035151317930718136,
    0.5142623187195577,
    0.21439866259656878,
    0.36638301560242276,
    0.05239057732087339,
    0.02189034916906026,
    0.019598931772744372,
    0.006913255038246646,
    0.00927292742083577,
    0.07491472279104229
  ],