{
  "hour": 8,
  "dispatch": 3,
  "load": 0.9937382286815903,
  "wind": 0.3422636865744688,
  "solar": 0.22787445233379527,
  "gen": [
    47,
    1,
    2,
    3,
    4,
    5,
    6,
    7,
    8,
    9,
    10,
    11,
    12,
    13,
    14,
    15,
    16,
    17,
    18,
    19,
    20,
    21,
    22,
    23,
    24,
    25,
    26,
    27,
    28,
    29,
    30,
    31,
    32,
    33,
    34,
    35,
    36,
    37,
    38,
    39,
    40,
    41,
    42,
    43,
    44,
    45,
    46,
    48,
    49
  ],
  "pg": [
    7.001160406506964,
    0.0450734974488577,
    0.045073497450392554,
    0.04507349744885786,
    0.04507349745039249,
    0.09024649744358706,
    0.29605808888691554,
    0.04676499750731393,
    0.028681696934940493,
    0.028681696934940493,
    0.028681696934940493,
    0.028681696934940493,
    0.028681696934940493,
    0.028681696934940493,
    0.0,
    0.02387999737344191,
    0.17909999736671808,
    0.17909999736413024,
    0.03183999724333296,
    0.04974999724686151,
    0.0626849972459828,
    0.17909999748386812,
    0.2313702521243409,
    0.5298241868172777,
    0.004791691612042563,
    0.4569220215769158,
    0.08891661130064693,
    0.08891661130064693,
    0.08891661130064693,
    0.3051694665654186,
    0.3051694665654186,
    0.3162516463948092,
    0.0036915661278074828,
    0.05279851060574036,
    0.05279851060574036,
    0.05279851060574036,
    0.05279851060574036,
    1.3790699971895979,
    0.1193999972323581,
    0.258699997222568,
    0.09352999723224231,
    0.09352999723450324,
    0.09352999723212284,
    0.09352999723236995,
    0.09352999723217849,
    0.17412499752568394,
    0.0,
    0.6716249971571628,
    0.6716249971571632
  ],
  "qg": [
    -0.054561877190703226,
    0.006595426884169912,
    0.007770134537188865,
    0.0067428449601361524,
    0.00772526143604681,
    0.011389396849450364,
    -0.20746530133858496,
    -0.005699570744524561,
    -0.03409955658615113,
    -0.03409956831230635,
    -0.034099554960707344,
    -0.03409957337461495,
    -0.0340995732060767,
    -0.03409955365634253,
    0.0027689745127472587,
    0.002411775878593006,
    0.017515499946008938,
    0.017691014488914535,
    -0.0035961652489452257,
    -0.005498335020406704,
    -0.0069983623546803035,
    -0.0219997117633321,
    0.06657234551774,
    0.14996976593447847,
    0.0035693953219890708,
    0.3159418897991067,
    0.05424138142335556,
    0.16310550582229266,
    0.24028630088078087,
    0.2801288993794454,
    0.27924738761679835,
    0.03185371399720569,
    -0.005944631416694657,
    -0.07417190494525501,
    -0.033491275494832766,
    -0.07445001896867795,
    -0.07447220775686232,
    0.19083185897172897,
    -0.01329986459178073,
    -0.028899863602595485,
    -0.010399863701414687,
    -0.010399864671993412,
    -0.010399863493272099,
    -0.01039986372425935,
    -0.01039986369026375,
    0.013859486959583082,
    0.014364141975037367,
    0.0038497205176102525,
    0.054773232219386125
  ],
  "pd": [
    0.07338756818813545,
    0.016843862976152955,
    0.07897237703332598,
    0.2358836433421491,
    0.42414735076587634,
    0.0030110268329052187,
    0.02508195289192334,
    0.4447773563933062,
    0.007095290952786554,
    0.00764184697856143,
    0.011249116748675602,
    0.04577158281307405,
    0.014021646406697239,
    0.02381990534149772,
    0.013445278234061917,
    0.023183912875141502,
    0.5871601697988044,
    0.005097877113136558,
    0.06398680454480761,
    0.20631993103887178,
    0.035496329528506405,
    0.29620355382312163,
    0.010185816843986301,
    0.06341043637217228,
    0.02032194677653852,
    0.3809495499650877,
    0.01060318690003257,
    0.09488212607451824,
    0.020729379450297975,
    0.009440513172475108,
    0.03178968593552407,
    0.0629831289338392,
    0.015343318250843755,
    0.018105910526578575,
    0.004432072499919893,
    0.022031176529870855,
    0.007492786244259191,
    0.005505309786896011,
    0.028013480666534033,
    0.009917507522242271,
    0.013822898760960923,
    0.018304658172314893,
    0.009649198200498242,
    0.03736455739842778,
    0.02328328669800966,
    0.014439016462743507,
    0.2042628929055009,
    0.08490499425855508,
    0.12781461097302615,
    0.03301198395680243,
    0.02185230364870817,
    0.024455897807853937,
    0.18643522908295315,
    0.03575470146796362,
    0.005882930313795015,
    0.008784645941545259,
    0.05458604090147976,
    0.020938064478321108,
    0.008893957146700233,
    0.02226967370475444,
    0.037285058340133265,
    0.048037305974468064,
    0.0819734664839444,
    0.49031044203149676,
    0.0852229904917332,
    0.022687043760800708,
    0.021961614853863148,
    0.49464314070854837,
    0.02088837756688703,
    0.009539886995343267,
    0.014707325784487538,
    0.007254289069375609,
    0.007840594624297748,
    0.029384839422114624,
    0.00836727588549899,
    0.00715491524650745,
    0.05730888364806733,
    0.12089819290140229,
    0.37155872370404663,
    0.005157501406857454,
    0.020451132746267132,
    0.522308812995044,
    0.005266812612012429,
    0.04465859599695067,
    0.043674795150555897,
    0.015681189248595493,
    0.03556589120451412,
    0.10790009687024707,
    0.08759802485828218,
    0.33865605095239915,
    0.03912347406319421,
    0.008655459971816652,
    0.1657853486909497,
    0.017867413351694995,
    0.006101552724104964,
    0.0019278521636422854,
    0.1453839028561167,
    0.7676031573628077,
    0.04372448206198997,
    0.3006455637053283,
    0.01506507154681291,
    0.015333380868556939,
    0.2375034366549001,
    0.011527363452706448,
    0.020798941126305686,
    0.056454268771401146,
    0.011527363452706448,
    0.08159584595704539,
    0.01414089499413903,
    0.3702768013890475,
    0.2660734107294958,
    0.0899730592248312,
    0.014935885577084303,
    0.15940554926281392,
    0.3182247929707057,
    0.14663601302425547,
    0.08908863220130457,
    0.013793086614100473,
    0.014379392169022613,
    0.4551619208830288,
    0.04122026172571237,
    0.03770242839617954,
    0.010712498105187544,
    0.022677106378513893,
    0.020033762690220863,
    0.010026818727397246,
    0.07653771837305609,
    0.015313506103983307,
    0.012183230683636298,
    0.021116937359483796,
    0.051505452392566826,
    0.18891957465465714,
    0.013962022112976345,
    0.030428264562230297,
    0.06777294719608445,
    0.23460172102714985,
    0.07696502581138917,
    0.014289955728441269,
    0.4625255211575594,
    0.005366186434880588,
    0.00936101411418058,
    0.09152329086157449,
    0.018861151580376587,
    0.011229241984101971,
    0.07713396131026504,
    0.02090825233146066,
    0.16683871121335223,
    0.007274163833949241,
    0.025509260330256422,
    0.0032097744786415364,
    0.03582426314397133,
    0.5241074791889576,
    0.21850316172250808,
    0.37339713942710756,
    0.05339355502706185,
    0.022309423233901705,
    0.019974138396499967,
    0.007045604041352476,
    0.009450450554761923,
    0.07634890810960658
  ],