label,target_initial_hz,actual_initial_hz,min_hz,max_hz,final_hz,abs_mean_hz,ace_integral_end,ace_raw_end
h5d2_cold_freqoffset_manual,0.04010401317963819,60.040104013179636,-0.015263638167681837,60.040104013179636,-0.007165976237226701,0.08411260753569348,66.31489828716386,-0.662504044793138
