{
  "ace_integral": 12.347719541088605,
  "ace_raw": -0.037621285105114075
}