{
  "ace_integral": -454.6353492581105,
  "ace_raw": 4.5452317820665
}