{
  "ace_integral": -1069.0726804107676,
  "ace_raw": 10.688940170992085
}