{
  "ace_integral": -9.459762498485032,
  "ace_raw": 0.028245368110073797
}