{
  "ace_integral": -31.17359505727249,
  "ace_raw": 0.09307618069435981
}