{
  "ace_integral": 0.3970066153230543,
  "ace_raw": 0.0021534048449322494
}