{
  "ace_integral": -772.1176565600516,
  "ace_raw": 7.7212387003150225
}