{
  "ace_integral": -435.4236712377834,
  "ace_raw": 4.353324250678056
}