{
  "ace_integral": -534.4724894183789,
  "ace_raw": 5.344814654784622
}