{
  "ace_integral": -1006.15223591333,
  "ace_raw": 10.065100994298877
}