{
  "ace_integral": -341.4370671337266,
  "ace_raw": 3.412823551921445
}