{
  "ace_integral": -705.9939865721672,
  "ace_raw": 7.058238159636206
}