{
  "ace_integral": -17.382458901879502,
  "ace_raw": 0.05349580065504621
}