{
  "ace_integral": -18.575994907514517,
  "ace_raw": 0.05493507827441353
}