{
  "ace_integral": -433.49849239702735,
  "ace_raw": 4.333096459979307
}