{
  "ace_integral": -448.69883124615046,
  "ace_raw": 4.4879013008486295
}