{
  "ace_integral": -2.6807006620394986,
  "ace_raw": 0.00902698344102701
}