{
  "ace_integral": -793.7359972440524,
  "ace_raw": 7.939447074368152
}