{
  "ace_integral": -2.097461530791667,
  "ace_raw": 0.00930602719088527
}