{
  "ace_integral": 52.73072188918558,
  "ace_raw": -0.16077183424216981
}