{
  "ace_integral": -1.892505757693774,
  "ace_raw": 0.0037496769937211175
}