{
  "ace_integral": -42.839377105816865,
  "ace_raw": 0.13179304571876657
}