{
  "ace_integral": -829.9346910605374,
  "ace_raw": 8.300593743502295
}