{
  "ace_integral": -628.2806384709464,
  "ace_raw": 1.8851807221918968
}