{
  "ace_integral": -27.441699995938052,
  "ace_raw": 0.08186154597576485
}