{
  "ace_integral": -16.707394065283076,
  "ace_raw": 0.05185450279353034
}