{
  "ace_integral": 0.24698525251790832,
  "ace_raw": 0.0016045004299285223
}