label,prev_end_hz,initial_sample_hz,ace_integral_start,ace_raw_start,ace_integral_end,ace_raw_end,min_hz,max_hz,final_hz,abs_mean_hz
h5d2_cold_freq_agc_inherit,0.04010401317963819,0.04010401317963819,60.300520924984035,-0.6066145704360073,68.24328948020451,-0.68163843206413,-0.09709623502601072,0.04010401317963819,-0.008827360823864261,0.01200631794038031
