{
  "ace_integral": -504.9015366698519,
  "ace_raw": 5.048975889216183
}