{
  "ace_integral": -7.232626716856675,
  "ace_raw": 0.02159071096281362
}