{
  "ace_integral": -308.4441446021886,
  "ace_raw": 3.0853919780556063
}