{
  "ace_integral": 3.1176103943122637,
  "ace_raw": -0.009426851253067569
}