{
  "ace_integral": -5.5670078437693045,
  "ace_raw": 0.018799912380767416
}