label,cold_end_first_hz,cold_start_second_hz,cold_jump_hz,hot_end_first_hz,hot_start_second_hz,hot_jump_hz,hot_step_0_to_1_hz,hot_min_hz,hot_max_hz
h5_kp003_ki001_gov_only,0.0401040131796381,0.0,-0.0401040131796381,0.04010401317963819,0.04010401317963819,0.0,-0.5913625599393857,-4.744452025394105,1.0129015980317346
