{
  "ace_integral": 13.166927937079038,
  "ace_raw": -0.04009206752012216
}