{
  "ace_integral": -669.6673308280662,
  "ace_raw": 6.697362035221097
}