{
  "ace_integral": -387.41071124353334,
  "ace_raw": 3.874869305674276
}