{
  "ace_integral": -19.479273338263162,
  "ace_raw": 0.05852374297986444
}