{
  "ace_integral": -598.9066881772177,
  "ace_raw": 5.985272928296326
}