{
  "ace_integral": -783.083483326063,
  "ace_raw": 7.833342395983249
}