{
  "ace_integral": -1094.189750723562,
  "ace_raw": 10.941419110250072
}