{
  "ace_integral": -410.4633103829738,
  "ace_raw": 4.104185785271083
}