{
  "ace_integral": -4.491261412872813,
  "ace_raw": 0.013209022232280574
}