{
  "ace_integral": 9.771037591615702,
  "ace_raw": -0.031208977333331913
}