{
  "ace_integral": 44.79059783790969,
  "ace_raw": -0.1329098081601838
}