{
  "ace_integral": -834.0060361388013,
  "ace_raw": 8.341327363382064
}