{
  "ace_integral": -739.2930724076916,
  "ace_raw": 7.394244054611632
}