{
  "ace_integral": 16.005423414900392,
  "ace_raw": -0.9999925624742247
}