{
  "ace_integral": -679.0181339138908,
  "ace_raw": 6.793075472058901
}