{
  "ace_integral": -741.5342170850097,
  "ace_raw": 7.416474490296184
}