{
  "ace_integral": -544.734335039296,
  "ace_raw": 5.448622597379624
}