{
  "ace_integral": -483.3792932029793,
  "ace_raw": 4.832381975566906
}