{
  "ace_integral": 6.495900803672648,
  "ace_raw": -0.018469108490194352
}