{
  "ace_integral": -0.3119563530602689,
  "ace_raw": 0.0011468701221976586
}