{
  "ace_integral": -668.87981981662,
  "ace_raw": 6.687806142286578
}