{
  "ace_integral": 7.523282464310685,
  "ace_raw": -0.02138031655959853
}