{
  "ace_integral": -837.6853811622577,
  "ace_raw": 8.376772716499072
}