label,target_initial_hz,actual_initial_hz,min_hz,max_hz,final_hz,abs_mean_hz,ace_integral_end,ace_raw_end
h5d2_cold_freqoffset,0.04010401317963819,0.0,-0.015263638180305072,0.04734531524462682,-0.007165976247152095,0.017401380864481945,66.31489829869435,-0.6625040449075494
