{
  "ace_integral": 11.916786799279015,
  "ace_raw": -0.03534615752806028
}