{
  "ace_integral": 27.63927449620211,
  "ace_raw": -0.08377616728228894
}