{
  "ace_integral": 30.323593885242055,
  "ace_raw": -0.09161168394761358
}