{
  "ace_integral": -686.4287070232973,
  "ace_raw": 6.865145992948059
}