{
  "ace_integral": 11.127319101477834,
  "ace_raw": -0.03564601994047512
}