label,cold_end_first_hz,cold_start_second_hz,cold_jump_hz,hot_end_first_hz,hot_start_second_hz,hot_jump_hz,hot_step_0_to_1_hz,hot_min_hz,hot_max_hz
h5_kp003_ki001_apply,0.0401040131796381,0.0,-0.0401040131796381,0.04010401317963819,0.04010401317963819,0.0,-0.3476897448602223,-4.856284418818449,0.9188820851741752
