{
  "ace_integral": -453.1184437008357,
  "ace_raw": 4.532960726572532
}