{
  "ace_integral": -420.3154541498951,
  "ace_raw": 4.203568549236499
}