{
  "ace_integral": 7.4559816035191755,
  "ace_raw": -0.020391307260431472
}