{
  "ace_integral": -716.2781688972827,
  "ace_raw": 7.163039361961599
}