{
  "ace_integral": 1.7141354191303828,
  "ace_raw": -0.0036194554254455947
}