{
  "ace_integral": -872.1631212186774,
  "ace_raw": 8.7232746244147
}