{
  "ace_integral": -636.2538205252704,
  "ace_raw": 6.3657654379791
}