{
  "ace_integral": 24.25842130333498,
  "ace_raw": -0.07111651795025463
}