{
  "ace_integral": -640.1203062529794,
  "ace_raw": 6.401047811480098
}