{
  "ace_integral": 43.842199657824516,
  "ace_raw": -0.1327087629809989
}