{
  "ace_integral": -522.6088417162765,
  "ace_raw": 5.225946957527499
}