{
  "ace_integral": 65.62505596708647,
  "ace_raw": -0.2020581431324424
}