{
  "hour": 0,
  "dispatch": 2,
  "load": 0.7391848761170899,
  "wind": 0.6561222830095699,
  "solar": 5.1373323530553724e-05,
  "gen": [
    47,
    1,
    2,
    3,
    4,
    5,
    6,
    7,
    8,
    9,
    10,
    11,
    12,
    13,
    14,
    15,
    16,
    17,
    18,
    19,
    20,
    21,
    22,
    23,
    24,
    25,
    26,
    27,
    28,
    29,
    30,
    31,
    32,
    33,
    34,
    35,
    36,
    37,
    38,
    39,
    40,
    41,
    42,
    43,
    44,
    45,
    46,
    48,
    49
  ],
  "pg": [
    2.401751357578829,
    0.045073498329608074,
    0.045073498330610154,
    0.045073498329608094,
    0.045073498330610154,
    0.09024649832613817,
    0.567545774803278,
    0.046764998383595664,
    0.05498304731620197,
    0.05498304731620197,
    0.05498304731620197,
    0.05498304731620197,
    0.05498304731620197,
    0.05498304731620197,
    0.0,
    0.023879998289651184,
    0.17909999828512244,
    0.179099998283368,
    0.031839998237771214,
    0.04974999823935642,
    0.06268499823875044,
    0.17909999837410262,
    0.4435386633144692,
    1.0156772940988141,
    0.009185711962133978,
    0.8759232478177758,
    2.0045870841622062e-05,
    2.0045870841622062e-05,
    2.0045870841622062e-05,
    6.879915487211755e-05,
    6.879915487211755e-05,
    0.6062569895008426,
    8.322478411949703e-07,
    1.1903199062029297e-05,
    1.1903199062029297e-05,
    1.1903199062029297e-05,
    1.1903199062029297e-05,
    1.3790699981655559,
    0.11939999821590634,
    0.2586999982086081,
    0.09352999821557287,
    0.09352999821725909,
    0.0935299982153664,
    0.09352999821563886,
    0.09352999821553987,
    0.1741249983936089,
    0.0,
    0.6716249981578651,
    0.6716249981578654
  ],
  "qg": [
    -0.4666995366049908,
    0.004416568636826958,
    0.005055553325316755,
    0.0045605508758905094,
    0.005011948192958607,
    0.008549978420321106,
    -0.13764985447333516,
    -0.005699759832215231,
    -0.034099753184961876,
    -0.03409975873423109,
    -0.034099752327521216,
    -0.034099761194035905,
    -0.034099761102902304,
    -0.034099751646027396,
    0.0011681178288120465,
    0.0016708287532220078,
    0.010424749816854418,
    0.012115095470571973,
    -0.0035997036382178194,
    -0.005499721488685345,
    -0.006999721545467064,
    -0.021999831891379423,
    -0.07552080286500047,
    -0.1418958693156856,
    0.0011226406491760164,
    0.09379593388297304,
    0.02979496577177045,
    0.09041796220617773,
    0.1336133129730002,
    0.1275764972113379,
    0.12748960626302724,
    -0.021377024637460648,
    -0.0065988700984367975,
    -0.09419872014473073,
    -0.0941961774010837,
    -0.0941987116738506,
    -0.094198711032557,
    0.11085986658116148,
    -0.013299891794039816,
    -0.028899890212451523,
    -0.010399890744946823,
    -0.010399891843945692,
    -0.010399890448074609,
    -0.010399890756879358,
    -0.010399890739197802,
    -0.015270283690068493,
    -0.03235190583862365,
    -0.020441324579212314,
    0.0314823993073676
  ],
  "pd": [
    0.05458880310124709,
    0.012529183650184674,
    0.05874302210502513,
    0.17546031404391363,
    0.31549888882429633,
    0.0022397301746347824,
    0.01865702627319535,
    0.3308443668524871,
    0.005277780015476022,
    0.0056843316973404215,
    0.008367572797645459,
    0.03404685539395316,
    0.010429898602012138,
    0.01771826148052665,
    0.010001171373864227,
    0.01724518315981171,
    0.4367547759025437,
    0.0037920184144806714,
    0.047596114173179424,
    0.1534695639794302,
    0.026403683774902455,
    0.220328836024221,
    0.007576644980200172,
    0.04716738694503151,
    0.01511633071659449,
    0.28336652225948644,
    0.00788710262816935,
    0.07057737197165974,
    0.015419396515802496,
    0.007022256323112354,
    0.023646524186985707,
    0.046849537448301164,
    0.01141301448724787,
    0.01346794844285338,
    0.0032967645474822217,
    0.01638772870351588,
    0.005573453965922858,
    0.0040950842136886784,
    0.020837621657740765,
    0.007377065063648557,
    0.010282061626788722,
    0.013615785418076795,
    0.007177485147096943,
    0.027793351342002573,
    0.017319101647423417,
    0.010740356249981316,
    0.15193945128586783,
    0.06315595581544417,
    0.09507395876618012,
    0.024555721584609728,
    0.016254675425814807,
    0.018191339801241584,
    0.13867847460832725,
    0.026595871842692895,
    0.004375974466613172,
    0.0065343943048750755,
    0.040603425245111756,
    0.015574625339787084,
    0.006615704641247955,
    0.016565133073783985,
    0.027734216551913212,
    0.03573219691150012,
    0.06097536043089875,
    0.36471381787617224,
    0.06339249497580164,
    0.016875590721753164,
    0.01633598576218769,
    0.3679366639360427,
    0.01553766609598123,
    0.007096174810724063,
    0.010939936166532932,
    0.005396049595654756,
    0.00583216867256384,
    0.02185769678678235,
    0.006223936656905898,
    0.0053221311080430475,
    0.04262879180567258,
    0.08992923202840516,
    0.27638122518017993,
    0.003836369507047697,
    0.015212424750489712,
    0.3885155708871425,
    0.003917679843420577,
    0.03321896833270202,
    0.0324871753053461,
    0.011664337345127678,
    0.026455426716230652,
    0.08026069384879363,
    0.06515914682972147,
    0.2519068139319431,
    0.029101708572729833,
    0.006438300270979854,
    0.12331821288261412,
    0.013290544072585276,
    0.004538595139358932,
    0.0014340186596671545,
    0.10814274737593027,
    0.570975965707885,
    0.032524134549151956,
    0.22363299242046436,
    0.011206042721935084,
    0.011405622638486696,
    0.17666518539198448,
    0.008574544562958242,
    0.015471139457130693,
    0.04199309281221188,
    0.008574544562958242,
    0.060694470177974254,
    0.01051860078714619,
    0.27542767668998897,
    0.19791675058035083,
    0.06692579868364133,
    0.011109948688039861,
    0.1185726459779424,
    0.23670917287897572,
    0.10907412031983779,
    0.06626792414389711,
    0.010259886080505208,
    0.010696005157414291,
    0.3385688488079107,
    0.030661388661336893,
    0.028044674199882394,
    0.007968412964542228,
    0.016868198872991992,
    0.014901967102520534,
    0.007458375400021438,
    0.05693201915853827,
    0.011390838940964355,
    0.009062406581195523,
    0.015707678617488164,
    0.03831195212914877,
    0.14052643679861998,
    0.010385547509445113,
    0.022633840906705296,
    0.050412408551185534,
    0.1745067655537226,
    0.05724986865526862,
    0.010629478518563754,
    0.34404620873993835,
    0.003991598331032286,
    0.006963121533022987,
    0.06807892709038399,
    0.014029728948702367,
    0.008352789100123116,
    0.057375530084208516,
    0.015552449793503571,
    0.12410174885129824,
    0.005410833293177098,
    0.0189748757699257,
    0.0023875671498582002,
    0.02664761478402109,
    0.3898534955129144,
    0.16253197056062574,
    0.27774871720099653,
    0.03971640339377124,
    0.01659470046882867,
    0.014857616009953507,
    0.005240820771670167,
    0.007029648171873525,
    0.05679157403207602
  ],