{
  "hour": 12,
  "dispatch": 1,
  "load": 0.8377011369800843,
  "wind": 0.29284947777860554,
  "solar": 0.969636940078175,
  "gen": [
    47,
    1,
    2,
    3,
    4,
    5,
    6,
    7,
    8,
    9,
    10,
    11,
    12,
    13,
    14,
    15,
    16,
    17,
    18,
    19,
    20,
    21,
    22,
    23,
    24,
    25,
    26,
    27,
    28,
    29,
    30,
    31,
    32,
    33,
    34,
    35,
    36,
    37,
    38,
    39,
    40,
    41,
    42,
    43,
    44,
    45,
    46,
    48,
    49
  ],
  "pg": [
    1.2930929165385963,
    0.04507349875891086,
    0.045073498759650936,
    0.045073498758910875,
    0.045073498759650936,
    0.09024649875634991,
    0.2533147982784938,
    0.04676499878264084,
    0.024540786237847147,
    0.024540786237847147,
    0.024540786237847147,
    0.024540786237847147,
    0.024540786237847147,
    0.024540786237847147,
    0.0,
    0.02387999864194679,
    0.17909999863803916,
    0.17909999863666692,
    0.031839998671839696,
    0.049749998673212434,
    0.06268499867276302,
    0.17909999877484814,
    0.1979662469783373,
    0.4533309916012814,
    0.004099892688900477,
    0.3909540528344384,
    0.3783523340185039,
    0.3783523340185039,
    0.3783523340185039,
    1.298537790152692,
    1.298537790152692,
    0.2705929174674315,
    0.015708118429266435,
    0.22466487901611315,
    0.22466487901611315,
    0.22466487901611315,
    0.22466487901611315,
    1.379069998585394,
    0.119399998661636,
    0.25869999865533244,
    0.09352999866110424,
    0.09352999866258849,
    0.09352999866081939,
    0.09352999866113669,
    0.093529998661088,
    0.17412499876308835,
    0.0,
    0.6716249986085068,
    0.6716249986085069
  ],
  "qg": [
    -0.4666995197056964,
    0.0051936395068900324,
    0.006027592899709711,
    0.005337673799274959,
    0.005983899289759339,
    0.009539568995287781,
    -0.12694420566798867,
    -0.005699671153833543,
    -0.034099649787288216,
    -0.03409966709645698,
    -0.03409964857492429,
    -0.03409967353786693,
    -0.03409967341509794,
    -0.034099647611354485,
    0.0015473642526037065,
    0.0018163537630529012,
    0.011969636896604914,
    0.013224955134957063,
    -0.003599689644150843,
    -0.005499716642382484,
    -0.006999716765932062,
    -0.02199982145429651,
    -0.08999336294830963,
    -0.1900123309412592,
    0.00029551449439563655,
    0.02191210162507661,
    0.0475649323693223,
    0.11319492286120961,
    0.15905226361261038,
    0.15714102505203936,
    0.1483127804341326,
    -0.04329129581124214,
    -0.006593602858835252,
    -0.09418748815664796,
    -0.09147938147982744,
    -0.09418791035912555,
    -0.09418794357203529,
    0.15546280525016665,
    -0.013299877532740196,
    -0.028899873408948843,
    -0.01039987536789357,
    -0.010399877550767947,
    -0.0103998746473547,
    -0.010399875363086144,
    -0.010399875370538375,
    -0.0029505054265981413,
    -0.02527089947665194,
    -0.022555977379821734,
    0.028912698189293394
  ],
  "pd": [
    0.06186422896597923,
    0.01419903427181243,
    0.0665721093558073,
    0.19884511888496262,
    0.35754759928583957,
    0.0025382344450496554,
    0.021143576697377327,
    0.3749382748895461,
    0.005981186118037801,
    0.0064419217433768486,
    0.009482776870614554,
    0.03858451436930268,
    0.011819963042788989,
    0.020079696253412622,
    0.011334096383340542,
    0.019543567525745365,
    0.49496409379605255,
    0.0042974068327078325,
    0.05393957621014763,
    0.1739235100598051,
    0.029922684612928612,
    0.24969357789965374,
    0.008586436654045864,
    0.05345370955069918,
    0.017130988251242724,
    0.32113273086131533,
    0.0089382711315775,
    0.07998370455885845,
    0.017474445717404558,
    0.007958160801310801,
    0.026798059371992894,
    0.05309349806179775,
    0.012934105554972502,
    0.015262914715777136,
    0.0037361470709311763,
    0.018571834206848468,
    0.006316266572829836,
    0.0046408642988696675,
    0.023614795051468577,
    0.00836025734706124,
    0.011652422815392973,
    0.015430454943173152,
    0.008134078040076619,
    0.03149756275045116,
    0.019627337639443375,
    0.012171797520320625,
    0.17218946870625634,
    0.07157318514357841,
    0.10774512023837846,
    0.0278284317704784,
    0.018421048002192054,
    0.020615824981079875,
    0.15716111030883362,
    0.030140486908543433,
    0.004959190730922099,
    0.0074052780509039455,
    0.046014923454316035,
    0.017650362956170375,
    0.007497425175971754,
    0.01877288247972369,
    0.03143054665949276,
    0.04049447296161726,
    0.06910196678948716,
    0.4133217409859737,
    0.07184124950741204,
    0.019124716957255324,
    0.018513195127259865,
    0.41697411794320677,
    0.01760847789932137,
    0.00804193091500881,
    0.012397976827305248,
    0.006115218299954615,
    0.006609461970772866,
    0.024770822620501093,
    0.00705344357337231,
    0.0060314481862566065,
    0.04831022456964147,
    0.10191472032499706,
    0.31321645511685353,
    0.004347668900926638,
    0.017239889399050135,
    0.44029571759673236,
    0.004439816025994447,
    0.03764628909588499,
    0.03681696497027471,
    0.013218923941545729,
    0.029981323692517218,
    0.09095758945329754,
    0.07384335522479442,
    0.2854801704714429,
    0.03298029376290592,
    0.007296376903096535,
    0.13975368068238747,
    0.015061866442901915,
    0.005143484981057717,
    0.0016251402057413636,
    0.12255567634018634,
    0.6470738662488963,
    0.036858850027123705,
    0.2534381019819547,
    0.012699549236618079,
    0.0129257285436027,
    0.20021057173824014,
    0.009717333188968977,
    0.017533084796993167,
    0.047589801591838586,
    0.009717333188968977,
    0.06878364035743473,
    0.0119204871792266,
    0.3121358206501493,
    0.22429447942641756,
    0.07584546094217684,
    0.012590648088810667,
    0.1343756393829753,
    0.26825703509513243,
    0.12361117977278124,
    0.07509990693026455,
    0.01162729178128357,
    0.01212153545210182,
    0.38369225177098804,
    0.0347478431619339,
    0.0317823811370244,
    0.00903041825664531,
    0.019116339945885522,
    0.0168880549215185,
    0.008452404472129051,
    0.0645197415702061,
    0.0129089745208631,
    0.010270215939375833,
    0.01780114916082679,
    0.04341804992967777,
    0.15925536315128383,
    0.011769700974570184,
    0.025650408814330183,
    0.05713121754204175,
    0.1977644844182583,
    0.06487995305910753,
    0.012046142349773612,
    0.38989961719601046,
    0.004523586139692455,
    0.007891144710352394,
    0.07715227471586578,
    0.015899567579882,
    0.009466022847874952,
    0.06502236225239413,
    0.017625231922060974,
    0.14064164388758638,
    0.006131972322694217,
    0.021503788186278763,
    0.0027057746724456723,
    0.03019912598813204,
    0.4418119566546663,
    0.18419372599918094,
    0.31476620222026663,
    0.04500968208993993,
    0.018806390525202894,
    0.016837792853299696,
    0.005939301061188798,
    0.0079665378126806,
    0.06436057835417987
  ],