{
  "hour": 13,
  "dispatch": 1,
  "load": 0.9334035939630962,
  "wind": 0.1747317969239913,
  "solar": 0.9569153752913865,
  "gen": [
    47,
    1,
    2,
    3,
    4,
    5,
    6,
    7,
    8,
    9,
    10,
    11,
    12,
    13,
    14,
    15,
    16,
    17,
    18,
    19,
    20,
    21,
    22,
    23,
    24,
    25,
    26,
    27,
    28,
    29,
    30,
    31,
    32,
    33,
    34,
    35,
    36,
    37,
    38,
    39,
    40,
    41,
    42,
    43,
    44,
    45,
    46,
    48,
    49
  ],
  "pg": [
    3.4778262834579623,
    0.045073496478040355,
    0.04507349648013119,
    0.04507349647804057,
    0.04507349648013113,
    0.09024649647082987,
    0.15114300433925246,
    0.04676499653391012,
    0.014642524582230471,
    0.014642524582230471,
    0.014642524582230471,
    0.014642524582230471,
    0.014642524582230471,
    0.014642524582230471,
    0.0,
    0.02387999616418019,
    0.17909999615343566,
    0.17909999614961192,
    0.03183999619312781,
    0.049749996197754574,
    0.0626849961965144,
    0.17909999650585903,
    0.1181186947206181,
    0.27048482163833854,
    0.002446245156935878,
    0.23326694889352836,
    0.37338837943869907,
    0.37338837943869907,
    0.37338837943869907,
    1.2815010705902248,
    1.2815010705902248,
    0.16145218035776795,
    0.01550202907972046,
    0.22171729245501426,
    0.22171729245501426,
    0.22171729245501426,
    0.22171729245501426,
    1.3790699959930552,
    0.11939999617776788,
    0.2586999961599101,
    0.09352999617622251,
    0.0935299961804544,
    0.09352999617540672,
    0.09352999617631412,
    0.09352999617617667,
    0.1741249964870304,
    0.0,
    0.6716249960383791,
    0.6716249960383803
  ],
  "qg": [
    -0.46669486765849766,
    0.00664670289349103,
    0.007841912193325343,
    0.006791662646048607,
    0.007797779639149082,
    0.011406859103981128,
    -0.13070077419269518,
    -0.005698605636850782,
    -0.034098428020060315,
    -0.03409856947218942,
    -0.03409842216769404,
    -0.03409861580211402,
    -0.03409861534979087,
    -0.03409841789637552,
    0.0021761614485865536,
    0.0021121227407486683,
    0.01477692612070791,
    0.015455450356239348,
    -0.0035980214113121457,
    -0.005498467857669107,
    -0.0069984753690072055,
    -0.02199939350099987,
    -0.03586255841562767,
    -0.07607573406543902,
    0.002128434246341738,
    0.10530702189966962,
    0.055756333325399636,
    0.13907269538331585,
    0.1974530167683187,
    0.2024522360189965,
    0.19384089482261221,
    -0.017255924720125007,
    -0.006458093201338887,
    -0.0933696147573552,
    -0.048596901739716064,
    -0.09345580136351966,
    -0.09346212784770583,
    0.1856815849507477,
    -0.01329964617426448,
    -0.02889963412695966,
    -0.01039963972499684,
    -0.010399646166954893,
    -0.010399637588063806,
    -0.010399639706400936,
    -0.010399639735043873,
    0.0061559332839305715,
    -0.003704730097165805,
    -0.005674065383661611,
    0.04526168299387779
  ],
  "pd": [
    0.06893185541417465,
    0.01582119091767448,
    0.07417758361224726,
    0.22156201109902016,
    0.39839532197532873,
    0.0028282128897081818,
    0.023559106711628548,
    0.4177727805860026,
    0.0066645016608965066,
    0.00717787363757621,
    0.01056612868366225,
    0.04299256953794021,
    0.013170324710819288,
    0.02237368414729542,
    0.012628950626320693,
    0.021776305847159037,
    0.551510847529035,
    0.0047883604370306835,
    0.06010185741528377,
    0.19379325417861804,
    0.0333411763763618,
    0.2782196092525801,
    0.009567386838121738,
    0.059560483330785174,
    0.019088103496545317,
    0.357820267745753,
    0.009959416347586238,
    0.08912137515159642,
    0.01947079897007019,
    0.008867334142649414,
    0.029859580970879446,
    0.05915911978538105,
    0.014411751490790206,
    0.017006613482007615,
    0.00416298002907541,
    0.020693557678161844,
    0.007037863098481745,
    0.005171055910555554,
    0.026312647313819684,
    0.0093153678677517,
    0.012983643992026669,
    0.017193294200800232,
    0.009063348897381664,
    0.03509597513301241,
    0.021869646206555345,
    0.013562354220283788,
    0.19186110873911444,
    0.07975000306820694,
    0.12005437025553345,
    0.031007667391454056,
    0.020525545031248486,
    0.022971062447431797,
    0.17511584826341647,
    0.033583861310792204,
    0.00552574927626153,
    0.008251287770633772,
    0.05127185941639288,
    0.019666813724802435,
    0.008353962165969711,
    0.020917574540712986,
    0.03502130284549537,
    0.04512072973217606,
    0.07699646246601581,
    0.4605413332613918,
    0.08004869221827514,
    0.021309604050177487,
    0.020628219426584427,
    0.4646109729310708,
    0.019620143545104284,
    0.008960674502045723,
    0.013814373190653826,
    0.0068138462359306025,
    0.007364554356368831,
    0.027600744273488756,
    0.007859258261169271,
    0.006720505876534293,
    0.053829385263851774,
    0.11355788124155029,
    0.3489996037828017,
    0.00484436465266847,
    0.01920944596376052,
    0.49059692898700347,
    0.00494703904800441,
    0.04194715751270155,
    0.04102308795467808,
    0.014729108712737658,
    0.03340651462793922,
    0.10134896223251298,
    0.08227952680784692,
    0.31809461078668355,
    0.0367480994943271,
    0.00812994530341857,
    0.15571972158086336,
    0.01678259661945647,
    0.005731098066933411,
    0.0018108029722884067,
    0.136556945796801,
    0.7209982721208541,
    0.04106975813437623,
    0.2823919233175951,
    0.014150398484480539,
    0.014402417454850575,
    0.22308345895718,
    0.010827481689971916,
    0.019536137221647605,
    0.0530266581730435,
    0.010827481689971916,
    0.07664176910030983,
    0.013282333142094859,
    0.3477955131465894,
    0.249918812283619,
    0.08451036139741874,
    0.014029056017265337,
    0.14972727050762027,
    0.2989038328948023,
    0.1377330343251945,
    0.08367963219879157,
    0.012955641884207775,
    0.013506350004646003,
    0.42752684814291697,
    0.038717581077589235,
    0.03541333235495987,
    0.010062090742922178,
    0.021300270014237857,
    0.01881741645429602,
    0.009418042263087642,
    0.07189074480703768,
    0.014383749382971314,
    0.01144352806198756,
    0.019834826371715797,
    0.04837830827510728,
    0.17744935724832422,
    0.013114320495181502,
    0.028580818047150007,
    0.06365812510828316,
    0.22035792046280778,
    0.0722921083524418,
    0.013422343681189325,
    0.43444336877418355,
    0.00504037940740072,
    0.008792661855132366,
    0.08596647100400118,
    0.017716000213419566,
    0.010547460611782987,
    0.07245078696341553,
    0.019638811616983543,
    0.15670912939046425,
    0.006832514307809865,
    0.023960470257032677,
    0.003014893608500801,
    0.03364919956236962,
    0.49228638949207665,
    0.2052367822406056,
    0.3507264004316334,
    0.050151775103637164,
    0.02095491068447151,
    0.018761412238658234,
    0.006617831481198352,
    0.008876668178589045,
    0.07171339812418467
  ],