{
  "hour": 14,
  "dispatch": 3,
  "load": 0.9409734142997571,
  "wind": 0.4291665224641324,
  "solar": 0.7333716852734655,
  "gen": [
    47,
    1,
    2,
    3,
    4,
    5,
    6,
    7,
    8,
    9,
    10,
    11,
    12,
    13,
    14,
    15,
    16,
    17,
    18,
    19,
    20,
    21,
    22,
    23,
    24,
    25,
    26,
    27,
    28,
    29,
    30,
    31,
    32,
    33,
    34,
    35,
    36,
    37,
    38,
    39,
    40,
    41,
    42,
    43,
    44,
    45,
    46,
    48,
    49
  ],
  "pg": [
    3.1707107859883785,
    0.04507349934492626,
    0.04507349934531366,
    0.04507349934492626,
    0.045073499345313656,
    0.09024649934358524,
    0.3712290419314745,
    0.046764999360144756,
    0.0359641545824943,
    0.0359641545824943,
    0.0359641545824943,
    0.0359641545824943,
    0.0359641545824943,
    0.0359641545824943,
    0.0,
    0.023879999300641486,
    0.17909999929870937,
    0.1790999992980083,
    0.03183999929863508,
    0.04974999929946562,
    0.06268499929923517,
    0.1790999993555167,
    0.29011656918575346,
    0.6643497767744769,
    0.0060083313144978535,
    0.5729373074896167,
    0.2861616315937062,
    0.2861616315937062,
    0.2861616315937062,
    0.982131360918225,
    0.982131360918225,
    0.3965498667568583,
    0.01188062130143014,
    0.16992221947786196,
    0.16992221947786196,
    0.16992221947786196,
    0.16992221947786196,
    1.379069999266138,
    0.11939999929448336,
    0.25869999929119886,
    0.09352999929420593,
    0.09352999929498244,
    0.0935299992940584,
    0.09352999929422329,
    0.09352999929419728,
    0.17412499935663125,
    0.0,
    0.6716249992685708,
    0.6716249992685708
  ],
  "qg": [
    -0.46669934756363496,
    0.006733246195949735,
    0.007953709511017619,
    0.006877513796465642,
    0.007909762295784202,
    0.011498846824241874,
    -0.1127055926620065,
    -0.005699778599467308,
    -0.034099758983306014,
    -0.034099774792346216,
    -0.034099758233715936,
    -0.03409978032517529,
    -0.03409978024433293,
    -0.03409975763472581,
    0.0022487122452899046,
    0.002158439530609508,
    0.015156649735593643,
    0.015790199668781067,
    -0.003599705793424555,
    -0.00549975096273263,
    -0.006999751150065922,
    -0.021999892478595767,
    -0.031695385128143745,
    -0.05968976285006408,
    0.0024091109627065285,
    0.1317437569352044,
    0.051040075232855954,
    0.13704754795051713,
    0.19767771787469673,
    0.18453924376928219,
    0.17938545014193594,
    -0.004674900536217076,
    -0.0065840853390017025,
    -0.09408636923746108,
    -0.05118010844378749,
    -0.0940982675103231,
    -0.09409914158476958,
    0.18434576330817634,
    -0.013299936272582741,
    -0.02889993418330275,
    -0.010399935174904104,
    -0.010399936285195805,
    -0.01039993481054245,
    -0.010399935172982024,
    -0.010399935175989179,
    0.007317311704279339,
    -0.001069652753812152,
    -0.0016530807594649808,
    0.04922988235632022
  ],
  "pd": [
    0.06949088664603706,
    0.015949499372380882,
    0.07477915723440169,
    0.22335885935233335,
    0.4016262726914223,
    0.002851149445328264,
    0.02375016897692587,
    0.42116088077228525,
    0.006718550178100266,
    0.007236085555965132,
    0.010651819049873251,
    0.04334123546264681,
    0.013277134875769573,
    0.02255513274076518,
    0.012731370295475714,
    0.021952909755613332,
    0.5559835515731545,
    0.004827193615357754,
    0.06058927814676136,
    0.19536490027691558,
    0.03361157035878733,
    0.2804759456003286,
    0.009644977496572511,
    0.060043513566467505,
    0.01924290632243003,
    0.36072215837181193,
    0.01004018633057841,
    0.0898441415973408,
    0.019628705422292933,
    0.008939247435847692,
    0.030101739523449227,
    0.05963889499831861,
    0.01452862951678825,
    0.017144535608541574,
    0.0041967414277769175,
    0.020861380595025614,
    0.007094939543820168,
    0.005212992715220655,
    0.026526040549110154,
    0.009390914674711575,
    0.013088940192909623,
    0.017332730291401525,
    0.009136851852850642,
    0.03538060037767086,
    0.022047007097043308,
    0.013672343709775471,
    0.1934170853093151,
    0.08039676851777125,
    0.12102800054723477,
    0.03125913682303793,
    0.02069200538045166,
    0.023157355725917022,
    0.17653602225677742,
    0.03385622344650526,
    0.005570562612654562,
    0.008318204982409854,
    0.05168766964748567,
    0.01982630983929588,
    0.008421712057982826,
    0.021087214214457556,
    0.035305322504526886,
    0.045486654847250244,
    0.07762089694558698,
    0.46427628261550025,
    0.08069788001034717,
    0.021482423048463456,
    0.020795512456024633,
    0.4683789267018471,
    0.019779261168580895,
    0.009033344777277668,
    0.013926406531636406,
    0.006869105924388227,
    0.007424280238825085,
    0.027824583860843816,
    0.007922996148403956,
    0.006775008582958251,
    0.054265936802667,
    0.11447882558370845,
    0.3518299596066792,
    0.004883652020215739,
    0.019365232866289002,
    0.4945756265559524,
    0.004987159095788713,
    0.042287345238631084,
    0.04135578155847433,
    0.014848560477650166,
    0.03367743849778831,
    0.10217089332466762,
    0.08294680647052358,
    0.32067432985921424,
    0.03704612332098144,
    0.008195878438550885,
    0.1569825947076285,
    0.016918701989109632,
    0.0057775767638005085,
    0.001825488423741529,
    0.13766441051205447,
    0.7268455041417043,
    0.04140283022918931,
    0.2846820967622485,
    0.014265156960784318,
    0.014519219782645252,
    0.22489264601764195,
    0.010915291605877182,
    0.019694573561293918,
    0.0534566996663692,
    0.010915291605877182,
    0.07726332704815306,
    0.013390051685485543,
    0.3506161039022326,
    0.25194563167875994,
    0.08519573293070001,
    0.014142830416925349,
    0.15094154538782403,
    0.3013279164612112,
    0.13885003701407217,
    0.08435826659197322,
    0.01306071099048063,
    0.013615885304917487,
    0.4309940529517177,
    0.03903157722515393,
    0.035700531338532786,
    0.010143693406151382,
    0.021473013314320458,
    0.018970024032283105,
    0.00949442175028455,
    0.07247377236936729,
    0.014500400314359257,
    0.011536334059315022,
    0.019995685053869842,
    0.048770652063156415,
    0.17888845579252682,
    0.013220676470911588,
    0.028812605945858563,
    0.06417438685524343,
    0.22214500364788667,
    0.07287839093751619,
    0.013531197697630507,
    0.437966665951679,
    0.0050812564372186885,
    0.008863969562703711,
    0.08666365145700765,
    0.01785967540340939,
    0.010632999581587255,
    0.07303835641794715,
    0.019798080636866888,
    0.15798002652678622,
    0.006887925392674223,
    0.024154787545074764,
    0.0030393441281882155,
    0.03392209158550624,
    0.49627878843583495,
    0.2069012343362306,
    0.35357076042313373,
    0.05055850155032595,
    0.02112485315102955,
    0.01891356562742512,
    0.006671501507385278,
    0.00894865716999069,
    0.07229498742065034
  ],