{
  "hour": 15,
  "dispatch": 2,
  "load": 0.9442738526505536,
  "wind": 0.5409721047514464,
  "solar": 0.5934489752655595,
  "gen": [
    47,
    1,
    2,
    3,
    4,
    5,
    6,
    7,
    8,
    9,
    10,
    11,
    12,
    13,
    14,
    15,
    16,
    17,
    18,
    19,
    20,
    21,
    22,
    23,
    24,
    25,
    26,
    27,
    28,
    29,
    30,
    31,
    32,
    33,
    34,
    35,
    36,
    37,
    38,
    39,
    40,
    41,
    42,
    43,
    44,
    45,
    46,
    48,
    49
  ],
  "pg": [
    3.2434980391264485,
    0.0450734993245339,
    0.04507349932493298,
    0.04507349932453392,
    0.04507349932493298,
    0.09024649932315128,
    0.4679408706100012,
    0.0467649993424901,
    0.045333462378171215,
    0.045333462378171215,
    0.045333462378171215,
    0.045333462378171215,
    0.045333462378171215,
    0.045333462378171215,
    0.0,
    0.023879999287227414,
    0.17909999928528036,
    0.1790999992845653,
    0.031839999279598775,
    0.049749999280445066,
    0.06268499928020808,
    0.17909999933791254,
    0.36569714281197774,
    0.8374248181552391,
    0.007573609466520251,
    0.7221977598431809,
    0.23156379014862127,
    0.23156379014862127,
    0.23156379014862127,
    0.7947468676756373,
    0.7947468676756373,
    0.4998582247903365,
    0.009613873399302064,
    0.13750212756903013,
    0.13750212756903013,
    0.13750212756903013,
    0.13750212756903013,
    1.37906999924944,
    0.11939999927474249,
    0.25869999927143034,
    0.09352999927447952,
    0.0935299992752606,
    0.09352999927433805,
    0.09352999927449869,
    0.09352999927446995,
    0.1741249993418419,
    0.0,
    0.6716249992484918,
    0.671624999248492
  ],
  "qg": [
    -0.46669936165170817,
    0.006923799562805657,
    0.008192645010642036,
    0.007067933816308363,
    0.008148712499694058,
    0.0117378759654879,
    -0.10606766064666959,
    -0.005699791143580059,
    -0.034099774332469995,
    -0.034099787844071056,
    -0.03409977366104023,
    -0.034099792628980614,
    -0.03409979255409078,
    -0.03409977312619516,
    0.002301339334498506,
    0.002187760992131651,
    0.015412503364723112,
    0.016008482131728227,
    -0.003599711512700088,
    -0.0054997538467028975,
    -0.0069997540119463575,
    -0.021999893618478792,
    -0.022895288194475776,
    -0.03548702651398221,
    0.0027623306875076137,
    0.16019088884379717,
    0.049251166695218285,
    0.1377550806554699,
    0.20032108019976125,
    0.18630479947338283,
    0.1828547749977288,
    0.00837376888497739,
    -0.006575736016568325,
    -0.09397200006065413,
    -0.05077649282803187,
    -0.09398840044910943,
    -0.09398964723279707,
    0.1843219632389575,
    -0.013299938943213714,
    -0.02889993717497219,
    -0.010399937989445223,
    -0.010399938959476739,
    -0.010399937679028757,
    -0.010399937989456525,
    -0.010399937989558756,
    0.00822388097004435,
    0.0010222166235645065,
    0.0009408373288352367,
    0.051794702228662066
  ],
  "pd": [
    0.06973462401824339,
    0.016005441802426884,
    0.07504144307013949,
    0.2241422844036619,
    0.4030349657883093,
    0.002861149773531178,
    0.023833472040899972,
    0.4226380909693348,
    0.006742115307924953,
    0.007261465926882757,
    0.010689180012004267,
    0.0434932536530845,
    0.01332370406089931,
    0.022634244248033772,
    0.012776025226361992,
    0.022029908982337417,
    0.557933648577106,
    0.0048441248640973406,
    0.06080179337216915,
    0.19605013728730794,
    0.03372946201667778,
    0.28145970725955055,
    0.009678806989668175,
    0.06025411453763183,
    0.019310400286703822,
    0.36198738141358977,
    0.010075402007781408,
    0.09015926745107486,
    0.01969755256629055,
    0.00897060160018026,
    0.03020732054629121,
    0.0598480767809921,
    0.014579588284924548,
    0.017204669595293088,
    0.0042114613828214695,
    0.020934551313262773,
    0.007119824848985174,
    0.005231277143684068,
    0.026619079906219107,
    0.009423853049452525,
    0.013134849290369201,
    0.0173935243658232,
    0.009168899109236876,
    0.0355046968596608,
    0.02212433636760247,
    0.013720299079012543,
    0.1940954904123213,
    0.08067875797046331,
    0.12145250292791422,
    0.031368777385051394,
    0.020764582019785673,
    0.023238579513730123,
    0.17715521749577037,
    0.03397497321836692,
    0.0055901012076912775,
    0.008347380857430895,
    0.05186896272609492,
    0.019895850075347162,
    0.008451250981222454,
    0.021161177037898906,
    0.03542915495144877,
    0.04564619803712775,
    0.07789315010514418,
    0.4659047188977833,
    0.08098092560331148,
    0.02155777205601214,
    0.020868452143577236,
    0.47002175289533954,
    0.019848636382714637,
    0.009065028985445315,
    0.013975253019228194,
    0.0068931991243490415,
    0.0074503206974128695,
    0.02792217782287687,
    0.007950785839317662,
    0.006798771739083986,
    0.05445627308235744,
    0.11488035691346636,
    0.353063993506042,
    0.004900781295256374,
    0.019433155887548396,
    0.49631033695313104,
    0.005004651419047934,
    0.04243566693811588,
    0.04150083582399183,
    0.014900641394825736,
    0.033795561186363315,
    0.1025292549207971,
    0.08323774011114629,
    0.32179908624478215,
    0.037176061578852296,
    0.008224625256586323,
    0.15753320683769187,
    0.016978043870656954,
    0.005797841455274399,
    0.001831891274142074,
    0.13814726464277602,
    0.7293948947413936,
    0.04154804951662436,
    0.28568061138089845,
    0.014315191606182392,
    0.014570145546398043,
    0.2256814507834823,
    0.010953576690746421,
    0.01976365173597609,
    0.05364419756907795,
    0.010953576690746421,
    0.07753432604113696,
    0.013437016923217377,
    0.3518458802361229,
    0.2528293240471857,
    0.08549455461898113,
    0.014192436005337821,
    0.1514709687036753,
    0.3023848158342868,
    0.1393370496971157,
    0.08465415089012213,
    0.013106521074789684,
    0.01366364264785351,
    0.43250575272953307,
    0.03916847940794497,
    0.035825749969562004,
    0.010179272131572967,
    0.021548329317485633,
    0.019036560869435164,
    0.009527723173244086,
    0.07272797213114565,
    0.014551260069345031,
    0.011576797433495788,
    0.020065819368824265,
    0.0489417137828782,
    0.17951590212739676,
    0.013267047629740278,
    0.028913665368159952,
    0.06439947675076775,
    0.22292417113374272,
    0.07313400988778539,
    0.013578658001114961,
    0.4395028219776737,
    0.00509907880431299,
    0.008895059691968216,
    0.086967621829116,
    0.017922317723307508,
    0.010670294534951255,
    0.07329453644273597,
    0.01986752185976765,
    0.15853413712150147,
    0.006912084601402053,
    0.02423950979753971,
    0.003050004544061288,
    0.03404107238805246,
    0.49801947262642854,
    0.20762693472080374,
    0.3548109001334455,
    0.05073583410291425,
    0.02119894799200493,
    0.01897990443827613,
    0.006694901615292425,
    0.008980044338706765,
    0.07254856009914203
  ],