{
  "hour": 16,
  "dispatch": 1,
  "load": 0.9490152998857492,
  "wind": 0.4637496217886765,
  "solar": 0.5463575198876044,
  "gen": [
    47,
    1,
    2,
    3,
    4,
    5,
    6,
    7,
    8,
    9,
    10,
    11,
    12,
    13,
    14,
    15,
    16,
    17,
    18,
    19,
    20,
    21,
    22,
    23,
    24,
    25,
    26,
    27,
    28,
    29,
    30,
    31,
    32,
    33,
    34,
    35,
    36,
    37,
    38,
    39,
    40,
    41,
    42,
    43,
    44,
    45,
    46,
    48,
    49
  ],
  "pg": [
    4.003583358399891,
    0.04507349890404405,
    0.04507349890469266,
    0.04507349890404408,
    0.04507349890469265,
    0.09024649890180064,
    0.40114342284720517,
    0.046764998931248275,
    0.0388622183058911,
    0.0388622183058911,
    0.0388622183058911,
    0.0388622183058911,
    0.0388622183058911,
    0.0388622183058911,
    0.0,
    0.02387999884594277,
    0.17909999884282524,
    0.17909999884167108,
    0.03183999882650293,
    0.04974999882794049,
    0.06268499882755856,
    0.17909999892311698,
    0.3134947443291453,
    0.7178844145288713,
    0.006492494705041472,
    0.6191057450878831,
    0.21318870426014322,
    0.21318870426014322,
    0.21318870426014322,
    0.7316819906334798,
    0.7316819906334798,
    0.42850465053273706,
    0.00885099182217919,
    0.12659103735795793,
    0.12659103735795793,
    0.12659103735795793,
    0.12659103735795793,
    1.3790699987815134,
    0.11939999881961784,
    0.2586999988143335,
    0.09352999881921885,
    0.09352999882046494,
    0.09352999881900292,
    0.09352999881925186,
    0.09352999881920235,
    0.1741249989306742,
    0.0,
    0.6716249987790219,
    0.671624998779022
  ],
  "qg": [
    -0.4666969215210795,
    0.00681715683628064,
    0.008057681938752472,
    0.006961694689622361,
    0.008013643221838425,
    0.011611288052689206,
    -0.12309229962253115,
    -0.005699666939999171,
    -0.03409964101700545,
    -0.03409966201439306,
    -0.03409963988903746,
    -0.03409966951211363,
    -0.03409966939087539,
    -0.03409963899095613,
    0.00234337539810601,
    0.002207792903192506,
    0.015600525793478967,
    0.0161586850114352,
    -0.003599365853449561,
    -0.005499492789776302,
    -0.006999493603838838,
    -0.0219998279937076,
    -0.004608379746016876,
    0.0003071072202260032,
    0.0031539237693735643,
    0.18124145208895512,
    0.049343677526192196,
    0.139839638851104,
    0.20386140619104343,
    0.19387460221077857,
    0.1909101725608478,
    0.007436755483100052,
    -0.006498461124555791,
    -0.0923531546626057,
    -0.04334620291609688,
    -0.09249453147348864,
    -0.09250524740633309,
    0.18726616200796037,
    -0.013299905899096416,
    -0.028899903440523525,
    -0.01039990453750671,
    -0.01039990592730139,
    -0.01039990410234791,
    -0.010399904539544067,
    -0.010399904536673232,
    0.009427369450121995,
    0.003889578930563875,
    0.0036474788321888417,
    0.054465933274534015
  ],
  "pd": [
    0.07008477989656257,
    0.016085809333063448,
    0.07541824588192049,
    0.22526776173388027,
    0.40505871029723545,
    0.00287551635865382,
    0.02395314616911631,
    0.4247602679228636,
    0.0067759692411842485,
    0.007297927656121411,
    0.010742853194706681,
    0.043711644712737606,
    0.01339060588138792,
    0.02274789673826141,
    0.012840177007454186,
    0.02214052694633453,
    0.5607351800904937,
    0.004868448488413894,
    0.06110709515964339,
    0.19703455656227925,
    0.033898826511918966,
    0.28287299043694525,
    0.00972740682382893,
    0.06055666628570966,
    0.01940736288266357,
    0.36380501521120195,
    0.010125993249780944,
    0.09061198083309133,
    0.019796459155616727,
    0.009015645348914617,
    0.030358999443345115,
    0.060148589706758786,
    0.014652796230235968,
    0.01729105876391835,
    0.004232608237490442,
    0.02103966919846706,
    0.007155575361138549,
    0.005257544761367051,
    0.02675274130377927,
    0.009471172692859776,
    0.013200802821410772,
    0.017480861823895497,
    0.009214938561890625,
    0.03568297527570416,
    0.022235428476323104,
    0.013789192307339935,
    0.19507009489151575,
    0.08108386722223841,
    0.12206234787130507,
    0.031526288262204584,
    0.020868846444487624,
    0.02335526653018829,
    0.1780447604115654,
    0.034145570489889254,
    0.005618170575323635,
    0.008389295250990024,
    0.05212941042272421,
    0.019995752368592735,
    0.008493686933977455,
    0.02126743287043964,
    0.035607054051713306,
    0.0458753995964771,
    0.07828427208757546,
    0.46824414896362876,
    0.08138755211820185,
    0.021666019296391652,
    0.02097323812747506,
    0.4723818556711305,
    0.019948301603598447,
    0.00911054687890319,
    0.014045426438309088,
    0.006927811689165969,
    0.007487730716098562,
    0.0280623824176216,
    0.00799070882503801,
    0.006832910159177394,
    0.054729712344411166,
    0.11545720138410025,
    0.3548368206272816,
    0.004925389406407039,
    0.01953073487164872,
    0.49880244161994985,
    0.005029781089394471,
    0.04264874757686557,
    0.04170922242997868,
    0.01497546143219712,
    0.03396525758291097,
    0.10304408126159464,
    0.08365569868492878,
    0.32341492404806443,
    0.03736273235650195,
    0.008265923262004876,
    0.15832422247993955,
    0.01706329509194577,
    0.005826953941298499,
    0.0018410896817783536,
    0.13884093837328512,
    0.7330573782437481,
    0.04175667319497296,
    0.28711508882743453,
    0.014387071946267958,
    0.014643306077237109,
    0.22681465667269404,
    0.01100857747867469,
    0.01986289022660873,
    0.05391355918650941,
    0.01100857747867469,
    0.07792364627361886,
    0.013504487717374211,
    0.3536125908904291,
    0.25409884654440934,
    0.08592384525165574,
    0.01426369995728281,
    0.15223154425467303,
    0.30390316948241347,
    0.14003669765114116,
    0.08507922163475741,
    0.013172332362414198,
    0.01373225138934679,
    0.4346774778066697,
    0.03936515463926088,
    0.03600564047766532,
    0.010230384932768375,
    0.021656529143392795,
    0.019132148445696703,
    0.00957556437584721,
    0.0730931583972004,
    0.014624325771239394,
    0.011634927576599285,
    0.02016657512257217,
    0.04918746299307838,
    0.18041729866127978,
    0.013333664963394776,
    0.02905884848250164,
    0.06472284345220809,
    0.22404353199702767,
    0.07350123497615128,
    0.013646840012357074,
    0.4417096811788231,
    0.005124682619383046,
    0.008939724124923757,
    0.08740430911947751,
    0.01801231039183152,
    0.010723872888708965,
    0.07366256757713184,
    0.019967281909596162,
    0.15933017869781843,
    0.006946791995163684,
    0.02436122274806718,
    0.0030653194186309697,
    0.03421200156088126,
    0.500520159312743,
    0.2086694841388785,
    0.35659249893207023,
    0.0509905920628613,
    0.02130539348243507,
    0.019075207527703558,
    0.006728518476189962,
    0.009025135501913474,
    0.0729128454902221
  ],