{
  "hour": 1,
  "dispatch": 1,
  "load": 0.7488015815038337,
  "wind": 0.505692695444049,
  "solar": 3.907532770162997e-05,
  "gen": [
    47,
    1,
    2,
    3,
    4,
    5,
    6,
    7,
    8,
    9,
    10,
    11,
    12,
    13,
    14,
    15,
    16,
    17,
    18,
    19,
    20,
    21,
    22,
    23,
    24,
    25,
    26,
    27,
    28,
    29,
    30,
    31,
    32,
    33,
    34,
    35,
    36,
    37,
    38,
    39,
    40,
    41,
    42,
    43,
    44,
    45,
    46,
    48,
    49
  ],
  "pg": [
    3.4348667399501402,
    0.0450734992474783,
    0.045073499247931054,
    0.045073499247478305,
    0.045073499247931054,
    0.09024649924591374,
    0.43742418155910234,
    0.04676499926894548,
    0.04237704787821132,
    0.04237704787821132,
    0.04237704787821132,
    0.04237704787821132,
    0.04237704787821132,
    0.04237704787821132,
    0.0,
    0.02387999922787144,
    0.17909999922584421,
    0.17909999922505562,
    0.0318399992004377,
    0.04974999920121007,
    0.06268499920093841,
    0.17909999926391684,
    0.3418482621201771,
    0.7828122925473879,
    0.007079697736216687,
    0.6750997484178055,
    1.5247192869176015e-05,
    1.5247192869176015e-05,
    1.5247192869176015e-05,
    5.2329678858022855e-05,
    5.2329678858022855e-05,
    0.46726005059030135,
    6.330203087664056e-07,
    9.053753428467663e-06,
    9.053753428467663e-06,
    9.053753428467663e-06,
    9.053753428467663e-06,
    1.3790699991701956,
    0.11939999919183238,
    0.25869999918858166,
    0.09352999919169358,
    0.09352999919244553,
    0.0935299991916065,
    0.09352999919172426,
    0.09352999919167825,
    0.17412499927262462,
    0.0,
    0.671624999167305,
    0.671624999167305
  ],
  "qg": [
    -0.4666997222098108,
    0.004021756617268575,
    0.004559623199256541,
    0.00416649111379844,
    0.004515817279111067,
    0.008061189115163406,
    -0.1653654103945813,
    -0.005699890827510959,
    -0.03409988779483416,
    -0.03409989026331657,
    -0.034099887388737184,
    -0.03409989137755183,
    -0.03409989133482919,
    -0.034099887063618266,
    0.0012292575346420944,
    0.0016994019417836273,
    0.010703132846907135,
    0.012332699974250717,
    -0.0035998436217763346,
    -0.005499854589067231,
    -0.006999854598675332,
    -0.021999923528925085,
    -0.05673055803991425,
    -0.11004829880549663,
    0.0017615734196416574,
    0.10737243141228361,
    0.030957289960181704,
    0.0939542854784388,
    0.1388311693656562,
    0.13808523493870575,
    0.13798353231204052,
    -0.030632782277538583,
    -0.006599464154281477,
    -0.09419936236450904,
    -0.09419712176715735,
    -0.09419935942846855,
    -0.09419935920116043,
    0.12403175419836565,
    -0.01329995218978055,
    -0.02889995153619619,
    -0.010399951750377855,
    -0.010399952214777495,
    -0.01039995162781017,
    -0.010399951756137974,
    -0.01039995174759224,
    -0.009501481791286586,
    -0.032142424417921596,
    -0.018698039321992748,
    0.033195739568212486
  ],
  "pd": [
    0.055298996794058114,
    0.01269218680648998,
    0.05950726168210966,
    0.177743031401565,
    0.31960349101746627,
    0.002268868791956616,
    0.01889975191715676,
    0.33514861184948586,
    0.005346443291937372,
    0.005758284161764481,
    0.008476433902623398,
    0.034489800844066575,
    0.010565590315019092,
    0.017948773908646895,
    0.01013128539774687,
    0.01746954089648444,
    0.4424369024473551,
    0.0038413521131146666,
    0.04821533383303185,
    0.15546618435182594,
    0.02674719249131694,
    0.2231952873988477,
    0.007675216210414296,
    0.04778102891575963,
    0.015312992341753399,
    0.28705308626949466,
    0.007989712874645906,
    0.07149557500198604,
    0.01562000099016997,
    0.00711361502428642,
    0.023954162592307638,
    0.04745904423571298,
    0.011561496418419193,
    0.01364316481499985,
    0.0033396550535070985,
    0.01660093106193999,
    0.005645963924538906,
    0.004148360761531239,
    0.02110871658259307,
    0.00747303978340826,
    0.010415829998718327,
    0.013792925131300615,
    0.007270863356402225,
    0.028154939464544136,
    0.017544421054634822,
    0.010880086979250704,
    0.153916165078113,
    0.06397760712368755,
    0.0963108594130231,
    0.024875188537557356,
    0.016466146777269302,
    0.018428006920809346,
    0.14048266470593423,
    0.026941880902507934,
    0.004432905362502695,
    0.00661940598049389,
    0.04113167087200559,
    0.015777249322285775,
    0.006701774154459311,
    0.016780643441500914,
    0.02809503533802384,
    0.036197068449895314,
    0.06176864245825125,
    0.36945870031399164,
    0.06421722362976878,
    0.01709514010573252,
    0.016548514951234727,
    0.37272347520934823,
    0.015739809243210584,
    0.007188495182436803,
    0.011082263406256739,
    0.005466251544977986,
    0.005908044478065248,
    0.02214206276506836,
    0.00630490931626228,
    0.005391371386827603,
    0.0431833872053261,
    0.0910992004057564,
    0.27997691132428343,
    0.003886280208004897,
    0.015410336547348899,
    0.39357011123841507,
    0.003968648381970318,
    0.03365114307278229,
    0.032909829507093494,
    0.011816088956130495,
    0.02679960860202221,
    0.08130487571968625,
    0.06600685940956294,
    0.25518409096069145,
    0.029480318263805934,
    0.006522061774898392,
    0.12492256784228457,
    0.013463452435438929,
    0.004597641710433539,
    0.0014526750681174375,
    0.10954967137401088,
    0.5784042936168213,
    0.03294726958616868,
    0.22654243046816983,
    0.01135183197559812,
    0.011554008402604154,
    0.17896357797941626,
    0.00868609834544447,
    0.01567241710087524,
    0.04253941784523279,
    0.00868609834544447,
    0.06148409785727978,
    0.010655446504799554,
    0.27901095728414355,
    0.20049162344765145,
    0.06779649518935711,
    0.01125448777000262,
    0.12011526168902996,
    0.23978873044497268,
    0.1104931613667057,
    0.06713006178181868,
    0.010393365951273211,
    0.010835158884360473,
    0.34297358837620096,
    0.031060289600779025,
    0.02840953200225545,
    0.008072081048611327,
    0.017087652089917485,
    0.015095839883117287,
    0.007555407957373682,
    0.057672697807425274,
    0.011539032370974077,
    0.009180307389237,
    0.015912033606956467,
    0.0388103859693437,
    0.14235466865969382,
    0.010520662220128863,
    0.02292830442564739,
    0.05106826785856146,
    0.17677707736142506,
    0.05799468248747192,
    0.010767766742025129,
    0.3485222080951444,
    0.004043528540120702,
    0.007053710897766113,
    0.06896462565650309,
    0.014212254016942764,
    0.00846145787099332,
    0.05812197875632757,
    0.01575478527484066,
    0.12571629751867866,
    0.0054812275766080625,
    0.019221736597203408,
    0.0024186291082573825,
    0.026994297013213205,
    0.39492544210093694,
    0.16464649174106294,
    0.2813621942500655,
    0.04023310897420099,
    0.016810595504761067,
    0.015050911788227057,
    0.005309003212862181,
    0.007121103040101458,
    0.05753042550693954
  ],