{
  "hour": 1,
  "dispatch": 2,
  "load": 0.7347559231088029,
  "wind": 0.5412512046432663,
  "solar": 0.00010709513017970544,
  "gen": [
    47,
    1,
    2,
    3,
    4,
    5,
    6,
    7,
    8,
    9,
    10,
    11,
    12,
    13,
    14,
    15,
    16,
    17,
    18,
    19,
    20,
    21,
    22,
    23,
    24,
    25,
    26,
    27,
    28,
    29,
    30,
    31,
    32,
    33,
    34,
    35,
    36,
    37,
    38,
    39,
    40,
    41,
    42,
    43,
    44,
    45,
    46,
    48,
    49
  ],
  "pg": [
    3.01215990872215,
    0.04507349752688462,
    0.04507349752837219,
    0.0450734975268847,
    0.045073497528372176,
    0.0902464975217447,
    0.4681822920164253,
    0.046764997599751175,
    0.045356850949105715,
    0.045356850949105715,
    0.045356850949105715,
    0.045356850949105715,
    0.045356850949105715,
    0.045356850949105715,
    0.0,
    0.023879997461796153,
    0.17909999745512145,
    0.17909999745252136,
    0.0318399973781539,
    0.049749997380606974,
    0.06268499737971249,
    0.17909999758407177,
    0.365885814338848,
    0.8378568647877762,
    0.007577516865005728,
    0.7225703581987605,
    4.178851979612106e-05,
    4.178851979612106e-05,
    4.178851979612106e-05,
    0.00014342179833666153,
    0.00014342179833666153,
    0.5001161130903781,
    1.734941108911228e-06,
    2.481394166263775e-05,
    2.481394166263775e-05,
    2.481394166263775e-05,
    2.481394166263775e-05,
    1.379069997273752,
    0.11939999734819433,
    0.258699997337421,
    0.09352999734771032,
    0.09352999735020254,
    0.09352999734741065,
    0.09352999734780923,
    0.09352999734766086,
    0.17412499761136516,
    0.0,
    0.6716249972657932,
    0.6716249972657938
  ],
  "qg": [
    -0.46669920866070247,
    0.003958801388322061,
    0.004481492017175622,
    0.004103179783103536,
    0.004437806663614108,
    0.007975400907119156,
    -0.15793817082502687,
    -0.005699641727241305,
    -0.0340996319469975,
    -0.034099640252091994,
    -0.03409963063759299,
    -0.034099643952704484,
    -0.03409964381650565,
    -0.03409962959679096,
    0.0011428627734395725,
    0.0016574768805571183,
    0.010295550485704361,
    0.012012557997340065,
    -0.003599522846781578,
    -0.0054995553151710175,
    -0.006999555555519243,
    -0.021999749738767047,
    -0.06929092779306344,
    -0.13524788577704464,
    0.0013082664006381995,
    0.08971399003147372,
    0.029478567740161877,
    0.08945527563730389,
    0.13219277153925937,
    0.12621322882613983,
    0.12612824484462082,
    -0.033573486597046995,
    -0.00659745055257884,
    -0.0941968657501799,
    -0.09418781166144308,
    -0.09419684512688092,
    -0.09419684361720856,
    0.11309809356813268,
    -0.013299840439182151,
    -0.028899838161070758,
    -0.01039983890525375,
    -0.010399840509337172,
    -0.010399838474182315,
    -0.010399838923027377,
    -0.010399838896690598,
    -0.01426998853634075,
    -0.03217980461069384,
    -0.02095109716359356,
    0.03102053183868938
  ],
  "pd": [
    0.05426172492158509,
    0.012454112896694208,
    0.05839105320945656,
    0.17440901346833654,
    0.3136085231012992,
    0.002226310447019673,
    0.018545239499266186,
    0.328862056065038,
    0.005246157290996852,
    0.005650273048706694,
    0.008317437049591649,
    0.033842857818391456,
    0.010367406075065208,
    0.017612099476918008,
    0.009941247639662103,
    0.01714185568612837,
    0.43413788472806725,
    0.0037692978855481587,
    0.04731093388897582,
    0.15255002475584967,
    0.02624548157344644,
    0.2190086980010409,
    0.00753124821186523,
    0.04688477545357272,
    0.015025758627575018,
    0.2816686831237596,
    0.007839845699570927,
    0.0701544955384285,
    0.015327008556049628,
    0.006980181269533627,
    0.0235048419802506,
    0.04656883040663593,
    0.011344631452799916,
    0.013387252919042388,
    0.003277011417065261,
    0.01628953881532216,
    0.005540059660240374,
    0.004070547814022768,
    0.020712769472437154,
    0.007332864112625852,
    0.010220454890443448,
    0.013534204103664148,
    0.007134480013386476,
    0.02762682270889098,
    0.01721533127843925,
    0.010676003562770906,
    0.15102907999501444,
    0.06277754607041612,
    0.09450430683025424,
    0.02440859176567443,
    0.016157282749162574,
    0.018082343267707638,
    0.13784755873444252,
    0.026436518113454727,
    0.004349755064804113,
    0.006495242360281818,
    0.04036014285636655,
    0.015481307299902476,
    0.0065760655118237855,
    0.016465880236868274,
    0.02756804223504228,
    0.035518101323079525,
    0.06061001609724516,
    0.3625285724618834,
    0.06301266796581094,
    0.01677447772457397,
    0.016238105900704545,
    0.3657321082866377,
    0.015444569503747037,
    0.007053656861844507,
    0.010874387662010283,
    0.005363718238694261,
    0.005797224233328456,
    0.0217267326463273,
    0.0061866448725761206,
    0.0052902426463833805,
    0.04237337408568467,
    0.08939040560541696,
    0.2747252396503814,
    0.003813383240934687,
    0.015121276897579165,
    0.3861877131859868,
    0.0038942063924766552,
    0.033019931184509604,
    0.032292522820631886,
    0.01159444846665691,
    0.026296914488064056,
    0.07977979813115381,
    0.06476873462204097,
    0.25039747103624893,
    0.028927340692793572,
    0.006399724090277674,
    0.1225793306522416,
    0.013210911497496276,
    0.00451140136788805,
    0.0014254264908310776,
    0.10749479155081787,
    0.5675548652461637,
    0.03232926061678733,
    0.2222930569773372,
    0.011138899794329452,
    0.011337283893568828,
    0.1756066656230039,
    0.008523168708062114,
    0.015378441470667244,
    0.041741483991811094,
    0.008523168708062114,
    0.06033080884646381,
    0.010455576785838265,
    0.2737774045095711,
    0.19673089841238198,
    0.06652480127827103,
    0.011043381524325307,
    0.11786219762588307,
    0.23529088925713196,
    0.10842058401393495,
    0.06587086850670418,
    0.010198412212750184,
    0.010631918207384378,
    0.336540255461525,
    0.030477675690553145,
    0.02787663972274798,
    0.007920668851112894,
    0.016767130165342883,
    0.014812679409873467,
    0.007413687264167821,
    0.05659090119784,
    0.011322588775106652,
    0.009008107617313924,
    0.015613563366062063,
    0.038082399494729254,
    0.1396844485422145,
    0.01032332071967868,
    0.022498226365591546,
    0.050110353956020356,
    0.1734611783275262,
    0.056906846244776786,
    0.010565790174304587,
    0.34198479685176125,
    0.003967681984787536,
    0.006921400795684923,
    0.06767102051832076,
    0.013945667420605079,
    0.008302741931129473,
    0.05703175475170528,
    0.015459264622209213,
    0.12335817193073692,
    0.0053784133571564375,
    0.018861184546202968,
    0.0023732616316414334,
    0.026487951028072342,
    0.3875176214068138,
    0.16155813237316358,
    0.27608453810813266,
    0.03947843574863598,
    0.016495270473792626,
    0.014768594054486939,
    0.0052094194948414125,
    0.006987528828764715,
    0.05645129757244932
  ],