{
  "hour": 21,
  "dispatch": 3,
  "load": 0.6458934628504671,
  "wind": 0.21233924566167672,
  "solar": 2.2296041476942897e-05,
  "gen": [
    47,
    1,
    2,
    3,
    4,
    5,
    6,
    7,
    8,
    9,
    10,
    11,
    12,
    13,
    14,
    15,
    16,
    17,
    18,
    19,
    20,
    21,
    22,
    23,
    24,
    25,
    26,
    27,
    28,
    29,
    30,
    31,
    32,
    33,
    34,
    35,
    36,
    37,
    38,
    39,
    40,
    41,
    42,
    43,
    44,
    45,
    46,
    48,
    49
  ],
  "pg": [
    3.6219420386882355,
    0.045073496668659035,
    0.04507349667068242,
    0.04507349666865927,
    0.04507349667068246,
    0.09024649666170134,
    0.18367344749735037,
    0.04676499673974495,
    0.017794028786448514,
    0.017794028786448514,
    0.017794028786448514,
    0.017794028786448514,
    0.017794028786448514,
    0.017794028786448514,
    0.0,
    0.023879996541206136,
    0.17909999653216718,
    0.17909999652859854,
    0.03183999643115516,
    0.049749996434482385,
    0.06268499643326651,
    0.17909999671475807,
    0.14354133006729344,
    0.3287011522842756,
    0.0029727494392634748,
    0.28347289295833844,
    8.699915384303118e-06,
    8.699915384303118e-06,
    8.699915384303118e-06,
    2.9858858745921928e-05,
    2.9858858745921928e-05,
    0.1962014629913893,
    3.61195871926475e-07,
    5.165992810207668e-06,
    5.165992810207668e-06,
    5.165992810207668e-06,
    5.165992810207668e-06,
    1.3790699962719843,
    0.11939999639367867,
    0.2586999963790739,
    0.09352999639302176,
    0.09352999639640429,
    0.0935299963926167,
    0.09352999639315641,
    0.09352999639295442,
    0.17412499673351844,
    0.0,
    0.6716249962921578,
    0.6716249962921601
  ],
  "qg": [
    -0.46669887135639354,
    0.0021870348164961784,
    0.0022622902552689584,
    0.002332599915613197,
    0.0022183700326773867,
    0.005738631460494071,
    -0.19592651472223044,
    -0.005699563691690415,
    -0.03409955444038155,
    -0.034099562676663926,
    -0.03409955276922692,
    -0.03409956663248727,
    -0.034099566461937916,
    -0.034099551431256564,
    0.0005768325396932872,
    0.0013882817342658913,
    0.007727541912104132,
    0.009983398742216404,
    -0.0035993597766626547,
    -0.0054994039095871364,
    -0.006999404383837333,
    -0.021999685290672935,
    -0.08417866659801122,
    -0.17944980673686836,
    0.0003024676318596701,
    0.018311464343223678,
    0.02108294911668556,
    0.06393344516504045,
    0.09451760021830159,
    0.06678598460466684,
    0.06676211512322562,
    -0.07666135749930666,
    -0.006598678675148946,
    -0.09419862116472895,
    -0.09419782521261548,
    -0.09419861291131781,
    -0.09419861227125248,
    0.06547191823834743,
    -0.013299783276536576,
    -0.028899780202880403,
    -0.0103997811802986,
    -0.010399783362578454,
    -0.01039978059341605,
    -0.010399781204055299,
    -0.010399781168867108,
    -0.021268604247027267,
    -0.0324871311916735,
    -0.03288657622275439,
    0.019643676983585306
  ],
  "pd": [
    0.047699232231506995,
    0.010947894195315418,
    0.05132915349272662,
    0.1533157312768154,
    0.2756802478138364,
    0.0019570571924369153,
    0.01630235100234579,
    0.2890889961026121,
    0.004611679324752335,
    0.004966920729320092,
    0.007311513999467288,
    0.029749852898892513,
    0.009113556760820091,
    0.015482066304525697,
    0.00873893855236682,
    0.015068694488301398,
    0.38163261145982696,
    0.003313433464422896,
    0.04158908007294158,
    0.134100400757014,
    0.023071314493018687,
    0.19252146447183874,
    0.006620407994217288,
    0.04121446186448831,
    0.013208521315292052,
    0.2476032589837266,
    0.006891683248614485,
    0.0616699078329626,
    0.013473337635060744,
    0.0061359878970794375,
    0.020662131876586443,
    0.04093672767546261,
    0.009972595066411212,
    0.01176817889313551,
    0.0028806848443130835,
    0.014319458071394855,
    0.004870036709892522,
    0.0035782497841915883,
    0.018207736717754667,
    0.006446016759247661,
    0.008984378068249997,
    0.011897357585705603,
    0.006271625524278035,
    0.024285594203177555,
    0.015133283834586444,
    0.009384832015217287,
    0.13276340128891354,
    0.05518513746594391,
    0.08307481719182709,
    0.021456580835892518,
    0.014203197248081771,
    0.015895438120749995,
    0.12117607256537613,
    0.023239246793359807,
    0.0038236893000747653,
    0.00570969821159813,
    0.035478927914376165,
    0.013608975262259342,
    0.0057807464925116805,
    0.014474472502478967,
    0.024233922726149524,
    0.031222489994191572,
    0.05327975175053504,
    0.31868383457042054,
    0.055391823374056064,
    0.014745747756876164,
    0.014274245528995325,
    0.3214999300684485,
    0.013576680589116819,
    0.006200577243364484,
    0.009559223250186913,
    0.00471502227880841,
    0.005096099421890187,
    0.01909906969648831,
    0.005438422957200933,
    0.004650432932523363,
    0.037248676002586446,
    0.07857939869038784,
    0.24149956575978965,
    0.0033521870721939244,
    0.013292487465462613,
    0.3394816040742056,
    0.0034232353531074757,
    0.02902645222049999,
    0.02838701769227803,
    0.01019219884378037,
    0.02311652703541822,
    0.07013111219630372,
    0.05693550875026867,
    0.22011403320481068,
    0.02542882563242289,
    0.005625732061427569,
    0.10775440640734343,
    0.011613164462051398,
    0.003965785861901868,
    0.0012530333179299063,
    0.09449421361502335,
    0.49891394644421483,
    0.02841931236542055,
    0.1954086082507803,
    0.009791744896813082,
    0.009966136131782707,
    0.15436853762126163,
    0.007492364169065418,
    0.013518550177460276,
    0.03669320762453503,
    0.007492364169065418,
    0.053034312234651854,
    0.009191063976362147,
    0.24066636319271262,
    0.17293797467821256,
    0.058479194126481296,
    0.00970777874664252,
    0.10360777037584343,
    0.2068344636086051,
    0.09530803937821493,
    0.057904348944544375,
    0.008965001264364484,
    0.00934607840744626,
    0.29583858278939945,
    0.026791660839037376,
    0.024505197980546723,
    0.006962731529528035,
    0.01473928882224766,
    0.013021212211065418,
    0.006517065040161214,
    0.04974671450874298,
    0.009953218262525699,
    0.007918653854546726,
    0.013725236085572428,
    0.03347665817953971,
    0.12279080622250231,
    0.009074803153049062,
    0.019777257832481306,
    0.044049934166401856,
    0.15248252870973827,
    0.05002444869776868,
    0.009287947995789718,
    0.3006246533491214,
    0.0034878246993925227,
    0.0060843164200514,
    0.05948678792852803,
    0.012259057924901865,
    0.0072985961302102775,
    0.05013425058645325,
    0.013589598458373828,
    0.10843905347796493,
    0.004727940148065419,
    0.01658008519137149,
    0.0020862358850070087,
    0.023284459335759337,
    0.3406506712419649,
    0.1420190546115607,
    0.242694468666063,
    0.0347038557589556,
    0.014500308240992988,
    0.012982458603294389,
    0.004579384651609812,
    0.006142446831707941,
    0.049623994750801384
  ],