{
  "hour": 21,
  "dispatch": 2,
  "load": 0.6598615635377251,
  "wind": 0.21070357469607653,
  "solar": 3.682492868013698e-05,
  "gen": [
    47,
    1,
    2,
    3,
    4,
    5,
    6,
    7,
    8,
    9,
    10,
    11,
    12,
    13,
    14,
    15,
    16,
    17,
    18,
    19,
    20,
    21,
    22,
    23,
    24,
    25,
    26,
    27,
    28,
    29,
    30,
    31,
    32,
    33,
    34,
    35,
    36,
    37,
    38,
    39,
    40,
    41,
    42,
    43,
    44,
    45,
    46,
    48,
    49
  ],
  "pg": [
    3.8425724255098417,
    0.04507349731527177,
    0.045073497316901384,
    0.0450734973152719,
    0.04507349731690139,
    0.09024649730966611,
    0.1822585921121062,
    0.04676499737232984,
    0.017656959559531216,
    0.017656959559531216,
    0.017656959559531216,
    0.017656959559531216,
    0.017656959559531216,
    0.017656959559531216,
    0.0,
    0.023879997214955907,
    0.17909999720768144,
    0.17909999720481495,
    0.031839997121760076,
    0.04974999712451055,
    0.06268499712353344,
    0.17909999735180956,
    0.14243561649454772,
    0.3261691336295265,
    0.0029498500457450717,
    0.28128927221926214,
    1.4369087170989449e-05,
    1.4369087170989449e-05,
    1.4369087170989449e-05,
    4.931594448843944e-05,
    4.931594448843944e-05,
    0.19469010301917472,
    5.96563844618219e-07,
    8.532335975187738e-06,
    8.532335975187738e-06,
    8.532335975187738e-06,
    8.532335975187738e-06,
    1.3790699969977411,
    0.11939999709254376,
    0.25869999708084224,
    0.09352999709203394,
    0.09352999709474386,
    0.09352999709171705,
    0.0935299970921437,
    0.09352999709197904,
    0.17412499736860865,
    0.0,
    0.6716249970114831,
    0.6716249970114845
  ],
  "qg": [
    -0.466698987772226,
    0.002358710614809136,
    0.0024766692755607803,
    0.00250440493078598,
    0.0024326825597204733,
    0.005959495233405587,
    -0.1972474890975846,
    -0.005699642638654331,
    -0.03409963472790292,
    -0.034099641645028496,
    -0.034099633353503134,
    -0.0340996449452951,
    -0.03409964480495775,
    -0.034099632252609285,
    0.0006590648668938234,
    0.0014287954722352924,
    0.008120188515564482,
    0.010291873275441524,
    -0.0035994543102638357,
    -0.005499493854461932,
    -0.0069994942243278065,
    -0.02199974307255267,
    -0.0743193494121975,
    -0.1582686681711529,
    0.0006479275887726244,
    0.034688163485048024,
    0.022451439139224295,
    0.06809119895352525,
    0.10065742519712526,
    0.07723971086024209,
    0.07720772095032112,
    -0.0711332204497601,
    -0.006598692510109551,
    -0.09419860146168249,
    -0.09419739218680657,
    -0.09419859299208903,
    -0.09419859234343901,
    0.07744761248458246,
    -0.013299827157655613,
    -0.02889982477426583,
    -0.01039982552661256,
    -0.010399827232777627,
    -0.01039982507237388,
    -0.010399825546394037,
    -0.010399825517074161,
    -0.02105253882184388,
    -0.03247757838439586,
    -0.030605549805850413,
    0.021828948785838177
  ],
  "pd": [
    0.048730776467261,
    0.01118465350196444,
    0.052439198454343014,
    0.1566313393369498,
    0.2816421125491718,
    0.001999380537519307,
    0.01665490586369218,
    0.295340838608215,
    0.004711411563659357,
    0.005074335423605106,
    0.007469632899247048,
    0.030393223616547616,
    0.0093106466615173,
    0.015816881677999273,
    0.00892792695466542,
    0.015394570277335125,
    0.3898858034319002,
    0.0033850898209485296,
    0.04248848607619412,
    0.13700045782170248,
    0.02357025504956754,
    0.1966849362436897,
    0.006763581026261682,
    0.04210576636934224,
    0.013494168974346478,
    0.25295793038218695,
    0.007040722882947527,
    0.06300358208658198,
    0.013764712215396945,
    0.006268684853608388,
    0.021108971417571825,
    0.04182202589702102,
    0.010188262541022475,
    0.01202267768765735,
    0.002942982573378254,
    0.014629130863631363,
    0.004975356189074447,
    0.0036556330619989972,
    0.018601497476128468,
    0.006585418404106496,
    0.009178674348809757,
    0.012154650000364895,
    0.006407255781951311,
    0.024810794789018455,
    0.015460556433688898,
    0.009587788518203145,
    0.13563454438517938,
    0.05637857198866323,
    0.08487139430222221,
    0.021920601140723226,
    0.014510355782194574,
    0.016239193078663415,
    0.1237966279353126,
    0.023741819056087347,
    0.003906380456143332,
    0.00583317622167349,
    0.03624619568512724,
    0.013903283143739866,
    0.0059057609936626395,
    0.01478749763888042,
    0.024758005863935444,
    0.03189770798141362,
    0.05443198037622694,
    0.32557569544951365,
    0.056589727688995305,
    0.015064639495566263,
    0.014582940554183726,
    0.328452691866538,
    0.01387029006556298,
    0.0063346710099621605,
    0.009765951140358331,
    0.004816989413825393,
    0.005206307736312652,
    0.01951210643381053,
    0.005556034364987646,
    0.004751003257471621,
    0.038054216369220614,
    0.08027875781999963,
    0.2467222386067554,
    0.003424681514760793,
    0.013579950977606383,
    0.34682323779542834,
    0.003497266286749943,
    0.029654178665385365,
    0.02900091571748302,
    0.0104126154726253,
    0.023616445359015182,
    0.07164776856892618,
    0.05816679682585046,
    0.2248742222380213,
    0.02597874975648024,
    0.005747394218413586,
    0.11008470464499867,
    0.011864310912408296,
    0.004051550000121632,
    0.0012801314332631867,
    0.09653774674556918,
    0.5097034661390804,
    0.0290339087956599,
    0.19963451743270333,
    0.010003501303231912,
    0.010181663925387097,
    0.1577069136855163,
    0.0076543941370376106,
    0.013810902524844586,
    0.03748673542457816,
    0.0076543941370376106,
    0.054181232982082606,
    0.009389830049141828,
    0.24587101718979182,
    0.1766779336372259,
    0.05974386596270563,
    0.009917719299972007,
    0.10584839340708647,
    0.21130746849168572,
    0.09736917231562671,
    0.05915658917115705,
    0.009158878501903623,
    0.009548196824390882,
    0.3022363919471842,
    0.027371057655544838,
    0.02503514772062129,
    0.007113307654936676,
    0.015058040879930887,
    0.013302809120920538,
    0.006658003176095646,
    0.05082253762367559,
    0.010168466694116344,
    0.00808990276897251,
    0.014022058225176659,
    0.03420062483816029,
    0.1254462818441569,
    0.009271054967705037,
    0.020204961075525142,
    0.04500255863327285,
    0.15578011791998614,
    0.05110627809599681,
    0.009488809283672487,
    0.30712596613299875,
    0.0035632524431037154,
    0.00621589592852537,
    0.060773250001824486,
    0.012524172475946022,
    0.007456435667976293,
    0.051218454561798216,
    0.013883487296833735,
    0.11078415790234868,
    0.004830186645096148,
    0.016938646336013403,
    0.002131352850226852,
    0.023788009365534987,
    0.34801758722543163,
    0.14509036059067498,
    0.2479429824993002,
    0.035454361808881965,
    0.014813892101421929,
    0.013263217427108273,
    0.00467841848548247,
    0.006275283469243765,
    0.050697163926603415
  ],