{
  "hour": 23,
  "dispatch": 2,
  "load": 0.6409465763229764,
  "wind": 0.21301008407638802,
  "solar": 6.512401228946977e-05,
  "gen": [
    47,
    1,
    2,
    3,
    4,
    5,
    6,
    7,
    8,
    9,
    10,
    11,
    12,
    13,
    14,
    15,
    16,
    17,
    18,
    19,
    20,
    21,
    22,
    23,
    24,
    25,
    26,
    27,
    28,
    29,
    30,
    31,
    32,
    33,
    34,
    35,
    36,
    37,
    38,
    39,
    40,
    41,
    42,
    43,
    44,
    45,
    46,
    48,
    49
  ],
  "pg": [
    3.5430868079489084,
    0.045073497156634994,
    0.045073497158362175,
    0.04507349715663515,
    0.0450734971583622,
    0.0902464971506935,
    0.1842537227260756,
    0.04676499721739856,
    0.01785024504560132,
    0.01785024504560132,
    0.01785024504560132,
    0.01785024504560132,
    0.01785024504560132,
    0.01785024504560132,
    0.0,
    0.023879997046954156,
    0.17909999703922239,
    0.1790999970361728,
    0.03183999695472924,
    0.04974999695753897,
    0.06268499695649914,
    0.17909999719621753,
    0.14399481683563828,
    0.3297396101502487,
    0.0029821411770694323,
    0.284368462241978,
    2.541138959535111e-05,
    2.541138959535111e-05,
    2.541138959535111e-05,
    8.721407725805791e-05,
    8.721407725805791e-05,
    0.19682131768658256,
    1.0550089990894102e-06,
    1.5089233647470143e-05,
    1.5089233647470143e-05,
    1.5089233647470143e-05,
    1.5089233647470143e-05,
    1.3790699968172582,
    0.119399996922363,
    0.25869999690987083,
    0.09352999692179553,
    0.0935299969246886,
    0.09352999692144627,
    0.09352999692191,
    0.0935299969217383,
    0.17412499721160526,
    0.0,
    0.671624996835422,
    0.6716249968354236
  ],
  "qg": [
    -0.4666990703071041,
    0.0021261385196780836,
    0.0021862003856241035,
    0.0022717511358831006,
    0.0021422583184048266,
    0.005661000350329139,
    -0.19547461255169526,
    -0.00569963057365117,
    -0.034099622772268766,
    -0.03409962962361321,
    -0.03409962135218038,
    -0.03409963293722404,
    -0.034099632791795405,
    -0.03409962021363443,
    0.0005422549499978167,
    0.0013737049435024297,
    0.0075906661139097335,
    0.009875952404773994,
    -0.0035994654294671945,
    -0.005499500764073257,
    -0.0069995010704557385,
    -0.021999732947298734,
    -0.08759644852546958,
    -0.18678471517376866,
    0.00018095939931459247,
    0.01260518713814343,
    0.020600215584247617,
    0.062467142119084336,
    0.09235211882041754,
    0.06311060330784488,
    0.06308925464775324,
    -0.07859304244276241,
    -0.006598967936517829,
    -0.09419892468948479,
    -0.09419840026334683,
    -0.09419891818079379,
    -0.09419891767169826,
    0.061271661181151335,
    -0.01329981434109326,
    -0.028899811679845608,
    -0.010399812541027948,
    -0.010399814417742731,
    -0.010399812035293617,
    -0.01039981256134597,
    -0.010399812531249107,
    -0.021324169979600405,
    -0.03249181577707101,
    -0.03368520003862762,
    0.018880584187056976
  ],
  "pd": [
    0.047333904661451806,
    0.01086404446867445,
    0.05093602442038693,
    0.1521414888217849,
    0.27356881770617275,
    0.0019420681262586185,
    0.016177491586391923,
    0.28687486863063777,
    0.004576358554946051,
    0.004928879171923688,
    0.0072555152439760925,
    0.029521999305436288,
    0.009043756191917196,
    0.015363489434461744,
    0.008672007177649871,
    0.014953283625615038,
    0.37870969408619376,
    0.0032880559365368687,
    0.04127055004943645,
    0.13307332817617634,
    0.022894611706256715,
    0.19104694600458957,
    0.0065697024073105076,
    0.04089880103516912,
    0.013107357485804867,
    0.245706870033413,
    0.006838899969366158,
    0.06119757910731778,
    0.013370145582097287,
    0.006088992475068275,
    0.020503880976572013,
    0.04062319400735025,
    0.009896215138426756,
    0.01167804662060463,
    0.002858621730400475,
    0.014209785597080384,
    0.004832737185475241,
    0.0035508440328292892,
    0.018068283986544705,
    0.006396646831703303,
    0.008915566876652601,
    0.011806235935869224,
    0.006223591256096101,
    0.024099591269743904,
    0.015017378283247335,
    0.009312953753972847,
    0.1317465687631878,
    0.0547624754810351,
    0.08243854864666122,
    0.021292245265449275,
    0.01409441521334225,
    0.015773695243308447,
    0.12024798718395359,
    0.02306125781610069,
    0.00379440373183202,
    0.005665967734695111,
    0.035207195437421096,
    0.01350474436312511,
    0.005736471858090638,
    0.0143636127753979,
    0.024048315543638073,
    0.03098335749945267,
    0.052871683080882324,
    0.3162430407577566,
    0.05496757838545845,
    0.01463281033745355,
    0.014164919336737778,
    0.3190375678305247,
    0.013472697034308964,
    0.0061530871327005725,
    0.00948600932958005,
    0.004678910007157727,
    0.005057068487188284,
    0.01895279026187041,
    0.005396770172639461,
    0.00461481534952543,
    0.03696338905654605,
    0.0779775604754533,
    0.23964992488716086,
    0.003326512731116247,
    0.013190680540726854,
    0.3368815205153564,
    0.003397016854511775,
    0.028804139139954558,
    0.02816960202939481,
    0.010114136974376567,
    0.022939477966599325,
    0.06959397925714877,
    0.056499440702870364,
    0.2184281837451071,
    0.025234066709835582,
    0.005582644679773124,
    0.10692911732796215,
    0.011524219442287115,
    0.003935411978623075,
    0.0012434363580665741,
    0.09377048411605145,
    0.49509277341491986,
    0.02820164935821096,
    0.19391197720075326,
    0.009716750097056321,
    0.009889805672663525,
    0.15318623174119134,
    0.007434980285346525,
    0.013415011842439895,
    0.036412175000908285,
    0.007434980285346525,
    0.05262812338187959,
    0.009120669781075954,
    0.23882310380370428,
    0.1716134458104769,
    0.05803130302028228,
    0.009633427042134334,
    0.10281424030796864,
    0.20525032213590672,
    0.09457807680221839,
    0.057460860567354825,
    0.008896338479362912,
    0.009274496959393468,
    0.29357276035321284,
    0.02658646398587706,
    0.024317513105693724,
    0.006909404092761685,
    0.01462640087169032,
    0.012921482978671205,
    0.006467150955098831,
    0.049365705308395645,
    0.009876986741137066,
    0.00785800502571969,
    0.01362011474686325,
    0.03322026105081986,
    0.12185035362476104,
    0.009005299397337818,
    0.01962578416700954,
    0.043712556505226985,
    0.15131466773832827,
    0.04964131233621452,
    0.0092168117675244,
    0.29832217448376613,
    0.0034611115121440726,
    0.006037716748962437,
    0.05903117967934613,
    0.01216516601861009,
    0.007242696312449632,
    0.049750273254189424,
    0.013485515965835422,
    0.10760852069886451,
    0.004691728938684187,
    0.016453098614210803,
    0.0020702574415232136,
    0.0231061240764433,
    0.338041633818501,
    0.14093133320189605,
    0.24083567605335834,
    0.03443805954583352,
    0.01438925063845082,
    0.012883026184091824,
    0.004544311226129903,
    0.006095401940831505,
    0.04924392545889427
  ],