{
  "hour": 23,
  "dispatch": 3,
  "load": 0.6386401581328756,
  "wind": 0.18072076797611203,
  "solar": 4.578811176232861e-05,
  "gen": [
    47,
    1,
    2,
    3,
    4,
    5,
    6,
    7,
    8,
    9,
    10,
    11,
    12,
    13,
    14,
    15,
    16,
    17,
    18,
    19,
    20,
    21,
    22,
    23,
    24,
    25,
    26,
    27,
    28,
    29,
    30,
    31,
    32,
    33,
    34,
    35,
    36,
    37,
    38,
    39,
    40,
    41,
    42,
    43,
    44,
    45,
    46,
    48,
    49
  ],
  "pg": [
    3.700484959489542,
    0.04507349620863557,
    0.04507349621094048,
    0.0450734962086359,
    0.045073496210940533,
    0.09024649620071575,
    0.1563234642993369,
    0.046764996286509625,
    0.015144400356398191,
    0.015144400356398191,
    0.015144400356398191,
    0.015144400356398191,
    0.015144400356398191,
    0.015144400356398191,
    0.0,
    0.023879996059488953,
    0.179099996049208,
    0.17909999604514104,
    0.031839995933962716,
    0.049749995937763296,
    0.06268499593637947,
    0.1790999962576065,
    0.12216723915185172,
    0.2797557488270214,
    0.0025300907516655684,
    0.24126222524810956,
    1.7866521209660624e-05,
    1.7866521209660624e-05,
    1.7866521209660624e-05,
    6.131943927211047e-05,
    6.131943927211047e-05,
    0.16698598960992755,
    7.417674105497234e-07,
    1.0609105495331537e-05,
    1.0609105495331537e-05,
    1.0609105495331537e-05,
    1.0609105495331537e-05,
    1.379069995751327,
    0.11939999589174524,
    0.2586999958751425,
    0.09352999589100566,
    0.09352999589485095,
    0.09352999589054876,
    0.09352999589115962,
    0.09352999589092867,
    0.1741249962772156,
    0.0,
    0.6716249957773678,
    0.6716249957773716
  ],
  "qg": [
    -0.46669869524675706,
    0.002069217283659296,
    0.00211460250010848,
    0.00221487006236273,
    0.0020706769857346333,
    0.005590602965607248,
    -0.19860905307347815,
    -0.005699507263282292,
    -0.03409949709834861,
    -0.034099506284082794,
    -0.03409949521266955,
    -0.03409951071208371,
    -0.03409951052017758,
    -0.0340994937037832,
    0.0005349779867847837,
    0.0013666108099557237,
    0.0075186711962172284,
    0.009817819077595422,
    -0.0035992668931254814,
    -0.005499318527169986,
    -0.006999319171008849,
    -0.02199964369394174,
    -0.08402258743533322,
    -0.17973059431442068,
    0.00025134132544978846,
    0.014612783997399731,
    0.020425111047293932,
    0.06193506649313278,
    0.09156629797711556,
    0.06236976993153582,
    0.06234900696817316,
    -0.07879771713331579,
    -0.006598542711132322,
    -0.09419848813017113,
    -0.09419767562737823,
    -0.09419847917927875,
    -0.09419847848478574,
    0.061590799401349046,
    -0.013299754004164282,
    -0.0288997505506173,
    -0.01039975162989424,
    -0.010399754097991185,
    -0.010399750967424116,
    -0.010399751656897958,
    -0.010399751616902925,
    -0.021292376071497175,
    -0.032487622807140695,
    -0.033817303213492085,
    0.018756926429466244
  ],
  "pd": [
    0.04716357567811286,
    0.010824950680352241,
    0.05075273336681962,
    0.15159401433600067,
    0.27258439229427395,
    0.001935079679142613,
    0.016119277591273778,
    0.28584256197711244,
    0.004559890729068731,
    0.0049111428160418125,
    0.007229406590064151,
    0.029415765683600246,
    0.009011212631254874,
    0.015308204590445029,
    0.008640801339537806,
    0.014899474889239987,
    0.37734692383439083,
    0.0032762240112216515,
    0.04112203978217586,
    0.1325944696315476,
    0.022812226448506317,
    0.1903594719346662,
    0.006546061620861974,
    0.04075162849045879,
    0.013060191233817305,
    0.24482270462023786,
    0.006814290487277783,
    0.06097736229852695,
    0.013322033698651784,
    0.006067081502262318,
    0.020430098658670688,
    0.04047701322246166,
    0.009860604041571599,
    0.011636023681180992,
    0.0028483351052726253,
    0.01415865230580585,
    0.004815346792321882,
    0.003538066476056131,
    0.01800326605776576,
    0.006373628778166098,
    0.008883484599628299,
    0.011763751712807568,
    0.006201195935470222,
    0.024012869945796114,
    0.014963338905053273,
    0.009279441497670682,
    0.13127248450421258,
    0.054565415110872886,
    0.08214189713905046,
    0.021215626053174126,
    0.014043697077341932,
    0.015716934291650067,
    0.11981528006730878,
    0.02297827288962086,
    0.003780749736146623,
    0.00564557899789462,
    0.03508050388623886,
    0.013456148131859687,
    0.005715829415289236,
    0.01431192594375774,
    0.02396177873314549,
    0.030871865244143197,
    0.052681426644380906,
    0.3151050540227609,
    0.05476977996147541,
    0.01458015481017355,
    0.01411394749473655,
    0.31788952511222013,
    0.013424216123953045,
    0.006130945518075605,
    0.009451874340366559,
    0.004662073154369992,
    0.005038870847668389,
    0.01888458947598913,
    0.005377350131478813,
    0.004598209138556704,
    0.03683037791952294,
    0.07769696163844564,
    0.23878755512588218,
    0.0033145424207096244,
    0.01314321445437458,
    0.33566926711463946,
    0.0033847928381042403,
    0.028700488706491428,
    0.02806823494993988,
    0.010077741695336775,
    0.02285693125957562,
    0.06934354837006762,
    0.05629612993941298,
    0.21764217949010264,
    0.025143263025691313,
    0.005562555777337347,
    0.10654433758130763,
    0.011482750043229102,
    0.003921250570935855,
    0.0012389619067777787,
    0.0934330551348397,
    0.4933112037481584,
    0.028100166957846524,
    0.19321419344152016,
    0.009681784797294393,
    0.00985421763999027,
    0.15263499779375725,
    0.007408225834341356,
    0.013366738509721086,
    0.03628114738352866,
    0.007408225834341356,
    0.052438743384290415,
    0.009087849450230818,
    0.23796370932189084,
    0.17099590234007742,
    0.05782247991735056,
    0.009598761576737119,
    0.10244426776609457,
    0.20451173783889076,
    0.09423774173408711,
    0.05725409017661229,
    0.008864325394884312,
    0.00924112308818271,
    0.292516351629601,
    0.02649079375935168,
    0.0242300075995613,
    0.006884540904672398,
    0.01457376840859222,
    0.012874985587958772,
    0.006443879195560715,
    0.049188064979394076,
    0.009841444836827612,
    0.007829728338709055,
    0.013571103360323607,
    0.03310071939602694,
    0.12141188046264097,
    0.008972894221766902,
    0.01955516164202865,
    0.04355525878466211,
    0.15077016853200928,
    0.049462680247391214,
    0.009183645473950751,
    0.2972486752013656,
    0.0034486568539175283,
    0.006015990289611688,
    0.05881875856403785,
    0.012121390201361978,
    0.007216633786901494,
    0.0495712490742738,
    0.013436988927115702,
    0.10722129614892849,
    0.004674845957532649,
    0.016393892859270915,
    0.002062807710769188,
    0.023022977700690162,
    0.33682520580085995,
    0.14042419797025668,
    0.23996903941842798,
    0.034314135696479404,
    0.014337471550083056,
    0.012836667178470798,
    0.004527958721162088,
    0.0060734679038436466,
    0.04906672334934883
  ],