{
  "hour": 2,
  "dispatch": 0,
  "load": 0.6759956901589287,
  "wind": 0.29190335735037304,
  "solar": 9.024561191311568e-05,
  "gen": [
    47,
    1,
    2,
    3,
    4,
    5,
    6,
    7,
    8,
    9,
    10,
    11,
    12,
    13,
    14,
    15,
    16,
    17,
    18,
    19,
    20,
    21,
    22,
    23,
    24,
    25,
    26,
    27,
    28,
    29,
    30,
    31,
    32,
    33,
    34,
    35,
    36,
    37,
    38,
    39,
    40,
    41,
    42,
    43,
    44,
    45,
    46,
    48,
    49
  ],
  "pg": [
    3.603044397008995,
    0.04507349765416596,
    0.04507349765558684,
    0.04507349765416604,
    0.045073497655586846,
    0.09024649764927223,
    0.25249640410807267,
    0.046764997708827576,
    0.024461501345961267,
    0.024461501345961267,
    0.024461501345961267,
    0.024461501345961267,
    0.024461501345961267,
    0.024461501345961267,
    0.0,
    0.023879997572575484,
    0.17909999756621936,
    0.17909999756372236,
    0.03183999749229841,
    0.04974999749467125,
    0.06268499749381795,
    0.1790999976916953,
    0.19732666956885214,
    0.4518663971783774,
    0.004086647002905223,
    0.389690982062748,
    3.521383776849774e-05,
    3.521383776849774e-05,
    3.521383776849774e-05,
    0.0001208569234740445,
    0.0001208569234740445,
    0.2697187021917447,
    1.4619789129924739e-06,
    2.09099082802689e-05,
    2.09099082802689e-05,
    2.09099082802689e-05,
    2.09099082802689e-05,
    1.379069997385625,
    0.11939999746593234,
    0.2586999974556767,
    0.09352999746547336,
    0.09352999746784843,
    0.09352999746518982,
    0.09352999746556813,
    0.09352999746542599,
    0.17412499770885867,
    0.0,
    0.6716249973931616,
    0.6716249973931625
  ],
  "qg": [
    -0.4666991693329192,
    0.0026585536120298132,
    0.002852691380618386,
    0.002803899671567514,
    0.0028087918809430908,
    0.006335349824808513,
    -0.18928914236033464,
    -0.005699681678327697,
    -0.03409967426098201,
    -0.03409968065706145,
    -0.03409967304391996,
    -0.03409968366811216,
    -0.034099683543324585,
    -0.03409967206952939,
    0.0007607442997464421,
    0.0014779717819575476,
    0.008587947581992278,
    0.010662880004459207,
    -0.0035995344765436727,
    -0.005499566948730745,
    -0.006999567196035167,
    -0.02199977268842833,
    -0.0761015936711223,
    -0.16009043568031242,
    0.0007294556716389025,
    0.042453703947192126,
    0.023920484303581985,
    0.07255551844595937,
    0.10724893319501644,
    0.08703512124836983,
    0.08699448469594749,
    -0.06550803442051195,
    -0.0065987375839180904,
    -0.09419862738444071,
    -0.09419718010248306,
    -0.0941986188743101,
    -0.0941986182258755,
    0.08511346457336628,
    -0.013299847926970422,
    -0.028899845775293306,
    -0.010399846473318415,
    -0.010399847994162366,
    -0.010399846065693845,
    -0.010399846490409686,
    -0.010399846465081247,
    -0.020728641349898328,
    -0.03246780671838054,
    -0.028647241607500852,
    0.023691374997045322
  ],
  "pd": [
    0.049922281718236886,
    0.011458126948193842,
    0.05372137749693006,
    0.1604610969730249,
    0.28852848047363394,
    0.002048266941181554,
    0.017062131219611358,
    0.30256215100133327,
    0.00482660922773475,
    0.005198406857322161,
    0.0076522712125990724,
    0.031136361488720253,
    0.009538299188142483,
    0.01620361669310952,
    0.009146221687850306,
    0.015770979451407808,
    0.39941881348730457,
    0.0034678578905153043,
    0.04352736248933342,
    0.14035022519079676,
    0.024146566052476934,
    0.20149403536567187,
    0.006928955824129019,
    0.04313528498904124,
    0.01382411186375009,
    0.2591429478224253,
    0.007212874013995769,
    0.06454406849637451,
    0.014101270096715253,
    0.0064219590565098225,
    0.021625102128184127,
    0.042844606842272905,
    0.01043737345605386,
    0.01231664147469568,
    0.0030149407781088224,
    0.014986824450823447,
    0.005097007503798322,
    0.0037450161234804653,
    0.0190563185055802,
    0.006746436987786108,
    0.009403100050110698,
    0.012451840612727466,
    0.006563918151443198,
    0.02541743794997571,
    0.0158385790204237,
    0.009822217378009233,
    0.1389509141121678,
    0.05775707176717887,
    0.08694656566824141,
    0.022456576827079612,
    0.014865145226594842,
    0.016636253934811236,
    0.1268235514307166,
    0.024322324931918254,
    0.004001894485740858,
    0.00597580190100493,
    0.037132443260429956,
    0.014243229191648627,
    0.0060501614269224116,
    0.015149063416461592,
    0.025363358294763,
    0.0326776316622826,
    0.055762884481210036,
    0.3335362735244155,
    0.057973390388029726,
    0.015432981606328342,
    0.014939504752512324,
    0.33648361473350835,
    0.014209429407140681,
    0.006489558625525715,
    0.010004736214352146,
    0.00493476853816018,
    0.0053336059953539485,
    0.01998919255799952,
    0.00569188371113818,
    0.004867168969144286,
    0.038984671451465426,
    0.08224163566473526,
    0.25275478855042344,
    0.00350841763192484,
    0.013911991303470752,
    0.35530333474753295,
    0.003582777157842322,
    0.030379246315742257,
    0.029710010582484916,
    0.010667211990707894,
    0.02419388575078806,
    0.07339961203745647,
    0.05958902008750956,
    0.2303725712492613,
    0.026613950321557025,
    0.00588792246128427,
    0.11277636098921408,
    0.012154402509057537,
    0.004150613537575822,
    0.0013114316389083217,
    0.09889816947025128,
    0.5221661109063629,
    0.029743810366992862,
    0.20451573610068227,
    0.010248094662809359,
    0.01043061349915227,
    0.16156296994798394,
    0.007841550005843571,
    0.014148589795026378,
    0.03840331515792874,
    0.007841550005843571,
    0.05550600611894964,
    0.009619418670961555,
    0.2518827541101185,
    0.18099784604005315,
    0.06120464978698941,
    0.010160215223088699,
    0.10843646865839375,
    0.21647409985959373,
    0.09974992403985151,
    0.060603013622747955,
    0.00938282017940593,
    0.009781657636599697,
    0.3096263059634941,
    0.028040301227792365,
    0.025647276484629757,
    0.007287233539913251,
    0.015426221649426752,
    0.013628073113604002,
    0.006820796513703591,
    0.05206518805604069,
    0.010417093585349091,
    0.008287707161348466,
    0.014364908415877236,
    0.03503685662093727,
    0.12851354065611392,
    0.009497739446732947,
    0.0206989880326664,
    0.046102906068838934,
    0.1595890625327199,
    0.05235586620280903,
    0.009720818024485395,
    0.31463543402757177,
    0.003650376726858215,
    0.006367879401297108,
    0.062259203063637344,
    0.012830398199216466,
    0.0076387512987958935,
    0.05247078547013604,
    0.014222949320943859,
    0.11349291642078255,
    0.004948288451963358,
    0.017352809366379698,
    0.0021834660792133397,
    0.02436964463022938,
    0.35652688694672063,
    0.14863793235214523,
    0.25400538057721744,
    0.03632124843223924,
    0.01517610324406795,
    0.013587513372194467,
    0.0047928094432268045,
    0.006428719013411411,
    0.05193674887491049
  ],