{
  "hour": 2,
  "dispatch": 3,
  "load": 0.6716747401438594,
  "wind": 0.37546899816906654,
  "solar": 3.396322024599035e-05,
  "gen": [
    47,
    1,
    2,
    3,
    4,
    5,
    6,
    7,
    8,
    9,
    10,
    11,
    12,
    13,
    14,
    15,
    16,
    17,
    18,
    19,
    20,
    21,
    22,
    23,
    24,
    25,
    26,
    27,
    28,
    29,
    30,
    31,
    32,
    33,
    34,
    35,
    36,
    37,
    38,
    39,
    40,
    41,
    42,
    43,
    44,
    45,
    46,
    48,
    49
  ],
  "pg": [
    3.042453116000491,
    0.04507349783937657,
    0.04507349784068338,
    0.045073497839376635,
    0.04507349784068339,
    0.09024649783486934,
    0.32478068341624255,
    0.046764997894385193,
    0.031464302046567784,
    0.031464302046567784,
    0.031464302046567784,
    0.031464302046567784,
    0.031464302046567784,
    0.031464302046567784,
    0.0,
    0.023879997766999683,
    0.1790999977611204,
    0.17909999775881713,
    0.031839997699370716,
    0.04974999770145309,
    0.06268499770066392,
    0.17909999787978903,
    0.25381704276228895,
    0.581226009165715,
    0.005256565974366931,
    0.5012511125557038,
    1.3252448539985435e-05,
    1.3252448539985435e-05,
    1.3252448539985435e-05,
    4.5483544553430273e-05,
    4.5483544553430273e-05,
    0.3469333543082175,
    5.502041679850436e-07,
    7.869278130995964e-06,
    7.869278130995964e-06,
    7.869278130995964e-06,
    7.869278130995964e-06,
    1.379069997597694,
    0.11939999767314755,
    0.25869999766360924,
    0.09352999767269585,
    0.09352999767490426,
    0.09352999767242015,
    0.09352999767278096,
    0.09352999767265331,
    0.17412499789591543,
    0.0,
    0.6716249976034874,
    0.671624997603488
  ],
  "qg": [
    -0.4666993600187636,
    0.002753827665126758,
    0.0029731913448451143,
    0.002898755368550774,
    0.0029294125928207336,
    0.006448546241928957,
    -0.17812692640199004,
    -0.005699709094660108,
    -0.034099702305294015,
    -0.03409970811438681,
    -0.03409970120304101,
    -0.034099710846778875,
    -0.03409971073293024,
    -0.03409970032074567,
    0.0007334137149092461,
    0.0014662994573893418,
    0.008473335344059951,
    0.010575279803437178,
    -0.0035996102349431726,
    -0.00549963438749607,
    -0.00699963452398769,
    -0.02199979221141644,
    -0.08979352504123432,
    -0.1867758413793232,
    0.0003438050845182777,
    0.029557350163178064,
    0.023378039530604022,
    0.07090711425039418,
    0.10481511018883478,
    0.08163803217476172,
    0.08160222777756782,
    -0.0656813351258398,
    -0.006599095979984169,
    -0.09419904024277334,
    -0.09419839565734471,
    -0.09419903428446248,
    -0.09419903382177663,
    0.07611646380717874,
    -0.01329985731598381,
    -0.028899855178929977,
    -0.010399855903025026,
    -0.010399857377472305,
    -0.0103998555013212,
    -0.010399855918154179,
    -0.010399855895749427,
    -0.021159698130848333,
    -0.032486317422376586,
    -0.029758461653103516,
    0.02261111368111187
  ],
  "pd": [
    0.04960317955962402,
    0.011384886845438418,
    0.05337799159923251,
    0.1594354330679479,
    0.28668421258820204,
    0.0020351744626358943,
    0.01695307044123101,
    0.30062818019358856,
    0.004795757644627156,
    0.005165178751706279,
    0.007603358058428489,
    0.030937338531026162,
    0.009477330583429856,
    0.01610004352124831,
    0.009087759234146418,
    0.01567017168755624,
    0.39686573696140076,
    0.0034456914169379987,
    0.04324913651786311,
    0.1394531095486681,
    0.02399222171793866,
    0.2002060897946802,
    0.0068846660864745595,
    0.04285956516857967,
    0.013735748435941924,
    0.25748651163414854,
    0.0071667694773349805,
    0.06413150418893569,
    0.014011135079400907,
    0.0063809100313666645,
    0.021486874937202062,
    0.04257074503031781,
    0.01037065798782119,
    0.012237913765421118,
    0.002995669341041613,
    0.014891028988989363,
    0.0050644275406847,
    0.0037210780603969817,
    0.018934510924655396,
    0.006703313906635717,
    0.009342995635401084,
    0.01237224871344989,
    0.006521961726796875,
    0.025254970229409104,
    0.015737339161570624,
    0.009759433974290277,
    0.1380627428365703,
    0.05738788979789135,
    0.0863908050773032,
    0.02231303486757901,
    0.014770127535763468,
    0.016529915354940382,
    0.12601289799838947,
    0.024166857150376062,
    0.003976314461651647,
    0.005937604702871717,
    0.0368950934761022,
    0.014152186774831117,
    0.006011488924287541,
    0.015052230926623889,
    0.025201236250197604,
    0.03246875693855415,
    0.05540644931446697,
    0.3314043167869803,
    0.057602825714737384,
    0.01533433431748431,
    0.014844011757179294,
    0.33433281865400744,
    0.014118603037823925,
    0.0064480775053810495,
    0.00994078615412912,
    0.004903225603050174,
    0.005299513699735052,
    0.019861422066053923,
    0.005655501312011296,
    0.004836058129035788,
    0.03873548226409638,
    0.08171594888590195,
    0.251139185339789,
    0.0034859919013466305,
    0.013823066152160628,
    0.35303224341961253,
    0.0035598761227624547,
    0.030185062822065043,
    0.029520104829322623,
    0.010599027399470102,
    0.02403923894974873,
    0.07293044328482025,
    0.0592081283436812,
    0.22890003469362583,
    0.026443834519463746,
    0.005850286986653016,
    0.11205549689820007,
    0.012076711827786591,
    0.004124082904483297,
    0.0013030489958790873,
    0.09826601448304664,
    0.5188284362767228,
    0.02955368856632981,
    0.2032084758831232,
    0.010182589060580909,
    0.01036394124041975,
    0.16053026289438238,
    0.0077914269856687686,
    0.014058152311210978,
    0.038157841987572653,
    0.0077914269856687686,
    0.055151212913212296,
    0.00955793155224712,
    0.2502727249250035,
    0.17984091167351834,
    0.06081343097262504,
    0.010095271344362207,
    0.10774334506647648,
    0.2150904020362681,
    0.09911232465562789,
    0.06021564045389699,
    0.009322845393196768,
    0.009719133489881645,
    0.3076471812280919,
    0.027861068221167292,
    0.025483339641058027,
    0.007240653698750804,
    0.015327617570082872,
    0.013540962761300207,
    0.0067771981280515415,
    0.051732388485880056,
    0.010350507745616874,
    0.008234732314163716,
    0.014273088228057014,
    0.03481290178165623,
    0.1276920848487491,
    0.009437030099021224,
    0.020566680543204978,
    0.04580821727781121,
    0.15856897265316233,
    0.05202120862414192,
    0.009658682763268698,
    0.31262429105255796,
    0.003627043596776841,
    0.0063271760521551555,
    0.061861243567249466,
    0.012748386567930451,
    0.007589924563625611,
    0.05213539332996636,
    0.014132036532626803,
    0.11276747212275257,
    0.004916659097853051,
    0.01724189057949287,
    0.002169509410664666,
    0.02421387438218613,
    0.35424797469927294,
    0.1476878418628318,
    0.25238178360905517,
    0.03608908378792957,
    0.015079097916229644,
    0.013500662276891574,
    0.004762173907619963,
    0.0063876267787681025,
    0.05160477028525272
  ],