{
  "hour": 3,
  "dispatch": 0,
  "load": 0.6736723684060674,
  "wind": 0.4624796026755602,
  "solar": 6.344045859767583e-05,
  "gen": [
    47,
    1,
    2,
    3,
    4,
    5,
    6,
    7,
    8,
    9,
    10,
    11,
    12,
    13,
    14,
    15,
    16,
    17,
    18,
    19,
    20,
    21,
    22,
    23,
    24,
    25,
    26,
    27,
    28,
    29,
    30,
    31,
    32,
    33,
    34,
    35,
    36,
    37,
    38,
    39,
    40,
    41,
    42,
    43,
    44,
    45,
    46,
    48,
    49
  ],
  "pg": [
    2.5579498809403542,
    0.04507349627177118,
    0.0450734962740224,
    0.04507349627177164,
    0.04507349627402236,
    0.09024649626400344,
    0.4000448563143596,
    0.04676499637493743,
    0.03875579070421195,
    0.03875579070421195,
    0.03875579070421195,
    0.03875579070421195,
    0.03875579070421195,
    0.03875579070421195,
    0.0,
    0.023879996153370112,
    0.1790999961432262,
    0.17909999613925323,
    0.0318399960451806,
    0.0497499960486632,
    0.06268499604730195,
    0.17909999635164403,
    0.31263621140867864,
    0.7159184249417673,
    0.006474714437457843,
    0.6174102695718728,
    2.4754466944813108e-05,
    2.4754466944813108e-05,
    2.4754466944813108e-05,
    8.495946215400747e-05,
    8.495946215400747e-05,
    0.4273311528722176,
    1.0277354292823483e-06,
    1.4699154257081488e-05,
    1.4699154257081488e-05,
    1.4699154257081488e-05,
    1.4699154257081488e-05,
    1.3790699958663621,
    0.11939999599706302,
    0.25869999598052595,
    0.09352999599625551,
    0.09352999600008288,
    0.09352999599576575,
    0.09352999599640005,
    0.09352999599618324,
    0.17412499638110254,
    0.0,
    0.6716249958726581,
    0.6716249958726618
  ],
  "qg": [
    -0.4666990053423808,
    0.002982944956277692,
    0.0032609583806636304,
    0.003127270948905444,
    0.0032173745702716266,
    0.006731399141648614,
    -0.1657966812505134,
    -0.005699494851850733,
    -0.03409948308303032,
    -0.0340994935054216,
    -0.03409948121786664,
    -0.03409949832072248,
    -0.03409949812801171,
    -0.03409947973164019,
    0.0007624863153237053,
    0.0014724756774238943,
    0.008523403055323788,
    0.010615554712048248,
    -0.0035993635737394556,
    -0.00549940193881927,
    -0.006999402327855329,
    -0.02199964060131677,
    -0.09717886746199458,
    -0.19903845411180576,
    0.00015143162945909048,
    0.027098711844685354,
    0.023461526058572883,
    0.0711605359560573,
    0.10518918546454255,
    0.08119762286836499,
    0.08116234360218072,
    -0.06093733494889775,
    -0.006598422117497422,
    -0.09419833116642798,
    -0.09419721412023425,
    -0.09419832190659473,
    -0.09419832119116534,
    0.0725762992604863,
    -0.013299751459363816,
    -0.028899747620333982,
    -0.010399748910826593,
    -0.010399751547749777,
    -0.010399748183325931,
    -0.010399748935289443,
    -0.010399748899111199,
    -0.02111349922215784,
    -0.032476954415552636,
    -0.029623028310307956,
    0.022717896797952424
  ],
  "pd": [
    0.049750704406788075,
    0.011418746644482843,
    0.053536743117230175,
    0.1599096100885482,
    0.28753684028307763,
    0.0020412272762703842,
    0.01700349057856914,
    0.30152227865118764,
    0.0048100207104193205,
    0.005180540513042658,
    0.007625971210356683,
    0.03102934928878346,
    0.00950551711820961,
    0.016147926670693435,
    0.009114787144534092,
    0.01571677635491355,
    0.39804605559640893,
    0.0034559392499231255,
    0.04337776380166668,
    0.1398678571284677,
    0.024063576999464726,
    0.2008015228507965,
    0.006905141776162191,
    0.04298703382799116,
    0.013776599933904078,
    0.2582523024284659,
    0.007188084170892739,
    0.0643222377354113,
    0.014052805604950565,
    0.00639988749985764,
    0.021550779065310093,
    0.04269735470957656,
    0.01040150136818968,
    0.012274310552358548,
    0.0030045787630910608,
    0.014935316407562512,
    0.005079489657781748,
    0.0037321449209696137,
    0.018990824065367038,
    0.006723250236692552,
    0.009370782644528397,
    0.01240904502603976,
    0.006541358697222914,
    0.025330081052068125,
    0.015784143591754157,
    0.009788459512940158,
    0.13847335532586716,
    0.0575585671566144,
    0.0866477400243884,
    0.02237939607844956,
    0.01481405538124942,
    0.016579076986473318,
    0.1263876730366623,
    0.024238731815250304,
    0.0039881404209639185,
    0.005955263736709636,
    0.037004823196545286,
    0.01419427680231584,
    0.006029367697234302,
    0.015096997775979969,
    0.025276187262595645,
    0.03256532228874929,
    0.055571233669816505,
    0.33238994657155374,
    0.05777414231450434,
    0.015379940170710519,
    0.01488815934177409,
    0.33532715809780406,
    0.014160593183895537,
    0.006467254736698246,
    0.009970351052409798,
    0.004917808289364292,
    0.005315274986723872,
    0.019920491933767413,
    0.0056723213419790875,
    0.004850441052523685,
    0.038850685485977914,
    0.08195898034028216,
    0.2518860985470286,
    0.0034963595920274896,
    0.013864177341796867,
    0.35408219683422903,
    0.003570463552552157,
    0.030274836236168667,
    0.029607900591446662,
    0.010630549973447742,
    0.024110734065253152,
    0.07314734576153079,
    0.059384219274994834,
    0.2295808064291037,
    0.026522481144146872,
    0.0058676863288168474,
    0.11238876122118423,
    0.012112629183941091,
    0.004136348342013253,
    0.0013069243947077707,
    0.09855826749780766,
    0.5203714842515826,
    0.029641584209866963,
    0.2038128383375716,
    0.01021287310503598,
    0.01039476464450562,
    0.1610076960490501,
    0.00781459947351038,
    0.014099962670738991,
    0.03827132724914869,
    0.00781459947351038,
    0.055315238169822194,
    0.009586357802418339,
    0.25101706119178485,
    0.18037577664072452,
    0.06099429623548534,
    0.010125295697143193,
    0.10806378461601726,
    0.21573010253467495,
    0.09940709468199929,
    0.06039472782760393,
    0.009350572473476215,
    0.009748039170835795,
    0.308562154901031,
    0.027943929841483677,
    0.025559129657326197,
    0.007262188131417406,
    0.015373203447026458,
    0.013581234947066319,
    0.006797354197217219,
    0.051886245814635315,
    0.010381291197137498,
    0.008259223236658385,
    0.014315537828628933,
    0.034916438854486476,
    0.12807185395767748,
    0.009465096776105247,
    0.020627847920593783,
    0.04594445552529379,
    0.15904057273330438,
    0.05217592493304992,
    0.00968740865767925,
    0.31355406715092,
    0.003637830789392764,
    0.006345993710385155,
    0.06204522513019881,
    0.01278630155234716,
    0.0076124977629885605,
    0.052290449235678944,
    0.014174066631263657,
    0.11310285393169466,
    0.004931281736732413,
    0.01729316969698375,
    0.0021759617499515975,
    0.024285888881038727,
    0.355301543821044,
    0.1481270803651261,
    0.2531323924285798,
    0.036196416354458,
    0.015123944670716214,
    0.013540814604961954,
    0.004776337091999017,
    0.0064066242235417,
    0.051758248064638156
  ],