{
  "hour": 3,
  "dispatch": 1,
  "load": 0.6734116795288165,
  "wind": 0.49244894271554385,
  "solar": 7.12527219746875e-05,
  "gen": [
    47,
    1,
    2,
    3,
    4,
    5,
    6,
    7,
    8,
    9,
    10,
    11,
    12,
    13,
    14,
    15,
    16,
    17,
    18,
    19,
    20,
    21,
    22,
    23,
    24,
    25,
    26,
    27,
    28,
    29,
    30,
    31,
    32,
    33,
    34,
    35,
    36,
    37,
    38,
    39,
    40,
    41,
    42,
    43,
    44,
    45,
    46,
    48,
    49
  ],
  "pg": [
    2.37719585197451,
    0.04507349744864222,
    0.04507349745018161,
    0.045073497448642356,
    0.04507349745018161,
    0.09024649744332405,
    0.4259683354489454,
    0.046764997521182,
    0.041267221399562584,
    0.041267221399562584,
    0.041267221399562584,
    0.041267221399562584,
    0.041267221399562584,
    0.041267221399562584,
    0.0,
    0.023879997368998665,
    0.179099997362031,
    0.17909999735931195,
    0.03183999729723087,
    0.049749997299577416,
    0.06268499729864375,
    0.17909999750571118,
    0.33289548527570756,
    0.7623109633236619,
    0.006894285198017614,
    0.657419338525251,
    2.780281211452306e-05,
    2.780281211452306e-05,
    2.780281211452306e-05,
    9.54216452685015e-05,
    9.54216452685015e-05,
    0.4550228230691625,
    1.1542940959899375e-06,
    1.6509255681535095e-05,
    1.6509255681535095e-05,
    1.6509255681535095e-05,
    1.6509255681535095e-05,
    1.3790699971737834,
    0.11939999726355302,
    0.258699997252216,
    0.0935299972629954,
    0.09352999726561824,
    0.0935299972626572,
    0.09352999726309381,
    0.0935299972629462,
    0.1741249975261717,
    0.0,
    0.6716249971773892,
    0.6716249971773904
  ],
  "qg": [
    -0.466699343875587,
    0.0030613589338485377,
    0.0033594826505560916,
    0.0032056790426410187,
    0.003315876115260538,
    0.006829567245719486,
    -0.16120065026384553,
    -0.005699656400256365,
    -0.03409964825331929,
    -0.03409965524649555,
    -0.03409964697840994,
    -0.0340996584952329,
    -0.03409965836259334,
    -0.034099645960918336,
    0.0007473982890645386,
    0.0014714205099424864,
    0.008519033450870302,
    0.01061240936023733,
    -0.003599575356957988,
    -0.005499599496017182,
    -0.00699959963967789,
    -0.021999754977811817,
    -0.09962085075365983,
    -0.2028565957352023,
    6.900638604012699e-05,
    0.02614639980586024,
    0.023399282359049044,
    0.07097161243679231,
    0.10491029805529045,
    0.08042161470481761,
    0.08038690102294392,
    -0.05906268229451875,
    -0.006599034442892801,
    -0.09419897961364115,
    -0.09419841615482233,
    -0.0941989733107348,
    -0.09419897281932331,
    0.07088971037820684,
    -0.013299829420086411,
    -0.028899826754385852,
    -0.0103998276764861,
    -0.010399829488424137,
    -0.01039982717628347,
    -0.010399827693505845,
    -0.010399827668324082,
    -0.021242062667931237,
    -0.03248869774551907,
    -0.02964736462130629,
    0.02269034442640212
  ],
  "pd": [
    0.0497314525332031,
    0.01141432796801344,
    0.05351602617215505,
    0.1598477303697552,
    0.28742557305648947,
    0.002040437388972314,
    0.01699691079130733,
    0.3014055995235077,
    0.00480815939183575,
    0.005178535815576599,
    0.007623020212266203,
    0.031017341959097288,
    0.0095018387981516,
    0.016141677958305733,
    0.009111260024024887,
    0.01571069448340729,
    0.3978920249663965,
    0.003454601915982829,
    0.0433609780448605,
    0.13981373290377289,
    0.024054265192769327,
    0.20072381931715436,
    0.00690246971517037,
    0.04297039927073379,
    0.013771268846364298,
    0.25815236734737185,
    0.007185302620572473,
    0.0642973471614114,
    0.014047367634971114,
    0.0063974109555237565,
    0.02154243962812684,
    0.042680832248536395,
    0.010397476331924928,
    0.012269560801015038,
    0.003003416090698522,
    0.01492953693515386,
    0.005077524063647277,
    0.003730700704589644,
    0.018983475245917338,
    0.006720648561697589,
    0.009367156462245839,
    0.0124042431369208,
    0.006538827408224809,
    0.02532027915028349,
    0.01577803565136017,
    0.009784671703553703,
    0.13841977072714826,
    0.05753629389894208,
    0.08661421022099638,
    0.022370735993947285,
    0.014808322832838675,
    0.016572661433204176,
    0.12633876519640128,
    0.02422935222944682,
    0.003986597142810594,
    0.005952959247034739,
    0.036990503556517895,
    0.014188784087672164,
    0.006027034531782907,
    0.015091155738240778,
    0.025266406215921196,
    0.032552720588422984,
    0.055549729444332084,
    0.33226132267951813,
    0.05775178563639131,
    0.015373988643642882,
    0.014882398117586846,
    0.3351973976022637,
    0.014155113503695724,
    0.0064647521234766385,
    0.009966492857026485,
    0.0049159052605603605,
    0.005313218151482363,
    0.019912783363667103,
    0.0056701263416326355,
    0.004848564092607479,
    0.03883565155842686,
    0.08192726493147583,
    0.2517886269758245,
    0.0034950066167545577,
    0.013858812364703045,
    0.35394517876034604,
    0.0035690819015027275,
    0.030263120878025015,
    0.029596443315291487,
    0.010626436302964724,
    0.024101404010336346,
    0.07311904016323889,
    0.05936123955046517,
    0.22949196626662538,
    0.026512217823049508,
    0.005865415728695992,
    0.11234527049579246,
    0.012107941997928121,
    0.004134747712306933,
    0.001306418658285904,
    0.09852012871506587,
    0.520170117735239,
    0.029630113899267927,
    0.20373396952464815,
    0.010208921061656858,
    0.010390742215129638,
    0.16094539140738714,
    0.0078115754825342715,
    0.01409450645253813,
    0.038256517514032064,
    0.0078115754825342715,
    0.055293833006111126,
    0.009582648199695058,
    0.2509199259092324,
    0.18030597719384062,
    0.06097069346453905,
    0.010121377543318112,
    0.10802196751321745,
    0.21564662213551292,
    0.09936862743127217,
    0.0603713570697584,
    0.009346954111859974,
    0.009744267002781975,
    0.30844275157458384,
    0.027933116466855312,
    0.0255492391213233,
    0.007259377905320642,
    0.015367254526847594,
    0.013575979459300941,
    0.006794723846445759,
    0.05186616755730945,
    0.010377273981539063,
    0.00825602719102329,
    0.014309998189987353,
    0.03490292734997856,
    0.1280222943952233,
    0.009461434097379873,
    0.020619865627172364,
    0.045926676543865286,
    0.15897902930316302,
    0.05215573457950684,
    0.009683659951624382,
    0.31343273211989237,
    0.0036364230694556094,
    0.006343538021161451,
    0.06202121568460401,
    0.012781353677456938,
    0.007609551978675627,
    0.052270214565026736,
    0.0141685817372863,
    0.11305908687609302,
    0.004929373494150937,
    0.01728647781350472,
    0.0021751197248780774,
    0.024276491047013835,
    0.35516405390029315,
    0.14806976009479617,
    0.25303443858295277,
    0.03618240954108331,
    0.015118092205421933,
    0.013535574758529212,
    0.004774488807859309,
    0.006404145072319045,
    0.05173821933819897
  ],