{
  "hour": 4,
  "dispatch": 0,
  "load": 0.6730697906853182,
  "wind": 0.4376612910900062,
  "solar": 9.743693303304096e-05,
  "gen": [
    47,
    1,
    2,
    3,
    4,
    5,
    6,
    7,
    8,
    9,
    10,
    11,
    12,
    13,
    14,
    15,
    16,
    17,
    18,
    19,
    20,
    21,
    22,
    23,
    24,
    25,
    26,
    27,
    28,
    29,
    30,
    31,
    32,
    33,
    34,
    35,
    36,
    37,
    38,
    39,
    40,
    41,
    42,
    43,
    44,
    45,
    46,
    48,
    49
  ],
  "pg": [
    2.695282982378136,
    0.04507349609173363,
    0.04507349609409502,
    0.04507349609173422,
    0.045073496094094966,
    0.09024649608359121,
    0.3785770167928553,
    0.04676499619742503,
    0.03667601619334252,
    0.03667601619334252,
    0.03667601619334252,
    0.03667601619334252,
    0.03667601619334252,
    0.03667601619334252,
    0.0,
    0.02387999596564247,
    0.17909999595502818,
    0.17909999595086268,
    0.031839995849730275,
    0.049749995853417286,
    0.06268499585199133,
    0.17909999617244318,
    0.29585903277684417,
    0.6774996786073296,
    0.006127258075260087,
    0.5842778236051582,
    3.801989126949258e-05,
    3.801989126949258e-05,
    3.801989126949258e-05,
    0.00013048754071784844,
    0.00013048754071784844,
    0.40439903296716573,
    1.5784783151352631e-06,
    2.257613738375559e-05,
    2.257613738375559e-05,
    2.257613738375559e-05,
    2.257613738375559e-05,
    1.379069995663269,
    0.11939999580015036,
    0.2586999957828363,
    0.09352999579931051,
    0.09352999580331854,
    0.09352999579880074,
    0.09352999579946265,
    0.09352999579923443,
    0.1741249962028129,
    0.0,
    0.6716249956709851,
    0.6716249956709894
  ],
  "qg": [
    -0.46669892832361076,
    0.0029122815898786837,
    0.0031722456361610004,
    0.0030566781885562337,
    0.0031286558807452226,
    0.006643313560691009,
    -0.1694351691909147,
    -0.005699470631250394,
    -0.03409945863852279,
    -0.034099469475322525,
    -0.0340994566733528,
    -0.03409947450249291,
    -0.03409947429942482,
    -0.03409945510513437,
    0.0007680597642595539,
    0.0014705526315265847,
    0.008503304566076736,
    0.010599458159292035,
    -0.003599321784585563,
    -0.005499363636387911,
    -0.006999364086278762,
    -0.021999623309700442,
    -0.09536093973760323,
    -0.1962411702944234,
    0.0002032266052947847,
    0.027381526250939304,
    0.02343272015750254,
    0.07107295030500134,
    0.10505986300795357,
    0.08125379387997032,
    0.08121848166754156,
    -0.06255578007806653,
    -0.006598324694690668,
    -0.0941982830824456,
    -0.09419714755828526,
    -0.09419827341076928,
    -0.09419827266117474,
    0.0734429382096659,
    -0.013299740045240007,
    -0.028899736063589632,
    -0.010399737389190832,
    -0.010399740136307034,
    -0.010399736632594693,
    -0.010399737414905748,
    -0.010399737376874434,
    -0.021077898975822382,
    -0.03247572794330271,
    -0.029693694762683992,
    0.02265534344513485
  ],
  "pd": [
    0.04970620404211075,
    0.011408532952116144,
    0.05348885626576224,
    0.159766576214974,
    0.28727964806030754,
    0.0020394014657765143,
    0.016988281516897432,
    0.30125257691493473,
    0.004805718305493172,
    0.005175906690370097,
    0.007619150030557803,
    0.031001594558965756,
    0.00949701474656984,
    0.01613348288272708,
    0.009106634267972357,
    0.015702718216688474,
    0.3976900165243271,
    0.0034528480262156825,
    0.04333896382222764,
    0.13974274994208577,
    0.02404205292327957,
    0.20062191250957281,
    0.006898965354524512,
    0.042948583343630164,
    0.013764277219514757,
    0.25802130425921677,
    0.007181654666612346,
    0.06426470361463418,
    0.014040235833695739,
    0.006394163011510523,
    0.02153150260402333,
    0.04265916333363547,
    0.010392197568181313,
    0.012263331586286499,
    0.0030018912664565196,
    0.014921957259493504,
    0.005074946221767299,
    0.0037288066403966635,
    0.01897383739941912,
    0.006717236511039476,
    0.009362400788432777,
    0.01239794554442356,
    0.00653550766755444,
    0.02530742412976796,
    0.015770025195757008,
    0.009779704058657674,
    0.13834949547536718,
    0.05750708291615359,
    0.08657023647794564,
    0.022359378446566273,
    0.014800804697170147,
    0.016564247548765683,
    0.12627462343047255,
    0.02421705106885775,
    0.003984573160857084,
    0.0059499369496582135,
    0.03697172360234453,
    0.014181580489739654,
    0.006023974626633598,
    0.015083494009257981,
    0.02525357854651314,
    0.032536193681728276,
    0.05552152703363191,
    0.3320926347241361,
    0.0577224652491729,
    0.015366183321345815,
    0.014874842374145535,
    0.335027219011524,
    0.01414792700020539,
    0.006461469990579055,
    0.00996143290214271,
    0.004913409472002824,
    0.005310520648507162,
    0.01990267371056486,
    0.0056672476375703796,
    0.004846102492934291,
    0.03881593482882231,
    0.08188567073477582,
    0.2516607947372405,
    0.0034932322136568016,
    0.013851776292303851,
    0.3537654819842033,
    0.0035672698906321866,
    0.030247756393398204,
    0.02958141730061974,
    0.01062104129701432,
    0.02408916780862754,
    0.07308191787261185,
    0.059331102048910796,
    0.2293754539676496,
    0.026498757659280982,
    0.005862437876869122,
    0.11228823318003164,
    0.012101794836522023,
    0.0041326485148078535,
    0.0013057553939295175,
    0.09847011037726207,
    0.5199060291169673,
    0.029615070790154,
    0.20363053447393617,
    0.010203738026789425,
    0.01038546687027446,
    0.16086367997379106,
    0.007807609571949691,
    0.014087350719043712,
    0.03823709480883293,
    0.007807609571949691,
    0.05526576051317148,
    0.009577783121452079,
    0.2507925347072565,
    0.18021443645599394,
    0.06093973884864872,
    0.010116238954000333,
    0.1079671251238319,
    0.21553713907115948,
    0.09931817831352556,
    0.06034070673493878,
    0.009342208694712218,
    0.009739319871216555,
    0.3082861562275963,
    0.027918934917627,
    0.025536267858600976,
    0.0072556923435877305,
    0.015359452623438963,
    0.013569086980216017,
    0.006791274188014861,
    0.05183983527858321,
    0.010372005474460754,
    0.008251835633802001,
    0.014302733052063013,
    0.034885207251220046,
    0.12795729790718585,
    0.009456630559128721,
    0.020609396990784446,
    0.045903359724738704,
    0.15889831618498995,
    0.052129255288577904,
    0.009678743590054877,
    0.31327360337657456,
    0.0036345768697007186,
    0.006340317428255697,
    0.06198972772211782,
    0.01277486462720734,
    0.007605688634744096,
    0.0522436771529944,
    0.014161388396019096,
    0.11300168715815809,
    0.0049268708678165294,
    0.01727770152689212,
    0.002174015423913578,
    0.024264165954205722,
    0.35498373830534374,
    0.14799458557588777,
    0.2529059738500083,
    0.03616403985352215,
    0.015110416800885396,
    0.013528702792774896,
    0.004772064815958907,
    0.006400893709417376,
    0.051711952018353
  ],