{
  "hour": 5,
  "dispatch": 1,
  "load": 0.6663128861490739,
  "wind": 0.6013277785487078,
  "solar": 0.00010203807236733271,
  "gen": [
    47,
    1,
    2,
    3,
    4,
    5,
    6,
    7,
    8,
    9,
    10,
    11,
    12,
    13,
    14,
    15,
    16,
    17,
    18,
    19,
    20,
    21,
    22,
    23,
    24,
    25,
    26,
    27,
    28,
    29,
    30,
    31,
    32,
    33,
    34,
    35,
    36,
    37,
    38,
    39,
    40,
    41,
    42,
    43,
    44,
    45,
    46,
    48,
    49
  ],
  "pg": [
    1.6301349039400777,
    0.04507349640314948,
    0.0450734964053153,
    0.045073496403149955,
    0.04507349640531522,
    0.09024649639565763,
    0.5201485284446322,
    0.046764996515379714,
    0.05039126784238172,
    0.05039126784238172,
    0.05039126784238172,
    0.05039126784238172,
    0.05039126784238172,
    0.05039126784238172,
    0.0,
    0.023879996296374814,
    0.17909999628651185,
    0.17909999628267484,
    0.03183999620938466,
    0.04974999621253812,
    0.06268499621122,
    0.17909999649617148,
    0.4064975782989264,
    0.9308554011933997,
    0.008418588899681908,
    0.8027725843625249,
    3.9815255837733225e-05,
    3.9815255837733225e-05,
    3.9815255837733225e-05,
    0.00013664938651433196,
    0.00013664938651433196,
    0.555626867379006,
    1.6530167723507898e-06,
    2.3642221367510987e-05,
    2.3642221367510987e-05,
    2.3642221367510987e-05,
    2.3642221367510987e-05,
    1.379069996027566,
    0.1193999961575318,
    0.2586999961414788,
    0.09352999615672539,
    0.09352999616043442,
    0.09352999615623704,
    0.09352999615686204,
    0.09352999615665704,
    0.1741249965254903,
    0.0,
    0.6716249960305146,
    0.6716249960305182
  ],
  "qg": [
    -0.46669917576764364,
    0.0033215724687632718,
    0.0036865142766201293,
    0.0034652394079590933,
    0.0036431036744265233,
    0.007150172566818688,
    -0.14305623224725084,
    -0.005699520688447643,
    -0.03409950951860138,
    -0.03409951932873221,
    -0.034099507789141136,
    -0.03409952383906788,
    -0.03409952365775058,
    -0.03409950641444802,
    0.0007150127916656481,
    0.001447745890522887,
    0.00829049482108732,
    0.010430439992354436,
    -0.003599444679015811,
    -0.005499474230683537,
    -0.006999474473182882,
    -0.021999657364177517,
    -0.10832150780833279,
    -0.2156385749766284,
    -0.0002604829930121941,
    0.020896884328591884,
    0.02257715615397323,
    0.06847310492726547,
    0.10122121334419937,
    0.07341923139586588,
    0.07339040099118588,
    -0.051713687124175386,
    -0.006598793127388475,
    -0.09419874271037676,
    -0.0941981960958478,
    -0.09419873536320587,
    -0.09419873478595862,
    0.06052047271059177,
    -0.013299757901793692,
    -0.028899754013134285,
    -0.010399755356415187,
    -0.010399757985518404,
    -0.010399754623148585,
    -0.010399755379061468,
    -0.010399755345594307,
    -0.02130709718164738,
    -0.03249000174593281,
    -0.030199224340657846,
    0.022130271114835252
  ],
  "pd": [
    0.049207206642109105,
    0.011294003420226803,
    0.052951885062266904,
    0.15816268978520567,
    0.2843956660661477,
    0.002018928045031694,
    0.016817737246402623,
    0.2982283215826025,
    0.004757474007104388,
    0.005123946094486379,
    0.007542661871207517,
    0.030690371536026342,
    0.009401674823563433,
    0.015971519880993303,
    0.00901521334959697,
    0.015545079633857895,
    0.39369763191004176,
    0.0034181851059447493,
    0.04290388673913887,
    0.13833988142227072,
    0.02380069629324492,
    0.19860788197445448,
    0.006829707083028008,
    0.04251742526517241,
    0.01362609852174856,
    0.2554310449052475,
    0.007109558495210619,
    0.06361955436951357,
    0.013899286805069681,
    0.006329972418416202,
    0.021315349227908873,
    0.04223091072412831,
    0.010287870962141702,
    0.012140220785636128,
    0.00297175547222487,
    0.014772156685924968,
    0.005023999161564017,
    0.00369137338926587,
    0.018783360260542392,
    0.006649802603767757,
    0.009268412246333619,
    0.01227348336286594,
    0.006469898124507508,
    0.02505336451920517,
    0.015611710922472802,
    0.009681526235746044,
    0.13696061374794216,
    0.05692977299257688,
    0.08570116341649389,
    0.022134914077872235,
    0.014652220366418134,
    0.01639796012812871,
    0.12500696057042776,
    0.023973937643643677,
    0.003944572286002517,
    0.0058902059135578135,
    0.036600566836168635,
    0.014039212511160986,
    0.005963500331034211,
    0.014932071778600746,
    0.025000059488313253,
    0.03220956491644623,
    0.05496414997843711,
    0.32875877802595316,
    0.05714299311614458,
    0.015211923190783357,
    0.014725514783894535,
    0.33166390220956304,
    0.014005896866853534,
    0.006396603707031109,
    0.009861430715006295,
    0.00486408406888824,
    0.005257208671716194,
    0.019702872043428115,
    0.005610354501375202,
    0.004797452780273332,
    0.0384262641442171,
    0.08106362572889633,
    0.24913438813113875,
    0.0034581638791136935,
    0.013712719196947942,
    0.3502140529599533,
    0.003531458296590092,
    0.029944101103539383,
    0.0292844513462518,
    0.010514417343432385,
    0.023847338195275358,
    0.07234825317806644,
    0.05873548091404086,
    0.2270727684707429,
    0.02623273832768904,
    0.0058035852383584345,
    0.11116097879625,
    0.011980305692960349,
    0.004091161120955314,
    0.0012926469991292034,
    0.09748157524360952,
    0.5146867257769907,
    0.02931776699055925,
    0.2015863005755408,
    0.01010130335401996,
    0.01028120783328021,
    0.15924877978962865,
    0.007729229479329257,
    0.013945928707100118,
    0.03785323506212889,
    0.007729229479329257,
    0.05471095108170046,
    0.009481632369901322,
    0.2482748445080065,
    0.17840527526641453,
    0.06032796871193716,
    0.01001468267882058,
    0.10688325006717295,
    0.21337337553151794,
    0.09832112948015734,
    0.05973495024326447,
    0.009248422859749146,
    0.0096415474625771,
    0.3051912912428603,
    0.02763865851746359,
    0.025279910900495865,
    0.007182852912687016,
    0.015205260061921867,
    0.01343286778476533,
    0.006723097021244156,
    0.051319418491201675,
    0.01026788157555723,
    0.008168995984187646,
    0.01415914883066782,
    0.0345349968891065,
    0.12667274278580043,
    0.009361696050394488,
    0.020402500573884645,
    0.045442538835366836,
    0.1573031461620734,
    0.051605933032245775,
    0.009581579302823683,
    0.310128669729225,
    0.003598089585204999,
    0.006276667387524276,
    0.061367416814329716,
    0.012646618579109424,
    0.007529335613484535,
    0.05171920622289111,
    0.014019223124576515,
    0.11186727045556803,
    0.004877410326611221,
    0.017104251787446727,
    0.002152190622261509,
    0.024020579545674114,
    0.3514200792838831,
    0.14650887740645838,
    0.25036706697051453,
    0.03580099137278974,
    0.01495872429404671,
    0.013392889011596385,
    0.004724158362796934,
    0.006336635547277692,
    0.05119281904283335
  ],