{
  "hour": 5,
  "dispatch": 2,
  "load": 0.6662103791653508,
  "wind": 0.6930963073869884,
  "solar": 0.00018539834238944953,
  "gen": [
    47,
    1,
    2,
    3,
    4,
    5,
    6,
    7,
    8,
    9,
    10,
    11,
    12,
    13,
    14,
    15,
    16,
    17,
    18,
    19,
    20,
    21,
    22,
    23,
    24,
    25,
    26,
    27,
    28,
    29,
    30,
    31,
    32,
    33,
    34,
    35,
    36,
    37,
    38,
    39,
    40,
    41,
    42,
    43,
    44,
    45,
    46,
    48,
    49
  ],
  "pg": [
    1.0905388707313286,
    0.04507349813713267,
    0.04507349813825192,
    0.04507349813713273,
    0.04507349813825192,
    0.09024649813325142,
    0.5995283058897449,
    0.046764998199530755,
    0.05808147055902963,
    0.05808147055902963,
    0.05808147055902963,
    0.05808147055902963,
    0.05808147055902963,
    0.05808147055902963,
    0.0,
    0.02387999808494049,
    0.179099998079794,
    0.17909999807780827,
    0.03183999804477296,
    0.0497499980463549,
    0.06268499804567035,
    0.17909999819061373,
    0.4685331037936041,
    1.072913083835058,
    0.009703348303417837,
    0.9252835703616294,
    7.23424332003632e-05,
    7.23424332003632e-05,
    7.23424332003632e-05,
    0.0002482854601279508,
    0.0002482854601279508,
    0.6404209880255771,
    3.0034531467090824e-06,
    4.295679593163545e-05,
    4.295679593163545e-05,
    4.295679593163545e-05,
    4.295679593163545e-05,
    1.3790699979484253,
    0.11939999801627209,
    0.258699998007961,
    0.09352999801585789,
    0.09352999801777491,
    0.0935299980156053,
    0.09352999801592848,
    0.09352999801582258,
    0.17412499820651445,
    0.0,
    0.671624997948299,
    0.6716249979482994
  ],
  "qg": [
    -0.46669959585955145,
    0.003673560335258,
    0.004128051575438777,
    0.0038169863567366204,
    0.0040846717362593935,
    0.007592154315162649,
    -0.12665654934927179,
    -0.005699754405062114,
    -0.034099748469416526,
    -0.03409975346116227,
    -0.03409974759227284,
    -0.03409975575295629,
    -0.03409975565963538,
    -0.034099746895424075,
    0.0006884274102310041,
    0.001444457652191413,
    0.008271278207173717,
    0.0104126734899157,
    -0.0035997246518741253,
    -0.005499738094950567,
    -0.006999738124089609,
    -0.021999823572547844,
    -0.10924225378935484,
    -0.21168646688646908,
    -0.00039108991898959813,
    0.0269795334666148,
    0.02247302311765814,
    0.06815691271459184,
    0.10075449339270341,
    0.07225676966174126,
    0.07222871992947201,
    -0.04047721912911941,
    -0.0065994377861272,
    -0.09419941135215434,
    -0.0941992070371272,
    -0.09419940769940542,
    -0.09419940741011089,
    0.05741323635845359,
    -0.013299875076335833,
    -0.028899873063981854,
    -0.010399873781774078,
    -0.010399875128774782,
    -0.010399873407309574,
    -0.010399873793960018,
    -0.010399873775933165,
    -0.021371417945883625,
    -0.032496623160264484,
    -0.029487127992883735,
    0.02278984942292477
  ],
  "pd": [
    0.04919963650136115,
    0.011292265926852695,
    0.05294373883227042,
    0.1581383577024793,
    0.284351914035355,
    0.0020186174488710127,
    0.01681514997013345,
    0.29818244150682766,
    0.004756742107240604,
    0.005123157815781547,
    0.007541501492151771,
    0.030685650064356054,
    0.009400228450023099,
    0.015969062788593457,
    0.009013826430107195,
    0.015542688145927634,
    0.3936370646336391,
    0.0034176592451182495,
    0.04289728631445694,
    0.13831859892231013,
    0.02379703474378633,
    0.1985773277178161,
    0.0068286563864448455,
    0.042510884294541036,
    0.013624002253931422,
    0.2553917488530372,
    0.007108464745694293,
    0.06360976700270769,
    0.013897148509389216,
    0.006328998602070832,
    0.02131207002949957,
    0.042224413831499934,
    0.010286288254313016,
    0.01213835310839269,
    0.0029712982910774645,
    0.014769884106095825,
    0.0050232262589067446,
    0.0036908055005760434,
    0.018780470588671237,
    0.0066487795840702,
    0.00926698637419003,
    0.01227159518422576,
    0.006468902781695556,
    0.02504951025661718,
    0.015609309183844167,
    0.009680036809272546,
    0.13693954343743786,
    0.05692101479588757,
    0.08568797896824742,
    0.022131508795872952,
    0.014649966237846063,
    0.01639543743125928,
    0.12498772923521145,
    0.023970249442369317,
    0.003943965444658876,
    0.005889299751821701,
    0.03659493612755272,
    0.01403705268901394,
    0.005962582893529889,
    0.01492977459709551,
    0.02499621342628396,
    0.03220460972885305,
    0.05495569417734979,
    0.3287082010801841,
    0.057134202117220485,
    0.015209582956344957,
    0.014723249379554253,
    0.33161287833334496,
    0.014003742170055674,
    0.006395619639987367,
    0.009859913611647191,
    0.004863335767907061,
    0.005256399891614618,
    0.01969984091191942,
    0.005609491392572254,
    0.004796714729990525,
    0.03842035256646579,
    0.08105115472925657,
    0.24909606076992466,
    0.0034576318678681706,
    0.01371060960322292,
    0.3501601752893084,
    0.003530915009576359,
    0.029939494439690864,
    0.02927994616431717,
    0.010512799783229235,
    0.023843669470327906,
    0.07233712296977378,
    0.058726444923425665,
    0.22703783511575987,
    0.02622870262773986,
    0.005802692402530205,
    0.11114387755615547,
    0.011978462617393007,
    0.004090531728075253,
    0.0012924481355807806,
    0.09746657847189083,
    0.5146075452824835,
    0.029313256683275432,
    0.2015552881126852,
    0.010099749348146718,
    0.010279626150521361,
    0.15922428062051883,
    0.007728040398318068,
    0.013943783235930792,
    0.03784741164038358,
    0.007728040398318068,
    0.05470253423326695,
    0.009480173695522941,
    0.24823664938080142,
    0.17837782902152266,
    0.060318687729630865,
    0.010013141998855222,
    0.10686680692191391,
    0.2133405497201203,
    0.09830600354963916,
    0.05972576049217369,
    0.009247000062815069,
    0.009640064186522626,
    0.3051443399691056,
    0.02763440652777875,
    0.02527602178553341,
    0.007181747887402481,
    0.015202920852553304,
    0.013430801243973473,
    0.006722062725778389,
    0.051311523403315316,
    0.010266301942938056,
    0.0081677392485672,
    0.014156970557263705,
    0.03452968395214013,
    0.12665325518312484,
    0.009360255827273178,
    0.02039936181004304,
    0.04543554785907692,
    0.157278946313356,
    0.05159799386635642,
    0.009580105252397744,
    0.3100809588787209,
    0.0035975360474928943,
    0.006275701771737603,
    0.061357975921128814,
    0.012644672996558358,
    0.007528177284568463,
    0.05171124963081452,
    0.014017066377638979,
    0.11185006055807074,
    0.0048766599754903675,
    0.017101620433174553,
    0.0021518595247040826,
    0.024016884168910894,
    0.3513660160755977,
    0.1464863381708773,
    0.25032854997138054,
    0.03579548367255429,
    0.014956423012262125,
    0.01339082862122355,
    0.004723431588282337,
    0.0063356607058624856,
    0.051184943431273895
  ],