{
  "hour": 6,
  "dispatch": 2,
  "load": 0.7151931362179831,
  "wind": 0.9604576316672496,
  "solar": 0.00011861382823979466,
  "gen": [
    47,
    1,
    2,
    3,
    4,
    5,
    6,
    7,
    8,
    9,
    10,
    11,
    12,
    13,
    14,
    15,
    16,
    17,
    18,
    19,
    20,
    21,
    22,
    23,
    24,
    25,
    26,
    27,
    28,
    29,
    30,
    31,
    32,
    33,
    34,
    35,
    36,
    37,
    38,
    39,
    40,
    41,
    42,
    43,
    44,
    45,
    46,
    48,
    49
  ],
  "pg": [
    0.2629212711273261,
    0.04507349727802821,
    0.04507349727965053,
    0.04507349727802867,
    0.04507349727965043,
    0.09024649727238417,
    0.8307958513921708,
    0.046764997386558003,
    0.08048634953371553,
    0.08048634953371553,
    0.08048634953371553,
    0.08048634953371553,
    0.08048634953371553,
    0.08048634953371553,
    0.0,
    0.02387999722350822,
    0.17909999721600284,
    0.17909999721313918,
    0.03183999716983732,
    0.04974999717213745,
    0.06268499717114609,
    0.1790999973766828,
    0.6492693590070607,
    1.4867884138209024,
    0.013446406843341495,
    1.2822109382757783,
    4.6283115779167866e-05,
    4.6283115779167866e-05,
    4.6283115779167866e-05,
    0.00015884763877873303,
    0.00015884763877873303,
    0.8874628516605386,
    1.921544017484673e-06,
    2.7482824003160425e-05,
    2.7482824003160425e-05,
    2.7482824003160425e-05,
    2.7482824003160425e-05,
    1.379069997034587,
    0.11939999712467043,
    0.25869999711280967,
    0.09352999712414886,
    0.09352999712687192,
    0.09352999712381732,
    0.09352999712425589,
    0.09352999712409535,
    0.1741249974087272,
    0.0,
    0.6716249970186056,
    0.671624997018607
  ],
  "qg": [
    -0.4666994112404841,
    0.005611278963990935,
    0.00655378023651729,
    0.005753964866984511,
    0.006510461779415499,
    0.010046334199174606,
    -0.07219543675501135,
    -0.005699627515798584,
    -0.03409961758575744,
    -0.03409962613915232,
    -0.034099616385678926,
    -0.03409962983053068,
    -0.03409962969726975,
    -0.03409961544693122,
    0.001000773236130159,
    0.0015854300893806087,
    0.009624516923047359,
    0.011470942847111502,
    -0.003599598277386715,
    -0.005499618414701292,
    -0.0069996185093828475,
    -0.021999734404544412,
    -0.08289716714882608,
    -0.13352253600092528,
    0.0003574055633824307,
    0.10407655934364726,
    0.02708535364878419,
    0.08217605597739673,
    0.12145093685332205,
    0.10651351861759815,
    0.10645307195957368,
    0.02047830179266719,
    -0.006598871125012859,
    -0.09419889073063883,
    -0.09419829866596997,
    -0.09419888122893556,
    -0.09419888048573584,
    0.08586670082983237,
    -0.013299826760349975,
    -0.02889982425053044,
    -0.010399825071437217,
    -0.010399826832264042,
    -0.01039982459563337,
    -0.010399825090223382,
    -0.010399825062398484,
    -0.020682558667622183,
    -0.03247736434546902,
    -0.02080072043053455,
    0.031037341715117607
  ],
  "pd": [
    0.05281701310969805,
    0.012122523658894813,
    0.05683639853524312,
    0.16976539474406263,
    0.3052587344005595,
    0.0021670352027404888,
    0.01805147475814189,
    0.32010614390844483,
    0.0051064789925963985,
    0.0054998352175162895,
    0.008095986301987568,
    0.0329417958542003,
    0.010091375152035741,
    0.017143179475145057,
    0.00967656313302931,
    0.016685455867965545,
    0.42257901646575746,
    0.003668940788798253,
    0.04605128604107593,
    0.14848839894157764,
    0.025546698825706357,
    0.21317761811249422,
    0.007330729646234327,
    0.0456364740220695,
    0.014625699635657753,
    0.27416928876916385,
    0.00763111076344588,
    0.06828664064609302,
    0.014918928821507128,
    0.006794334794070839,
    0.022879028427613277,
    0.045328940973495775,
    0.01104258202320566,
    0.013030818941891651,
    0.003189761387532205,
    0.015855831829952684,
    0.005392556247083592,
    0.003962169974647627,
    0.020161294509984943,
    0.007137627499455471,
    0.009948336524792146,
    0.013173857569135248,
    0.006944525352676615,
    0.026891261921796156,
    0.016756975181587343,
    0.010391756269247293,
    0.14700794914960644,
    0.06110610155846448,
    0.09198814118035699,
    0.023758715985161397,
    0.015727097065433446,
    0.017600903082324565,
    0.1341773842858558,
    0.02573264904112303,
    0.00423394336641046,
    0.006322307324166971,
    0.03928555897245382,
    0.015069119380112902,
    0.0064009785691509485,
    0.016027478182645,
    0.026834046470898723,
    0.03457243620477729,
    0.05899628180662143,
    0.3528762934099529,
    0.06133496336205423,
    0.016327859299856553,
    0.015805768310417426,
    0.35599453548386323,
    0.015033359723302005,
    0.006865854107692637,
    0.01058485841602615,
    0.0052209098943912765,
    0.0056428738447598875,
    0.02114826103796576,
    0.006021926206955418,
    0.005149390580769478,
    0.041245188165691095,
    0.08701039695227983,
    0.2674107136319039,
    0.0037118523769713325,
    0.014718674743366092,
    0.375905512396172,
    0.0037905236219553102,
    0.03214077954163616,
    0.031432738336780355,
    0.011285747689519772,
    0.025596762345241615,
    0.0776556707305486,
    0.0630442749576152,
    0.24373066889172645,
    0.028157153772901997,
    0.006229332216458633,
    0.11931567091524613,
    0.012859172589199335,
    0.004391285856378416,
    0.0013874746842628873,
    0.10463275582869093,
    0.5524437861402188,
    0.031468497993591256,
    0.21637453143138857,
    0.010842327945064623,
    0.011035430091843478,
    0.17093115955609794,
    0.008296240380128604,
    0.014968992341042386,
    0.04063012206854362,
    0.008296240380128604,
    0.058724508414858594,
    0.010177198328381898,
    0.26648811448618276,
    0.19149296222236495,
    0.0647535865531762,
    0.010749352837356285,
    0.11472413098072666,
    0.22902629801108473,
    0.10553389918032559,
    0.06411706466194218,
    0.009926880730705604,
    0.010348844681074216,
    0.3275799121819228,
    0.02966621129032194,
    0.02713442758811028,
    0.007709782008429858,
    0.016320707368494374,
    0.01441829362615454,
    0.00721629874443945,
    0.055084175351509064,
    0.011021126229119119,
    0.008768267850032473,
    0.015197854144632142,
    0.03706846025017806,
    0.13596536712640075,
    0.010048463563862662,
    0.021899213830994642,
    0.048776171890066444,
    0.16884279559834145,
    0.05539170840008279,
    0.010284477298814597,
    0.33287949332129807,
    0.003862042935577109,
    0.0067371193431734,
    0.06586928784567625,
    0.01357436572541732,
    0.008081682439263209,
    0.05551329123323984,
    0.015047663586026364,
    0.12007377563963718,
    0.0052352137571156365,
    0.018359007806715625,
    0.002310073829984085,
    0.02578271256065829,
    0.3772000119727265,
    0.15725666679161013,
    0.26873382093390713,
    0.03842732720899223,
    0.01605608590809372,
    0.014375382037981459,
    0.0050707193357855,
    0.006801486725433019,
    0.05494828865562764
  ],