{
  "hour": 6,
  "dispatch": 3,
  "load": 0.7114052265707642,
  "wind": 0.9845994354563449,
  "solar": 0.0003441888216683048,
  "gen": [
    47,
    1,
    2,
    3,
    4,
    5,
    6,
    7,
    8,
    9,
    10,
    11,
    12,
    13,
    14,
    15,
    16,
    17,
    18,
    19,
    20,
    21,
    22,
    23,
    24,
    25,
    26,
    27,
    28,
    29,
    30,
    31,
    32,
    33,
    34,
    35,
    36,
    37,
    38,
    39,
    40,
    41,
    42,
    43,
    44,
    45,
    46,
    48,
    49
  ],
  "pg": [
    0.06526533587566193,
    0.04507349519922122,
    0.045073495202081135,
    0.04507349519922285,
    0.04507349520208073,
    0.09024649518927606,
    0.8516785116697383,
    0.046764995393482306,
    0.08250943269124171,
    0.08250943269124171,
    0.08250943269124171,
    0.08250943269124171,
    0.08250943269124171,
    0.08250943269124171,
    0.0,
    0.023879995103791435,
    0.17909999509057242,
    0.1790999950855211,
    0.03183999501455526,
    0.04974999501860171,
    0.06268499501685734,
    0.1790999953769247,
    0.665589218368489,
    1.5241599260864218,
    0.013784392096388829,
    1.3144402463342204,
    0.00013430247821497252,
    0.00013430247821497252,
    0.00013430247821497252,
    0.00046093766997819377,
    0.00046093766997819377,
    0.9097698783616628,
    5.5758589110265375e-06,
    7.974854998054622e-05,
    7.974854998054622e-05,
    7.974854998054622e-05,
    7.974854998054622e-05,
    1.379069994772626,
    0.11939999493333277,
    0.2586999949124515,
    0.0935299949324246,
    0.09352999493721573,
    0.09352999493184527,
    0.09352999493261395,
    0.09352999493232994,
    0.17412499543304205,
    0.0,
    0.6716249947445735,
    0.6716249947445797
  ],
  "qg": [
    -0.46669896639139663,
    0.005708910175842229,
    0.006675865250315287,
    0.005851243425499502,
    0.006632665860810491,
    0.010168062868062966,
    -0.06645355687291972,
    -0.005699340743895894,
    -0.03409932346725565,
    -0.03409933906053618,
    -0.034099321407336104,
    -0.03409934568761213,
    -0.03409934545993687,
    -0.03409931980894932,
    0.0009962899547002132,
    0.001571774665752052,
    0.009488540551415299,
    0.01136098427271149,
    -0.0035992948792256826,
    -0.005499331452165477,
    -0.0069993318493473166,
    -0.021999530767779024,
    -0.08208791380026775,
    -0.12948034236917746,
    0.0003112990697349648,
    0.10583952934949657,
    0.02668469322705036,
    0.08095722242240803,
    0.11965202070364002,
    0.10360353668523914,
    0.10354658898281094,
    0.024678713182683606,
    -0.006597541120777457,
    -0.09419737244408352,
    -0.09419489971617406,
    -0.09419735736326394,
    -0.09419735621941143,
    0.08259850303619318,
    -0.013299695883592316,
    -0.028899691525305037,
    -0.010399692886879834,
    -0.010399695987731867,
    -0.010399692047660607,
    -0.010399692918885053,
    -0.01039969287151688,
    -0.020460784936336497,
    -0.032428820621431195,
    -0.020793325025968746,
    0.03103064063402431
  ],
  "pd": [
    0.052537275982250935,
    0.012058318590374453,
    0.05653537335557863,
    0.1688662586311023,
    0.30364197880493354,
    0.0021555578365094158,
    0.017955867918646087,
    0.31841075130854263,
    0.005079433317715256,
    0.0054707061923291765,
    0.00805310716478105,
    0.032767324735849396,
    0.010037927746913483,
    0.01705238328090122,
    0.00962531271550244,
    0.01659708393589593,
    0.4203408921716017,
    0.0036495088123080204,
    0.04580738253889151,
    0.14770195314062207,
    0.0254113946931077,
    0.2120485558839477,
    0.0072919035723503335,
    0.04539476750748047,
    0.014548236883372128,
    0.27271719360590246,
    0.0075906937675100546,
    0.06792497103297657,
    0.014839913026266142,
    0.00675834965242226,
    0.022757853197998744,
    0.04508886326005504,
    0.0109840966982526,
    0.012961803228119325,
    0.003172867310505609,
    0.01577185387307384,
    0.005363995408343562,
    0.003941184955202034,
    0.020054513337029845,
    0.007099824161176226,
    0.00989564670159933,
    0.013104084273433476,
    0.006907744750002121,
    0.026748836519060726,
    0.016668224458553003,
    0.010336717942073203,
    0.1462293443216206,
    0.060782462558206095,
    0.0915009402415317,
    0.02363288162668079,
    0.015643800932291105,
    0.017507682625906507,
    0.13346673455694108,
    0.025596360052016095,
    0.004211518941298924,
    0.006288822202885556,
    0.03907748909553208,
    0.014989308123846001,
    0.00636707677780834,
    0.015942591127450827,
    0.02669192410093507,
    0.03438932865243073,
    0.05868381713982235,
    0.35100733879001517,
    0.06101011223070874,
    0.016241381322610545,
    0.01572205550721389,
    0.3541090655778636,
    0.014953737862517464,
    0.006829490175079336,
    0.010528797353247311,
    0.005193258153966579,
    0.00561298723764333,
    0.021036252549697498,
    0.005990032007725835,
    0.005122117631309502,
    0.04102673941633598,
    0.08654955986459918,
    0.26599441421480874,
    0.0036921931259022663,
    0.014640719562826329,
    0.3739145870855937,
    0.0037704477008250505,
    0.031970550882090144,
    0.03126625970778509,
    0.011225974475286659,
    0.025461193058967654,
    0.07724437950105358,
    0.06271037072221286,
    0.24243978716305073,
    0.028008023770090987,
    0.006196339523431357,
    0.1186837339488006,
    0.012791065973742341,
    0.004368028091144492,
    0.0013801261395472825,
    0.10407858464730281,
    0.5495178532123212,
    0.031301829969113626,
    0.21522853724671898,
    0.010784903234812786,
    0.010976982645986892,
    0.17002584915041263,
    0.008252300628220865,
    0.014889711392126095,
    0.04041493092148511,
    0.008252300628220865,
    0.05841348315372545,
    0.010123296374101974,
    0.26507670147253254,
    0.1904787494143221,
    0.064410629213717,
    0.010692420555358587,
    0.11411651239421629,
    0.22781329570475584,
    0.10497495523278197,
    0.063777478562069,
    0.009874304544802207,
    0.01029403362847896,
    0.3258449359262071,
    0.0295090887981553,
    0.026990714296094797,
    0.007668948342432838,
    0.01623426727034484,
    0.014341929367666607,
    0.007178078736099011,
    0.05479243055048026,
    0.010962754541455476,
    0.008721828077757569,
    0.015117361064628741,
    0.03687213289316271,
    0.13524524762336798,
    0.009995243433319237,
    0.021783228037596802,
    0.048517836452126116,
    0.16794854588882602,
    0.05509833479790569,
    0.01023000715808759,
    0.3311164486550965,
    0.003841588223482127,
    0.006701437234296599,
    0.06552042136716739,
    0.013502471200313105,
    0.008038879060249636,
    0.05521927368642272,
    0.014967965967048878,
    0.11943782348896562,
    0.005207486258497994,
    0.018261772166071517,
    0.002297838881823568,
    0.02564615841787605,
    0.3752022305456868,
    0.15642378121837963,
    0.26731051388396465,
    0.03822380282364716,
    0.015971047336513656,
    0.01429924505407236,
    0.005043863056386718,
    0.006765463704687967,
    0.054657263557431814
  ],