{
  "ace_integral": -818.278167164773,
  "ace_raw": 8.183577174576394
}