{
  "ace_integral": -46.77855866631815,
  "ace_raw": 0.13926983081150912
}