{
  "ace_integral": -754.268648665869,
  "ace_raw": 7.541550922750284
}