{
  "ace_integral": -528.7997999607553,
  "ace_raw": 5.2912627238582
}