{
  "ace_integral": -860.9813347305377,
  "ace_raw": 8.609350918358878
}