{
  "ace_integral": -10.071730415401714,
  "ace_raw": 0.029679309112385893
}