{
  "ace_integral": -43.45871245288083,
  "ace_raw": 0.12984748039105767
}