{
  "ace_integral": -13.029795348778096,
  "ace_raw": 0.0381874703613875
}