{
  "ace_integral": -53.7683919814605,
  "ace_raw": 0.16619197976304428
}