{
  "ace_integral": 15.769142669133426,
  "ace_raw": -0.04572863931986524
}