{
  "ace_integral": -48.117345346428394,
  "ace_raw": 0.14728166605128265
}