{
  "ace_integral": -22.22822785221726,
  "ace_raw": 0.06473155398273517
}