{
  "ace_integral": 2.8083525486259724,
  "ace_raw": -0.009622218592707003
}