{
  "ace_integral": -757.2020079869037,
  "ace_raw": 7.56964591034735
}