{
  "ace_integral": -11.066702551737363,
  "ace_raw": 0.031795681189323605
}