kind,subtype,count,sum_delta,max_abs_delta
dg_pref0,ESD1,2,0.2322064687671523,0.1741249982081227
dg_pref0,PVD1,22,-0.1428773759226152,1.063678739891098
governor_pref0,,25,-0.5497100907428282,1.3789608462002323
