{
  "hour": 0,
  "dispatch": 1,
  "load": 0.8041699157434,
  "wind": 0.8283710585861711,
  "solar": 0.0004996543990422222,
  "gen": [
    47,
    1,
    2,
    3,
    4,
    5,
    6,
    7,
    8,
    9,
    10,
    11,
    12,
    13,
    14,
    15,
    16,
    17,
    18,
    19,
    20,
    21,
    22,
    23,
    24,
    25,
    26,
    27,
    28,
    29,
    30,
    31,
    32,
    33,
    34,
    35,
    36,
    37,
    38,
    39,
    40,
    41,
    42,
    43,
    44,
    45,
    46,
    48,
    49
  ],
  "pg": [
    2.3648519383452222,
    0.04507349561030374,
    0.04507349561292192,
    0.04507349561030434,
    0.04507349561292179,
    0.09024649560122536,
    0.7165409656770378,
    0.04676499576989349,
    0.06941749470952115,
    0.06941749470952115,
    0.06941749470952115,
    0.06941749470952115,
    0.06941749470952115,
    0.06941749470952115,
    0.0,
    0.023879995537158673,
    0.17909999552536984,
    0.1790999955208282,
    0.03183999538975719,
    0.04974999539403155,
    0.0626849953924557,
    0.17909999574690247,
    0.5599788356042517,
    1.2823183986913929,
    0.011597194820206396,
    1.1058753632125384,
    0.0001949651465062751,
    0.0001949651465062751,
    0.0001949651465062751,
    0.000669137171197344,
    0.000669137171197344,
    0.7654148581336222,
    8.094401264484e-06,
    0.00011576992425808288,
    0.00011576992425808288,
    0.00011576992425808288,
    0.00011576992425808288,
    1.3790699952216299,
    0.11939999533224376,
    0.25869999531351684,
    0.09352999533149031,
    0.09352999533580736,
    0.09352999533100617,
    0.09352999533167033,
    0.0935299953314003,
    0.1741249958142734,
    0.0,
    0.6716249951750658,
    0.671624995175068
  ],
  "qg": [
    -0.4666987023640743,
    0.005965621634609977,
    0.0069933399874248835,
    0.006109296546554438,
    0.006949688396571962,
    0.010518157109345883,
    -0.10797130504285146,
    -0.00569932115338705,
    -0.034099299054308606,
    -0.034099317685774046,
    -0.034099296817970075,
    -0.03409932543144512,
    -0.03409932519044051,
    -0.03409929507264835,
    0.0016054706191489824,
    0.0018723700654797706,
    0.012341795094834733,
    0.013625211003059766,
    -0.0035991707916638925,
    -0.005499227971857613,
    -0.006999228462299478,
    -0.0219995362811661,
    -0.04990504909487413,
    -0.07447228437190488,
    0.002142699935027314,
    0.16904153819069165,
    0.036313582789882747,
    0.11025704711751297,
    0.16287809994389696,
    0.17662182821756836,
    0.17645727086174176,
    0.023875495134347766,
    -0.006584443202399608,
    -0.09417526130024009,
    -0.09392585259955992,
    -0.0941750683968675,
    -0.09417505468585735,
    0.140339253206083,
    -0.01329972817913501,
    -0.028899724608205175,
    -0.010399725694568063,
    -0.01039972830192833,
    -0.010399725010982831,
    -0.010399725727247733,
    -0.010399725678778993,
    -0.003104604687785571,
    -0.025325725453454538,
    -0.01155078897916548,
    0.03997922462172892
  ],
  "pd": [
    0.05938794827765009,
    0.01363068007185063,
    0.063907383204128,
    0.19088581290001086,
    0.34323580343759796,
    0.002436634844702502,
    0.020297248673363414,
    0.35993037088843094,
    0.0057417731984078756,
    0.006184066652066746,
    0.009103203446215288,
    0.037040066319141,
    0.011346837511139374,
    0.0192759528803693,
    0.010880418960008202,
    0.018761284134293524,
    0.4751518364161453,
    0.004125391667763642,
    0.05178050087471753,
    0.16696175790664472,
    0.02872494939035425,
    0.23969892678563526,
    0.00824274163636985,
    0.05131408232358636,
    0.01644527477695253,
    0.3082785372002324,
    0.008580493000982079,
    0.07678214355517983,
    0.016774984442407326,
    0.0076396141995623,
    0.025725395604631364,
    0.050968289259816696,
    0.012416383499078096,
    0.014651975864844749,
    0.0035865978242155643,
    0.017828447032031177,
    0.006063441164705236,
    0.004455101333218437,
    0.022669549924806447,
    0.008025615759119132,
    0.011186003527990694,
    0.014812809847993427,
    0.007808489881868414,
    0.03023678883195183,
    0.018841701125867864,
    0.011684588875751602,
    0.16529712618105588,
    0.0687082776011161,
    0.10343233456291612,
    0.02671452460099575,
    0.017683696447197365,
    0.019790621626445074,
    0.1508703178926193,
    0.02893403356844753,
    0.004760685901200928,
    0.007108862055171657,
    0.04417305347178497,
    0.016943860124713436,
    0.00719732074590343,
    0.018021447811809595,
    0.03017245523869237,
    0.03887357372703595,
    0.06633597634967307,
    0.3967774364277937,
    0.06896561197415399,
    0.01835919917642182,
    0.01777215513792914,
    0.40028361726043477,
    0.016903651628926267,
    0.007720031191136639,
    0.011901714753002321,
    0.00587044038492682,
    0.006344900635215427,
    0.023779304408532338,
    0.0067711106905594285,
    0.00579002339335248,
    0.04637647904092189,
    0.09783531194934204,
    0.30067913149645725,
    0.0041736418627082465,
    0.016549816865999174,
    0.4226717077147311,
    0.00426210055344002,
    0.0361393960135084,
    0.035343267796922435,
    0.012689801270430852,
    0.028781241284456287,
    0.08731676945141838,
    0.0708875780727807,
    0.2740530655861933,
    0.031660169582817664,
    0.007004319966125014,
    0.13415966704347143,
    0.014458975085066331,
    0.004937603282664476,
    0.001560089636542196,
    0.11765005867325944,
    0.6211730097168319,
    0.0353834762927096,
    0.24329356630900822,
    0.012191215922669944,
    0.012408341799920663,
    0.1921966098626726,
    0.00932837102262344,
    0.016831276336509365,
    0.045684892913382555,
    0.00932837102262344,
    0.06603039178169058,
    0.011443337901028581,
    0.2996417523051484,
    0.21531649494029534,
    0.07280954417140745,
    0.012086673833623301,
    0.1289968961843988,
    0.257519332118509,
    0.1186633127670961,
    0.0720938329463958,
    0.011161878430518392,
    0.011636338680806999,
    0.3683339465079495,
    0.03335696810503624,
    0.0305102066033046,
    0.008668951691713852,
    0.018351157477264388,
    0.016212065501386944,
    0.008114074449850905,
    0.061937166910556674,
    0.012392258401605795,
    0.009859123167014084,
    0.01708861070954725,
    0.041680126732980424,
    0.15288074268197777,
    0.01129858731619477,
    0.02462368282006291,
    0.05484438825369988,
    0.18984843370870189,
    0.062282959974326334,
    0.011563963388390093,
    0.37429284558360815,
    0.004342517545014361,
    0.007575280606302828,
    0.07406404923996715,
    0.015263145000809733,
    0.00908712004790042,
    0.062419668860002706,
    0.016919735027241135,
    0.13501208715415944,
    0.005886523783241688,
    0.020643041737133078,
    0.002597468827851182,
    0.02899032546254957,
    0.42412725526222667,
    0.1768208810736588,
    0.3021668458405825,
    0.043208049572892884,
    0.018053614608439333,
    0.016163815306442342,
    0.0057015647026207065,
    0.007647655898719734,
    0.06178437462656542
  ],