{
  "hour": 0,
  "dispatch": 2,
  "load": 0.8131033637287822,
  "wind": 0.7545406254610044,
  "solar": 0.0004837192962077778,
  "gen": [
    47,
    1,
    2,
    3,
    4,
    5,
    6,
    7,
    8,
    9,
    10,
    11,
    12,
    13,
    14,
    15,
    16,
    17,
    18,
    19,
    20,
    21,
    22,
    23,
    24,
    25,
    26,
    27,
    28,
    29,
    30,
    31,
    32,
    33,
    34,
    35,
    36,
    37,
    38,
    39,
    40,
    41,
    42,
    43,
    44,
    45,
    46,
    48,
    49
  ],
  "pg": [
    2.933872459182617,
    0.045073494460975354,
    0.04507349446428414,
    0.045073494460976284,
    0.045073494464283916,
    0.09024649444952247,
    0.6526776410237687,
    0.04676499465220558,
    0.06323050441363218,
    0.06323050441363218,
    0.06323050441363218,
    0.06323050441363218,
    0.06323050441363218,
    0.06323050441363218,
    0.0,
    0.023879994364457504,
    0.17909999434967017,
    0.17909999434395074,
    0.03183999416131603,
    0.04974999416696029,
    0.06268499416498155,
    0.17909999462024778,
    0.5100694628116389,
    1.168028888213635,
    0.01056356875645406,
    1.0073117349904408,
    0.00018874726938027488,
    0.00018874726938027488,
    0.00018874726938027488,
    0.0006477968814814559,
    0.0006477968814814559,
    0.6971955379259681,
    7.836252598566e-06,
    0.00011207776093134211,
    0.00011207776093134211,
    0.00011207776093134211,
    0.00011207776093134211,
    1.3790699939601276,
    0.11939999409380996,
    0.25869999407030553,
    0.09352999409289187,
    0.0935299940983159,
    0.09352999409229953,
    0.093529994093122,
    0.09352999409277678,
    0.174124994706124,
    0.0,
    0.6716249939016253,
    0.6716249939016292
  ],
  "qg": [
    -0.4666980858151843,
    0.005721211148935219,
    0.006686393759795651,
    0.005865088231577881,
    0.006642715514008322,
    0.01021299732296766,
    -0.12513432355509066,
    -0.00569912284889582,
    -0.034099093728742015,
    -0.034099118630263096,
    -0.03409909078803236,
    -0.03409912893745012,
    -0.034099128628142884,
    -0.03409908849779885,
    0.0016697854815378565,
    0.0019006612160711689,
    0.012609752158447167,
    0.013836345656317937,
    -0.0035988450843366885,
    -0.005498937071244802,
    -0.00699893825357378,
    -0.021999405489516267,
    -0.04103973300988291,
    -0.061087637274657075,
    0.002422689594631438,
    0.17580931360523772,
    0.03733015583930817,
    0.11335256997287012,
    0.16744272450191106,
    0.1850034700158972,
    0.18482334504295023,
    0.016704971707980354,
    -0.006562124404088946,
    -0.09413454283075134,
    -0.09309219337153513,
    -0.0941340594904217,
    -0.09413402485463525,
    0.14623145079462785,
    -0.01329965949606706,
    -0.028899655157645407,
    -0.01039965642159239,
    -0.010399659643155373,
    -0.01039965558355741,
    -0.010399656463142816,
    -0.010399656401513281,
    -0.0006951317767806147,
    -0.02037628719625944,
    -0.010321651523244041,
    0.04118225357579859
  ],
  "pd": [
    0.06004768341137057,
    0.013782102015202859,
    0.06461732431552632,
    0.19300634544830103,
    0.3470487777067188,
    0.0024637031920982104,
    0.020522728900514462,
    0.36392880353772833,
    0.005805558017023505,
    0.006252764867074335,
    0.009204330077409815,
    0.03745154093334771,
    0.011472888462213117,
    0.01949008762857891,
    0.011001288511250424,
    0.01896970147579249,
    0.48043025349278823,
    0.004171220255928653,
    0.05235572559049629,
    0.16881652037736977,
    0.029044052152392103,
    0.2423617196266381,
    0.008334309478220019,
    0.051884125639533596,
    0.016627963788253597,
    0.31170317448542867,
    0.008675812890986108,
    0.07763510916882413,
    0.016961336167382397,
    0.0077244819554234305,
    0.02601117660568374,
    0.05153449119313022,
    0.012554315935972398,
    0.014814743287138412,
    0.003626441002230369,
    0.0180265015738671,
    0.006130799362515018,
    0.004504592635057454,
    0.02292138382351437,
    0.008114771570013246,
    0.011310267789467362,
    0.014977363959884167,
    0.007895233661806476,
    0.0305726864762022,
    0.019051011812165366,
    0.011814391874979206,
    0.16713339641445119,
    0.06947155139698716,
    0.10458135464279598,
    0.027011293743070146,
    0.01788014296839592,
    0.02001047378136533,
    0.15254632206915683,
    0.029255459026961583,
    0.004813571913274391,
    0.007187833735362435,
    0.04466376776962201,
    0.01713208787376544,
    0.007277275105372601,
    0.01822164638116201,
    0.030507638207103907,
    0.03930541660264932,
    0.06707289647398725,
    0.40118519966378124,
    0.06973174447338036,
    0.018563149793928098,
    0.017969584338406088,
    0.4047303303296386,
    0.017091432705579,
    0.007805792291796309,
    0.012033929783185977,
    0.005935654555220111,
    0.006415385539820092,
    0.02404346646546009,
    0.006846330322596347,
    0.005854344218847232,
    0.04689167098623888,
    0.09892215523124365,
    0.30401934769819167,
    0.0042200064577523795,
    0.01673366722553834,
    0.42736712797584797,
    0.004309447827762546,
    0.03654086516597147,
    0.03573589283587998,
    0.012830771079640183,
    0.02910096938785312,
    0.08828676323367117,
    0.07167506151269215,
    0.27709749532513167,
    0.03201187943000216,
    0.0070821302980776935,
    0.13565003417087274,
    0.014619598479843504,
    0.0049924546532947225,
    0.0015774205256338376,
    0.11895702211352085,
    0.6280735622786605,
    0.03577654800406642,
    0.24599629166250575,
    0.012326646994128339,
    0.01254618490233511,
    0.19433170393117893,
    0.009431999019253873,
    0.017018253402843412,
    0.04619240209343212,
    0.009431999019253873,
    0.06676391719577031,
    0.01157046086586057,
    0.3029704443589816,
    0.21770842563838144,
    0.07361837855200395,
    0.012220943556843597,
    0.13042991057573394,
    0.2603800901668679,
    0.1199815323518191,
    0.07289471655828532,
    0.011285874688555497,
    0.01176560567315548,
    0.37242573368869414,
    0.03372752752746989,
    0.03084914161987,
    0.008765254260996272,
    0.01855501876029081,
    0.01639216381277225,
    0.008204212940023412,
    0.06262522107439081,
    0.012529922835060534,
    0.00996864723931487,
    0.017278446479236622,
    0.04214314734206279,
    0.1545790804784788,
    0.01142410226038939,
    0.024897224997375313,
    0.05545364940630294,
    0.1919574421090909,
    0.06297485552079418,
    0.011692426370419888,
    0.3784508296139244,
    0.004390758164135424,
    0.007659433686325128,
    0.07488681979942086,
    0.015432701843572287,
    0.009188068010135239,
    0.06311308309262807,
    0.01710769477285358,
    0.13651192373642526,
    0.005951916622494686,
    0.02087236334691784,
    0.0026263238648439663,
    0.0293123762624226,
    0.42883884506419706,
    0.17878516761668464,
    0.3055235889210899,
    0.04368804373314747,
    0.01825417051571116,
    0.016343377610948524,
    0.005764902848837066,
    0.0077326129890607186,
    0.06247073143528233
  ],