{
  "hour": 0,
  "dispatch": 3,
  "load": 0.8181226215637688,
  "wind": 0.6573414446422043,
  "solar": 0.0005292172753666667,
  "gen": [
    47,
    1,
    2,
    3,
    4,
    5,
    6,
    7,
    8,
    9,
    10,
    11,
    12,
    13,
    14,
    15,
    16,
    17,
    18,
    19,
    20,
    21,
    22,
    23,
    24,
    25,
    26,
    27,
    28,
    29,
    30,
    31,
    32,
    33,
    34,
    35,
    36,
    37,
    38,
    39,
    40,
    41,
    42,
    43,
    44,
    45,
    46,
    48,
    49
  ],
  "pg": [
    3.583351090805244,
    0.04507349886226696,
    0.04507349886294799,
    0.04507349886226698,
    0.04507349886294799,
    0.09024649885991051,
    0.5686003496155068,
    0.046764998898804075,
    0.05508521306101674,
    0.05508521306101674,
    0.05508521306101674,
    0.05508521306101674,
    0.05508521306101674,
    0.05508521306101674,
    0.0,
    0.023879998840801844,
    0.1790999988377685,
    0.17909999883659483,
    0.03183999879530781,
    0.0497499987965195,
    0.06268499879611332,
    0.17909999889152403,
    0.44436281657813015,
    1.0175645563061324,
    0.009202780224990862,
    0.8775508285973427,
    0.0002065005808480733,
    0.0002065005808480733,
    0.0002065005808480733,
    0.0007087277751710399,
    0.0007087277751710399,
    0.6073834948493968,
    8.57331986094e-06,
    0.00012261964270245666,
    0.00012261964270245666,
    0.00012261964270245666,
    0.00012261964270245666,
    1.379069998756045,
    0.11939999878260828,
    0.2586999987778113,
    0.09352999878243011,
    0.09352999878353777,
    0.09352999878231362,
    0.09352999878247821,
    0.09352999878240605,
    0.1741249989089957,
    0.0,
    0.6716249987446704,
    0.6716249987446706
  ],
  "qg": [
    -0.46669950855303954,
    0.005372093068329972,
    0.006249116529926746,
    0.0055166831001554565,
    0.006205235665971034,
    0.009777432979786163,
    -0.14589356873081172,
    -0.005699823514900229,
    -0.03409981793608198,
    -0.03409982247240637,
    -0.034099817310004436,
    -0.03409982442702663,
    -0.03409982435980691,
    -0.03409981681142235,
    0.0016917328819766764,
    0.0019145290201838317,
    0.012754289560535304,
    0.01394914379393646,
    -0.0035997374473368533,
    -0.005499758250326983,
    -0.006999758295302284,
    -0.02199987886327658,
    -0.02918114309106437,
    -0.04218665204093136,
    0.0028988039369144524,
    0.18223136169193407,
    0.03796896421276572,
    0.11529931454237255,
    0.1703132135463892,
    0.19091499086028635,
    0.19072268944978724,
    0.007786751816743164,
    -0.006595227002919144,
    -0.09418977863458027,
    -0.09132410112738927,
    -0.09418974524824733,
    -0.09418974323110886,
    0.15121679171173974,
    -0.013299930769255423,
    -0.02889992991957391,
    -0.010399930172961692,
    -0.010399930806609357,
    -0.010399930011195026,
    -0.010399930182041746,
    -0.010399930168558882,
    0.0014097648008644232,
    -0.01536267005057554,
    -0.009199873304495612,
    0.0422954118284468
  ],
  "pd": [
    0.060418355602484326,
    0.01386717843550588,
    0.06501620473567271,
    0.1941977666805918,
    0.3491910973358478,
    0.0024789115433382198,
    0.020649414968269525,
    0.3661753229595116,
    0.005841395517965309,
    0.0062913629598253815,
    0.009261148076101863,
    0.03768272794922719,
    0.011543710190264777,
    0.01961039923888354,
    0.011069199069757792,
    0.019086800761082726,
    0.48339593217716836,
    0.004196969048622134,
    0.05267891560249108,
    0.16985861868906968,
    0.029223340042257823,
    0.24385780980951258,
    0.00838575687102863,
    0.052204404481984094,
    0.01673060761097907,
    0.3136273069764708,
    0.008729368372085414,
    0.07811434790690865,
    0.01706603788582022,
    0.007772164904855804,
    0.02617174266382496,
    0.051852611754711675,
    0.012631813276944591,
    0.014906194164891867,
    0.0036488268921744094,
    0.018137778520068752,
    0.006168644566590817,
    0.00453239932346328,
    0.023062876701882642,
    0.008164863763206413,
    0.011380085665952024,
    0.015069818689204621,
    0.007943970655384195,
    0.030761410570797697,
    0.019168613023239103,
    0.01188732169132156,
    0.1681651048624327,
    0.06990039678640841,
    0.10522693158553195,
    0.0271780334883484,
    0.017990516448187274,
    0.02013399771668435,
    0.15348798503157868,
    0.0294360519238644,
    0.004843285919657511,
    0.007232203974623716,
    0.04493947560249783,
    0.01723784363634861,
    0.00732219746299573,
    0.018334127949244057,
    0.030695960761072602,
    0.03954804752639257,
    0.0674869350527953,
    0.40366170147956365,
    0.07016219602530882,
    0.01867773945030084,
    0.018080509936559293,
    0.40722871610958156,
    0.01719693750527042,
    0.00785397716701218,
    0.012108214799143778,
    0.005972295137415512,
    0.006454987484138136,
    0.02419188591964064,
    0.006888592473566934,
    0.005890482875259135,
    0.047181131585582556,
    0.09953279813944811,
    0.30589604820269317,
    0.00424605640591596,
    0.016836963551782363,
    0.4300052498939169,
    0.004336049894287975,
    0.03676643061307577,
    0.03595648921772764,
    0.012909974968276271,
    0.02928060862576729,
    0.08883175424939402,
    0.07211750909084622,
    0.27880800820271673,
    0.03220948761096558,
    0.007125848033820427,
    0.13648739695548356,
    0.014709844735716562,
    0.00502327289640154,
    0.0015871578858337116,
    0.11969133953477938,
    0.6319506378007176,
    0.035997395348805826,
    0.2475148179279026,
    0.012402738942906735,
    0.012623632050728952,
    0.19553130655374074,
    0.009490222410139717,
    0.01712330646932968,
    0.0464775461310377,
    0.009490222410139717,
    0.06717604845660106,
    0.011641884904852429,
    0.304840670020876,
    0.21905233192369908,
    0.07407282215638364,
    0.012296383002103445,
    0.13123504972504416,
    0.2619874071033657,
    0.12072217403794973,
    0.07334469302319187,
    0.011355541987305111,
    0.011838234334027736,
    0.374724704354853,
    0.03393572634246513,
    0.03103957226212939,
    0.008819361860457427,
    0.018669558224085205,
    0.01649335205072558,
    0.008254857251578427,
    0.06301180431284148,
    0.012607269598297678,
    0.010030183340371805,
    0.017385105708230087,
    0.04240329547565014,
    0.1555332915854881,
    0.011494622832970952,
    0.0250509146722826,
    0.05579596279064903,
    0.19314238849877455,
    0.06336359704011389,
    0.011764603298086996,
    0.38078699298064056,
    0.004417862156444352,
    0.007706715095130702,
    0.07534909344602311,
    0.015527967357280332,
    0.009244785623670588,
    0.06350267788577973,
    0.017213299957701697,
    0.13735460693434115,
    0.005988657589846787,
    0.021001207695541944,
    0.002642536067650973,
    0.029493320507373865,
    0.43148605183894734,
    0.1798888020294415,
    0.3074095750525861,
    0.0439577284566213,
    0.01836685285410661,
    0.016444264693431753,
    0.005800489386887121,
    0.007780346131071441,
    0.06285636101474436
  ],