{
  "hour": 10,
  "dispatch": 3,
  "load": 1.0792763215796677,
  "wind": 0.3525213000704089,
  "solar": 0.8354309100393554,
  "gen": [
    47,
    1,
    2,
    3,
    4,
    5,
    6,
    7,
    8,
    9,
    10,
    11,
    12,
    13,
    14,
    15,
    16,
    17,
    18,
    19,
    20,
    21,
    22,
    23,
    24,
    25,
    26,
    27,
    28,
    29,
    30,
    31,
    32,
    33,
    34,
    35,
    36,
    37,
    38,
    39,
    40,
    41,
    42,
    43,
    44,
    45,
    46,
    48,
    49
  ],
  "pg": [
    5.212329772379035,
    0.045073490610903884,
    0.04507349061645446,
    0.0450734906109077,
    0.045073490616453285,
    0.09024649059179822,
    0.3049309245609037,
    0.04676499080396365,
    0.02954128494590027,
    0.02954128494590027,
    0.02954128494590027,
    0.02954128494590027,
    0.02954128494590027,
    0.02954128494590027,
    0.0,
    0.023879989981644267,
    0.17909998995423396,
    0.17909998994442186,
    0.03183998985513218,
    0.0497499898694608,
    0.06268498986627971,
    0.17909999072451163,
    0.23830439884759638,
    0.5457029725089929,
    0.004935298200985725,
    0.47061593559399584,
    0.32598514109735643,
    0.32598514109735643,
    0.32598514109735643,
    1.1188090747247048,
    1.1188090747247048,
    0.3257296812650578,
    0.013533980742637557,
    0.19356934185611865,
    0.19356934185611865,
    0.19356934185611865,
    0.19356934185611865,
    1.379069989501525,
    0.11939998983452042,
    0.2586999897898078,
    0.09352998983119021,
    0.09352998984177914,
    0.0935299898294038,
    0.09352998983148282,
    0.09352998983104388,
    0.1741249907722303,
    0.0,
    0.671624989480578,
    0.6716249894806203
  ],
  "qg": [
    -0.24341653871223495,
    0.008450002820575085,
    0.010092996845581806,
    0.008595492853626801,
    0.01004852258725325,
    0.013715846718120282,
    -0.13019704075713848,
    -0.005695767308860397,
    -0.034095302660005204,
    -0.034095823282284735,
    -0.034095289090107096,
    -0.03409598009430272,
    -0.034095979146901725,
    -0.03409528039353673,
    0.003182782998957578,
    0.0025606748770865676,
    0.01930263993896609,
    0.019058802941500547,
    -0.0034511747773049188,
    -0.0054715511475487465,
    -0.006975335156642663,
    -0.02199834272506203,
    0.02067115717039905,
    0.05064858277865905,
    0.0033246453135731217,
    0.23535222843414985,
    0.06665578405932997,
    0.17955806764631138,
    0.2590225576267914,
    0.272404389446736,
    0.26570801785865605,
    0.02830557344251701,
    -0.005441022878662667,
    -0.06891376674047049,
    -0.02756030898117954,
    -0.07029838285688325,
    -0.07040822999138427,
    0.2122948753424257,
    -0.013299209004272066,
    -0.028899189770780903,
    -0.010399193050479025,
    -0.010399207240389376,
    -0.010399188558595982,
    -0.010399192931689722,
    -0.010399193114536291,
    0.015060036796152093,
    0.017401964124093547,
    0.011274764459207928,
    0.061668057739291286
  ],
  "pd": [
    0.07970455634865846,
    0.018293733650775367,
    0.08577008927593618,
    0.2561878204533657,
    0.46065671957663373,
    0.0032702072543863933,
    0.027240934356670812,
    0.48306249601262763,
    0.007706032936078827,
    0.008299634912947645,
    0.012217407960281838,
    0.04971146737195949,
    0.01522858889748911,
    0.025870253428264635,
    0.014602608630972904,
    0.025179516582453647,
    0.6377012073685624,
    0.005536687529703695,
    0.0694946023465148,
    0.2240793498863706,
    0.03855175020682573,
    0.32169989317325154,
    0.011062582296191593,
    0.0688686220799986,
    0.022071200776304204,
    0.41374057787756563,
    0.011515878351255055,
    0.10304930318442666,
    0.02251370406815187,
    0.010253125055006843,
    0.03452604952733357,
    0.06840453326171934,
    0.01666402640519007,
    0.019664414579181545,
    0.004813572394245318,
    0.02392755604942123,
    0.008137743464710695,
    0.00597919082155136,
    0.03042479950533083,
    0.010771177689365082,
    0.015012733633173177,
    0.01988026984349748,
    0.010479773082538573,
    0.04058078969139549,
    0.025287444214611612,
    0.01568188495255257,
    0.2218452479007007,
    0.09221336891576681,
    0.13881652048157686,
    0.03585355940287656,
    0.023733286311536893,
    0.026560990274075623,
    0.20248303069156146,
    0.03883236205043644,
    0.0063893158237516325,
    0.009540802682764263,
    0.05928464834437115,
    0.022740352095683595,
    0.009659523078138025,
    0.024186582366600352,
    0.04049444758566913,
    0.052172217385161125,
    0.08902950376710679,
    0.5325149370674082,
    0.0925587373386723,
    0.024639878421663812,
    0.023852006706910657,
    0.5372205818294954,
    0.022686388279604616,
    0.010361052687164808,
    0.015973289559379083,
    0.007878717147531574,
    0.00851549017726358,
    0.03191420082911077,
    0.009087506627700803,
    0.007770789515373607,
    0.06224186546549945,
    0.13130475728338237,
    0.40354141663863774,
    0.005601444108998476,
    0.022211506698109562,
    0.5672676346222734,
    0.005720164504372239,
    0.04850267789179027,
    0.0474341943334264,
    0.017030980354527155,
    0.03862729954933631,
    0.11718782299712031,
    0.0951382077472477,
    0.36780657763113495,
    0.04249110878059152,
    0.009400496760958907,
    0.18005566872913598,
    0.019405388262002426,
    0.006626756614499159,
    0.0020937960638645553,
    0.15789812584710539,
    0.8336762018409986,
    0.047488158149505376,
    0.32652425833071264,
    0.01636182903514776,
    0.016653233641974272,
    0.25794704085754055,
    0.012519605330324144,
    0.022589253410662445,
    0.06131368782894092,
    0.012519605330324144,
    0.08861937876490651,
    0.015358102056078671,
    0.4021491501838001,
    0.288976235102956,
    0.09771767815582312,
    0.016221523113342406,
    0.17312671474459448,
    0.345616656459457,
    0.15925801401229575,
    0.0967571222296172,
    0.014980355343525787,
    0.015617128373257792,
    0.4943409335731352,
    0.04476838181912462,
    0.040947743640732594,
    0.011634598746628817,
    0.024629085658448017,
    0.021758210643046103,
    0.010889898084738846,
    0.08312586228806601,
    0.01663164811554268,
    0.013231927702566726,
    0.02293462183356794,
    0.05593889174747418,
    0.20518122149551063,
    0.01516383231819433,
    0.033047440966769426,
    0.07360664513173333,
    0.25479555399852793,
    0.08358995110634526,
    0.015519993504315622,
    0.5023383711160405,
    0.0058280921365302055,
    0.01016678294928047,
    0.09940134921748742,
    0.020484664583582092,
    0.012195822433850244,
    0.0837734280810138,
    0.02270797380603621,
    0.18119970163001042,
    0.007900302673963168,
    0.027705023174950067,
    0.0034860625187023266,
    0.03890791139294702,
    0.5692211247643326,
    0.23731127758893733,
    0.4055380778335601,
    0.057989516758475544,
    0.02422975341946354,
    0.02169345406375132,
    0.0076520691199998435,
    0.01026391781822264,
    0.08292079978696586
  ],