{
  "hour": 10,
  "dispatch": 2,
  "load": 1.0890130398071434,
  "wind": 0.39221670037357,
  "solar": 0.7611120699381455,
  "gen": [
    47,
    1,
    2,
    3,
    4,
    5,
    6,
    7,
    8,
    9,
    10,
    11,
    12,
    13,
    14,
    15,
    16,
    17,
    18,
    19,
    20,
    21,
    22,
    23,
    24,
    25,
    26,
    27,
    28,
    29,
    30,
    31,
    32,
    33,
    34,
    35,
    36,
    37,
    38,
    39,
    40,
    41,
    42,
    43,
    44,
    45,
    46,
    48,
    49
  ],
  "pg": [
    5.490049721552508,
    0.04507348999970699,
    0.04507349000562362,
    0.0450734899997113,
    0.045073490005622274,
    0.09024648997934986,
    0.3392674458231381,
    0.04676499021810726,
    0.03286775949130517,
    0.03286775949130517,
    0.03286775949130517,
    0.03286775949130517,
    0.03286775949130517,
    0.03286775949130517,
    0.0,
    0.02387998939645154,
    0.17909998936770538,
    0.17909998935732716,
    0.03183998920392027,
    0.04974998921929305,
    0.06268498921591957,
    0.17909999013331013,
    0.26513848945253327,
    0.6071514521782864,
    0.00549103380522998,
    0.5236092949987159,
    0.29698592968986437,
    0.29698592968986437,
    0.29698592968986437,
    1.0192812840611645,
    1.0192812840611645,
    0.36240823114517867,
    0.012330015532997956,
    0.1763496666046683,
    0.1763496666046683,
    0.1763496666046683,
    0.1763496666046683,
    1.3790699888643652,
    0.11939998918087355,
    0.2586999891344003,
    0.09352998917768632,
    0.09352998918867045,
    0.09352998917595298,
    0.09352998917801963,
    0.09352998917751965,
    0.17412499020860184,
    0.0,
    0.6716249888117137,
    0.6716249888117656
  ],
  "qg": [
    -0.20091842001327204,
    0.008532321844475103,
    0.010195103919693744,
    0.008677927200231611,
    0.010150593772275292,
    0.01382365344920791,
    -0.133925907309613,
    -0.005696310319609912,
    -0.03409607224348002,
    -0.034096363901119385,
    -0.0340960616381806,
    -0.03409646043369719,
    -0.03409645928026755,
    -0.034096053505394026,
    0.0032655028056670756,
    0.00260474355524277,
    0.019681338000098848,
    0.01936805031372883,
    -0.003415101786770659,
    -0.00546481817859642,
    -0.00696972526833429,
    -0.021998317098204365,
    0.02947610367592107,
    0.071123028479594,
    0.003384648856839292,
    0.25783942492545026,
    0.06627968143700101,
    0.18230574158170473,
    0.2640660245135273,
    0.27816669603949606,
    0.2725263733306964,
    0.0347667867898829,
    -0.005297678387049859,
    -0.0662994625548936,
    -0.027011965887581976,
    -0.06747767833261649,
    -0.0675715151358388,
    0.21316669001769248,
    -0.013299211683980119,
    -0.02889919474257767,
    -0.010399198505588212,
    -0.01039921054387153,
    -0.010399194973597673,
    -0.010399198468830367,
    -0.010399198527870529,
    0.015851836564650064,
    0.01925504931870692,
    0.012549807169919167,
    0.06292926401475885
  ],
  "pd": [
    0.08042361298975753,
    0.01845877102473108,
    0.08654386627347369,
    0.25849902525902163,
    0.4648125456504849,
    0.0032997095106156444,
    0.027486689124732296,
    0.4874204563568812,
    0.007775553104223004,
    0.008374510276116933,
    0.012327627610616863,
    0.05015994061351702,
    0.015365973991678793,
    0.02610364256417723,
    0.01473434642859065,
    0.025406674218700655,
    0.6434542447004487,
    0.0055866368942106455,
    0.07012154963318197,
    0.2261008873247591,
    0.03889954578191116,
    0.32460211677531525,
    0.01116238365802322,
    0.06948992207009383,
    0.022270316664056083,
    0.4174731488100684,
    0.011619769134742221,
    0.10397896504078605,
    0.02271681201037701,
    0.010345623878167861,
    0.03483752714343051,
    0.06902164646297675,
    0.016814361334622295,
    0.01984181758528615,
    0.00485699815753986,
    0.024143419092524366,
    0.00821115832014586,
    0.006033132240531575,
    0.03069927759216337,
    0.01086835013727529,
    0.015148171383717365,
    0.020059620193247578,
    0.010574316616527362,
    0.04094689029674858,
    0.02551557552268137,
    0.01582335946839779,
    0.22384663033235833,
    0.09304527412112233,
    0.1400688571799948,
    0.0361770131823933,
    0.023947396745359083,
    0.0268006109096538,
    0.20430973639821817,
    0.03918268917226102,
    0.006446957195658289,
    0.009626875271895149,
    0.059819486276606396,
    0.02294550474873651,
    0.009746666706273933,
    0.02440478222207808,
    0.040859769253564014,
    0.0526428903442773,
    0.08983268565369126,
    0.5373190338408447,
    0.09339375829386062,
    0.024862167698797084,
    0.02406718817973787,
    0.5420671306944037,
    0.022891054096746154,
    0.010454525182148575,
    0.01611739298914572,
    0.007949795190592147,
    0.008592312884078362,
    0.03220211558709723,
    0.009169489795176148,
    0.007840893886611432,
    0.06280338200567798,
    0.13248932642293706,
    0.4071819755838909,
    0.005651977676599074,
    0.02241188835923101,
    0.5723852537226346,
    0.00577176911097786,
    0.04894024600893302,
    0.04786212309952395,
    0.01718462576815672,
    0.038975776694697664,
    0.11824503586225962,
    0.09599649945899968,
    0.37112475383587634,
    0.042874443377207236,
    0.009485303576720219,
    0.18168004543102573,
    0.01958045445573244,
    0.00668654006441586,
    0.002112685297225858,
    0.1593226077237851,
    0.8411972324686299,
    0.047916573751514306,
    0.32947000506325314,
    0.016509437683476295,
    0.01680347120422422,
    0.26027411651390725,
    0.012632551261762862,
    0.02279304292316351,
    0.06186683079144381,
    0.012632551261762862,
    0.08941886069856454,
    0.01549665555645565,
    0.4057771487625398,
    0.2915832414083626,
    0.09859924062413877,
    0.016367865988301363,
    0.17468858171546386,
    0.34873464573744156,
    0.16069476415394207,
    0.09763001901871039,
    0.01511550099252315,
    0.015758018686009366,
    0.4988006426228659,
    0.04517226089120031,
    0.04131715473028302,
    0.011739560569121005,
    0.024851277568399013,
    0.021954502882512012,
    0.010988141571654076,
    0.08387578432594618,
    0.01678169094342808,
    0.013351299868035578,
    0.0231415270959018,
    0.05644354585320424,
    0.20703226899773602,
    0.015300633209290364,
    0.033345579278894734,
    0.07427068931484718,
    0.2570941984376704,
    0.08434405993306326,
    0.015660007512426723,
    0.5068702292478369,
    0.005880670414958575,
    0.01025850283498329,
    0.10029810096623792,
    0.020669467495539582,
    0.01230584734982072,
    0.08452919214983046,
    0.022912834357542298,
    0.1828343992532213,
    0.00797157545138829,
    0.027954964731849368,
    0.003517512118577073,
    0.03925892008504752,
    0.5743563673246855,
    0.23945218719279468,
    0.4091966497075341,
    0.05851267062883781,
    0.02444834274367037,
    0.02188916210012358,
    0.007721102452232647,
    0.010356514008565933,
    0.08366887184838281
  ],