{
  "hour": 11,
  "dispatch": 2,
  "load": 1.0024011841460156,
  "wind": 0.5228267889786433,
  "solar": 1.0436103977786266,
  "gen": [
    47,
    1,
    2,
    3,
    4,
    5,
    6,
    7,
    8,
    9,
    10,
    11,
    12,
    13,
    14,
    15,
    16,
    17,
    18,
    19,
    20,
    21,
    22,
    23,
    24,
    25,
    26,
    27,
    28,
    29,
    30,
    31,
    32,
    33,
    34,
    35,
    36,
    37,
    38,
    39,
    40,
    41,
    42,
    43,
    44,
    45,
    46,
    48,
    49
  ],
  "pg": [
    2.03498899609029,
    0.045073495133203335,
    0.0450734951360678,
    0.04507349513320444,
    0.045073495136067517,
    0.09024649512327837,
    0.45224517246652646,
    0.04676499525110249,
    0.04381288491641031,
    0.04381288491641031,
    0.04381288491641031,
    0.04381288491641031,
    0.04381288491641031,
    0.04381288491641031,
    0.0,
    0.023879994725571424,
    0.17909999471044183,
    0.1790999947052057,
    0.03183999480700882,
    0.04974999481315615,
    0.06268499481144954,
    0.17909999522089484,
    0.3534309093495629,
    0.8093358693389399,
    0.007319575045701006,
    0.6979737632864889,
    0.4072167772132201,
    0.4072167772132201,
    0.4072167772132201,
    1.3976030447051366,
    1.3976030447051366,
    0.48309195301626645,
    0.01690648844401375,
    0.24180452916530779,
    0.24180452916530779,
    0.24180452916530779,
    0.24180452916530779,
    1.3790699945279876,
    0.11939999477719908,
    0.2586999947522753,
    0.09352999477496143,
    0.09352999478086142,
    0.0935299947737823,
    0.09352999477507876,
    0.09352999477490273,
    0.17412499520756858,
    0.0,
    0.6716249945618549,
    0.671624994561859
  ],
  "qg": [
    -0.4666964828216088,
    0.00770040505992948,
    0.009163932838475155,
    0.007844060507230754,
    0.009120062316116987,
    0.012721693294949382,
    -0.08754364468790175,
    -0.00569751353850001,
    -0.034097045370325756,
    -0.03409743010751041,
    -0.03409703729117711,
    -0.034097543929667753,
    -0.03409754328196363,
    -0.03409703198557552,
    0.002631901954007899,
    0.002312330335697924,
    0.016801551538575828,
    0.01704938147053459,
    -0.003597802806810501,
    -0.005498186672093916,
    -0.006998191340768349,
    -0.02199910244646516,
    -0.03785055866605032,
    -0.0687668467331613,
    0.002302386852741419,
    0.13842597608745774,
    0.06444024672446255,
    0.16005435564156,
    0.22695194498223528,
    0.24391126523025966,
    0.23372051265288132,
    0.016324309506962717,
    -0.006297774028450045,
    -0.09010924314379576,
    -0.03792187013480195,
    -0.09068169712260676,
    -0.09072326014775763,
    0.19686218830811997,
    -0.013299485009878854,
    -0.028899465526736758,
    -0.010399474608953501,
    -0.010399484890418703,
    -0.010399471114026546,
    -0.010399474558146236,
    -0.010399474635538227,
    0.010169938651350912,
    0.005808625160517156,
    -0.0007023687349350051,
    0.04989326217406247
  ],
  "pd": [
    0.07402732744918325,
    0.016990700071274966,
    0.07966082210408386,
    0.23793996908073972,
    0.4278448734172024,
    0.0030372755879624277,
    0.025300605887845433,
    0.44865472200007367,
    0.007157144454802551,
    0.00770846510608286,
    0.011347181404532898,
    0.04617059854176548,
    0.01414388070830028,
    0.024027556383979996,
    0.013562488021495593,
    0.023386019626126544,
    0.5922787636645147,
    0.00514231807466906,
    0.06454461224716194,
    0.20811853385239576,
    0.03580577029769568,
    0.2987857209584029,
    0.01027461213749666,
    0.06396321956035726,
    0.020499104215786018,
    0.3842704939423751,
    0.010695620634837987,
    0.09570926506226157,
    0.020910088701285887,
    0.009522811249387149,
    0.03206681388083104,
    0.06353218705117447,
    0.015477074283214482,
    0.018263749575140407,
    0.0044707092812912306,
    0.022223234252517165,
    0.007558104928460958,
    0.005553302560168927,
    0.02825768938107618,
    0.010003963817777236,
    0.013943400471471077,
    0.01846422981196961,
    0.009733315498057811,
    0.03769028452389018,
    0.023486259744541146,
    0.014564889205641607,
    0.20604356340121352,
    0.08564515717343558,
    0.12892884030486054,
    0.03329976733733064,
    0.022042802039370882,
    0.024669093141833444,
    0.188060486157634,
    0.03606639460557364,
    0.005934215010144413,
    0.008861226467850779,
    0.05506189704514065,
    0.021120592949956548,
    0.00897149059810684,
    0.02246381053671221,
    0.037610092429158505,
    0.04845607324161838,
    0.08268807368020484,
    0.49458474425764426,
    0.08596592555236231,
    0.02288481903405354,
    0.022153066169626947,
    0.49895521342052074,
    0.02107047289074925,
    0.00962305136780175,
    0.014835537525361032,
    0.007317528644265914,
    0.007908945342912064,
    0.029641003015197682,
    0.008440217970509452,
    0.007217288525851313,
    0.05780847628970073,
    0.12195212806320427,
    0.37479780275219526,
    0.005202462145717821,
    0.020629416369725,
    0.5268620623871458,
    0.005312726275973883,
    0.045047909215521945,
    0.04405553204321739,
    0.015817890685824124,
    0.0358759383805859,
    0.10884072057457438,
    0.08836166438247127,
    0.3416082995451207,
    0.039464534619828635,
    0.008730914313911797,
    0.1672305895510798,
    0.01802317329094536,
    0.006154743270656536,
    0.0019446582972432705,
    0.14665129324056211,
    0.7742947706817483,
    0.04410565210242469,
    0.30326645425153553,
    0.015196401951653596,
    0.01546705027137302,
    0.23957388301089774,
    0.01162785373609378,
    0.02098025678417611,
    0.05694641127133515,
    0.01162785373609378,
    0.08230716123022935,
    0.014264168850397801,
    0.373504705224647,
    0.26839291705509566,
    0.09075740321258026,
    0.015066089797714614,
    0.16079517394886236,
    0.32099893119907863,
    0.14791431873258606,
    0.0898652661586903,
    0.013913328435946698,
    0.014504745134592847,
    0.45912981437439954,
    0.04157960111837673,
    0.03803110092649983,
    0.010805884765094049,
    0.022874795022212076,
    0.020208407872383677,
    0.010114227948033298,
    0.07720493920292613,
    0.0154470022476901,
    0.012289438517630152,
    0.021301025163102835,
    0.051954453374287994,
    0.19056648911799903,
    0.01408373663725152,
    0.030693524258551,
    0.06836376075875826,
    0.2366468715531914,
    0.07763597171210891,
    0.014414529028019705,
    0.4665576071489215,
    0.0054129663943884845,
    0.009442619154655467,
    0.09232114905984806,
    0.019025574475091376,
    0.011327133380849976,
    0.07780637991341373,
    0.02109052091443217,
    0.16829313480627459,
    0.007337576667948834,
    0.02573163839702822,
    0.0032377558247916305,
    0.03613656268846386,
    0.5286764085304502,
    0.2204079723700259,
    0.37665224494286537,
    0.053859015624165424,
    0.022503906584078054,
    0.020148263801334915,
    0.007107024395595251,
    0.009532835261228608,
    0.07701448297793838
  ],