{
  "hour": 11,
  "dispatch": 3,
  "load": 0.96691875590579,
  "wind": 0.50699737875227,
  "solar": 1.0893342865229467,
  "gen": [
    47,
    1,
    2,
    3,
    4,
    5,
    6,
    7,
    8,
    9,
    10,
    11,
    12,
    13,
    14,
    15,
    16,
    17,
    18,
    19,
    20,
    21,
    22,
    23,
    24,
    25,
    26,
    27,
    28,
    29,
    30,
    31,
    32,
    33,
    34,
    35,
    36,
    37,
    38,
    39,
    40,
    41,
    42,
    43,
    44,
    45,
    46,
    48,
    49
  ],
  "pg": [
    1.3809845061988466,
    0.045073495794505626,
    0.045073495796987585,
    0.045073495794506264,
    0.045073495796987426,
    0.09024649578590296,
    0.4385527326207136,
    0.04676499589437541,
    0.04248638033944023,
    0.04248638033944023,
    0.04248638033944023,
    0.04248638033944023,
    0.04248638033944023,
    0.04248638033944023,
    0.0,
    0.023879995417196046,
    0.17909999540390772,
    0.1790999953993432,
    0.031839995518546944,
    0.049749995523622685,
    0.06268499552213437,
    0.17909999586981992,
    0.3427302280365345,
    0.784831942308514,
    0.00709796330253178,
    0.6768415006342805,
    0.4250582386012538,
    0.4250582386012538,
    0.4250582386012538,
    1.45883647651153,
    1.45883647651153,
    0.46846557796709754,
    0.017647215441671735,
    0.25239875418736674,
    0.25239875418736674,
    0.25239875418736674,
    0.25239875418736674,
    1.3790699952534273,
    0.119399995488945,
    0.258699995467438,
    0.09352999548704384,
    0.09352999549212417,
    0.09352999548603674,
    0.09352999548714692,
    0.09352999548699228,
    0.17412499584656224,
    0.0,
    0.6716249952987638,
    0.6716249952987663
  ],
  "qg": [
    -0.46669775387396223,
    0.007151634981308437,
    0.00847802477266797,
    0.00729514294754247,
    0.008434272270999629,
    0.012021062822175622,
    -0.09214346910899508,
    -0.005698330688349148,
    -0.03409813785857668,
    -0.034098301997332485,
    -0.03409813263441638,
    -0.0340983551497417,
    -0.03409835463037773,
    -0.03409812873801318,
    0.0023910230191295256,
    0.0021994910111414185,
    0.0157111836542319,
    0.01617496645202958,
    -0.0035985212076349816,
    -0.005498713328151787,
    -0.0069987152307748575,
    -0.021999280441946392,
    -0.053700164353364215,
    -0.10369091266353811,
    0.001758039363190566,
    0.10806529186482353,
    0.06270623484512845,
    0.15159700038560994,
    0.21366337225028828,
    0.2344236076844584,
    0.223361312320978,
    0.005784625592484772,
    -0.006469557090174664,
    -0.093340008251341,
    -0.047469504990585866,
    -0.09344505106325471,
    -0.09345272016192417,
    0.1876549211551165,
    -0.013299562613302758,
    -0.028899546454717488,
    -0.010399554078875156,
    -0.010399562568718414,
    -0.01039955121379387,
    -0.010399554043634488,
    -0.010399554097436849,
    0.007429615222238926,
    -0.000680422789455822,
    -0.0071365784841814425,
    0.04363174925297849
  ],
  "pd": [
    0.07140695012364259,
    0.016389272912603142,
    0.07684103353183314,
    0.22951750508935737,
    0.41270026339570925,
    0.002929763830394544,
    0.02440502939906214,
    0.43277349676831345,
    0.006903799917167341,
    0.007435605232915525,
    0.010945520316853544,
    0.044536277897020686,
    0.013643223645830696,
    0.02317704257906179,
    0.01308241076740534,
    0.022558214575282082,
    0.571313616114495,
    0.004960293217796703,
    0.06225989869277382,
    0.20075167210116013,
    0.03453833796095482,
    0.2882094735728388,
    0.009910917248034348,
    0.061699085814348464,
    0.019773488558273405,
    0.3706683050764846,
    0.01031702312551478,
    0.09232140281388483,
    0.02016992524819478,
    0.009185728181105005,
    0.03093173100142622,
    0.06128331074930898,
    0.014929225591185398,
    0.017617259732603495,
    0.004312457651339824,
    0.021436588818431364,
    0.007290567419529656,
    0.005356729907718077,
    0.02725743972898422,
    0.009649849183939784,
    0.01344983989464954,
    0.017810643483784652,
    0.009388781119845221,
    0.03635614522205769,
    0.02265490645087266,
    0.014049329523311128,
    0.19875015027643514,
    0.0826135385045907,
    0.12436509038460272,
    0.03212104107119034,
    0.02126254344236832,
    0.02379587058284149,
    0.18140362779548527,
    0.03478973683749032,
    0.0057241590349622765,
    0.008547561802207185,
    0.05311284726190505,
    0.020372978186934995,
    0.00865392286535682,
    0.021668649319848753,
    0.03627879172158524,
    0.046740852660485874,
    0.07976112817466863,
    0.4770777141639169,
    0.08292295250648056,
    0.022074755197329186,
    0.021368904505517962,
    0.48129347993966604,
    0.020324632249139708,
    0.009282420056695584,
    0.014310397587405693,
    0.007058506918112268,
    0.007628988984096684,
    0.02859178761213421,
    0.008141455924726752,
    0.006961815042521688,
    0.05576220465308692,
    0.11763533584349842,
    0.3615309228331749,
    0.00501830834315105,
    0.01989918799654116,
    0.5082124981040833,
    0.005124669406300687,
    0.043453328890406206,
    0.042496079322059475,
    0.015257977968193365,
    0.03460602227386823,
    0.10498803851625067,
    0.08523388833309538,
    0.32951624282513414,
    0.038067591420010954,
    0.008421862363939431,
    0.16131105604776294,
    0.017385199231186105,
    0.005936881161261551,
    0.0018758223864572328,
    0.1414602139890171,
    0.7468867238118685,
    0.04254442525985476,
    0.2925316004117377,
    0.014658488339531777,
    0.01491955640362634,
    0.2310935826614838,
    0.011216257568507164,
    0.020237609561108184,
    0.05493065452300793,
    0.011216257568507164,
    0.07939369904742442,
    0.013759253896539392,
    0.3602835976380565,
    0.25889249689377525,
    0.08754482415971024,
    0.014532788901264023,
    0.15510343763484777,
    0.30963639320371117,
    0.14267853162145838,
    0.08668426646695407,
    0.013420832331972365,
    0.013991314397956782,
    0.442877797767529,
    0.04010778999497217,
    0.03668489759906567,
    0.010423384188664417,
    0.022065086009770127,
    0.01949308211906073,
    0.009756210247089421,
    0.07447208257986396,
    0.014900218028508225,
    0.011854423947404985,
    0.020547023562998038,
    0.050115399118597095,
    0.18382092468524974,
    0.01358520852047635,
    0.029607052305835293,
    0.06594385915277487,
    0.22827017989423892,
    0.07488785764490344,
    0.01390429170992526,
    0.4500426657487909,
    0.005221361281891266,
    0.009108374680632542,
    0.08905321741892328,
    0.018352117987091895,
    0.010926181941735426,
    0.07505223383340742,
    0.020343970624257822,
    0.1623359899290231,
    0.007077845293230383,
    0.024820804464101627,
    0.0031231475815757014,
    0.03485742115040373,
    0.5099626210522727,
    0.2126060960485651,
    0.36331972253160055,
    0.0519525447548181,
    0.021707326070084985,
    0.01943506699370638,
    0.006855453979372051,
    0.009195397368664062,
    0.07428836801624185
  ],