{
  "hour": 11,
  "dispatch": 1,
  "load": 1.0569094149503577,
  "wind": 0.4177854543308367,
  "solar": 0.9482844443937022,
  "gen": [
    47,
    1,
    2,
    3,
    4,
    5,
    6,
    7,
    8,
    9,
    10,
    11,
    12,
    13,
    14,
    15,
    16,
    17,
    18,
    19,
    20,
    21,
    22,
    23,
    24,
    25,
    26,
    27,
    28,
    29,
    30,
    31,
    32,
    33,
    34,
    35,
    36,
    37,
    38,
    39,
    40,
    41,
    42,
    43,
    44,
    45,
    46,
    48,
    49
  ],
  "pg": [
    3.9328873586730326,
    0.04507349388565895,
    0.04507349388925577,
    0.045073493885660634,
    0.04507349388925532,
    0.09024649387323183,
    0.36138441799617366,
    0.046764994019055275,
    0.03501042107292412,
    0.03501042107292412,
    0.03501042107292412,
    0.03501042107292412,
    0.03501042107292412,
    0.03501042107292412,
    0.0,
    0.02387999342503531,
    0.17909999340665614,
    0.17909999340018928,
    0.03183999342400957,
    0.04974999343285142,
    0.062684993430754,
    0.17909999397250917,
    0.2824229671276456,
    0.6467318833041352,
    0.005848996360631714,
    0.5577435815316669,
    0.37002059020242256,
    0.37002059020242256,
    0.37002059020242256,
    1.269942527932046,
    1.269942527932046,
    0.38603375980169313,
    0.015362207999177974,
    0.21971750576602075,
    0.21971750576602075,
    0.21971750576602075,
    0.21971750576602075,
    1.3790699931439991,
    0.11939999340286853,
    0.2586999933721649,
    0.09352999340020482,
    0.09352999340749373,
    0.09352999339880368,
    0.09352999340036358,
    0.09352999340012542,
    0.17412499398216852,
    0.0,
    0.671624993154333,
    0.6716249931543503
  ],
  "qg": [
    -0.4310726415547256,
    0.00834537076284288,
    0.00996721672785345,
    0.008490047250066161,
    0.009922948253798742,
    0.013561002314205145,
    -0.10595788846796925,
    -0.005695478827245162,
    -0.03409399702329838,
    -0.03409521390110293,
    -0.03409397255596712,
    -0.03409553972696552,
    -0.03409553889218601,
    -0.034093959094040185,
    0.003009310381243916,
    0.0024823124069760527,
    0.018509331339573224,
    0.018414918701130906,
    -0.0035695184688416654,
    -0.0054926829422334055,
    -0.0069932507863553475,
    -0.021998786913593006,
    0.0034067542367860635,
    0.015640274744556794,
    0.0032142507528188425,
    0.20043847503687645,
    0.06696936931718829,
    0.1739725060570022,
    0.24909332915582647,
    0.2643682227624563,
    0.2558756988905431,
    0.025923809939623267,
    -0.005888809227345498,
    -0.07458372313449244,
    -0.029047533785554903,
    -0.07631436551162372,
    -0.07645032815512721,
    0.20970881228448843,
    -0.013299390348595223,
    -0.028899369948252877,
    -0.010399378040010725,
    -0.010399389835884594,
    -0.010399374108794688,
    -0.010399377969891882,
    -0.01039937807718711,
    0.013609152067875354,
    0.013986723774235764,
    0.010575423750244067,
    0.060931619195337766
  ],
  "pd": [
    0.07805276029408392,
    0.017914614583408563,
    0.08399259120610493,
    0.2508785878267664,
    0.45111007648911167,
    0.003202435527299584,
    0.026676393633347027,
    0.4730515159434811,
    0.0075463332227455535,
    0.00812763340096825,
    0.01196421457723805,
    0.048681247652613474,
    0.014912991844949547,
    0.02533411867636008,
    0.01429998438427834,
    0.024657696650791847,
    0.6244854969175683,
    0.005421945298695335,
    0.06805439722865354,
    0.21943553273199326,
    0.03775280430202678,
    0.3150329893142531,
    0.010833321503241167,
    0.06744138976798233,
    0.021613797535734815,
    0.4051662242212197,
    0.011277223457520318,
    0.10091371093946015,
    0.02204713039586446,
    0.010040639442028399,
    0.03381053218426194,
    0.06698691871955367,
    0.016318681366833523,
    0.01925688954039552,
    0.004713815990678596,
    0.02343168172944943,
    0.007969096988725697,
    0.005855278158824983,
    0.029794276407450585,
    0.010547955961204569,
    0.014701609961959477,
    0.01946827142338559,
    0.010262590419167973,
    0.039739794002133434,
    0.02476338759228688,
    0.015356893799228697,
    0.21724773024304606,
    0.09030234041335856,
    0.13593968895091502,
    0.035110530764650885,
    0.023241438034758366,
    0.026010540701928302,
    0.19828677533883662,
    0.03802760074991387,
    0.006256903736506118,
    0.009343079228161162,
    0.05805603416322316,
    0.022269081373004037,
    0.009459339263805702,
    0.023685339989037515,
    0.03965524124893742,
    0.051091001118700276,
    0.08718445763925502,
    0.5214791053365067,
    0.09064055142614268,
    0.024129241943316667,
    0.02335769807040291,
    0.52608723038569,
    0.02221623590225652,
    0.010146330383523434,
    0.015642259341265296,
    0.007715438729137611,
    0.008339015283958324,
    0.03125281140008208,
    0.008899177273882012,
    0.007609747787642575,
    0.06095196596018714,
    0.12858359942286052,
    0.39517843024993876,
    0.005485359863592357,
    0.021751195759678363,
    0.555511588497908,
    0.005601619899236896,
    0.047497509107869075,
    0.046451168787068224,
    0.016678030567916644,
    0.037826787961073305,
    0.11475922427530984,
    0.09316656492787402,
    0.3601841595209324,
    0.04161052366659559,
    0.009205681004217616,
    0.1763241976961682,
    0.019003231280807432,
    0.006489423807795196,
    0.002050404265003694,
    0.15462584740723734,
    0.8163991084842543,
    0.04650401425781574,
    0.3197573743990812,
    0.016022746730647422,
    0.016308112272684017,
    0.2526013501731355,
    0.01226014921342415,
    0.02212111405491099,
    0.060043023863329825,
    0.01226014921342415,
    0.08678283206157388,
    0.01503982097474359,
    0.3938150171046529,
    0.2829874958529583,
    0.0956925784296054,
    0.015885348506703877,
    0.16953883925218688,
    0.33845410194955305,
    0.1559575532700748,
    0.09475192905029957,
    0.014669902679510965,
    0.015293479234331676,
    0.48409621932971236,
    0.043840602532140845,
    0.04009914320321657,
    0.011393483493164856,
    0.024118672849167164,
    0.021307293805399214,
    0.01066421599684911,
    0.08140316313947656,
    0.016286974084385012,
    0.012957709427291386,
    0.0224593250676951,
    0.05477961497687704,
    0.20092904887621252,
    0.014849577280052526,
    0.03236256628577996,
    0.0720812220996144,
    0.24951517468148046,
    0.08185763418790522,
    0.015198357386986145,
    0.49192791809449454,
    0.005707310840731932,
    0.009956086688832369,
    0.09734135711692796,
    0.02006014069575779,
    0.011943076388939041,
    0.08203730878844676,
    0.022237374090555526,
    0.17744452167601557,
    0.007736576917436619,
    0.027130864681775682,
    0.003413817410289655,
    0.038101584408960394,
    0.5574245945389682,
    0.23239324215928464,
    0.3971337126675969,
    0.05678774286528272,
    0.023727616365635532,
    0.02124387924050219,
    0.007493487751998036,
    0.010051208536177901,
    0.08120235035063599
  ],