{
  "hour": 12,
  "dispatch": 3,
  "load": 0.9611672665361655,
  "wind": 0.22436873439630667,
  "solar": 1.1478349309409632,
  "gen": [
    47,
    1,
    2,
    3,
    4,
    5,
    6,
    7,
    8,
    9,
    10,
    11,
    12,
    13,
    14,
    15,
    16,
    17,
    18,
    19,
    20,
    21,
    22,
    23,
    24,
    25,
    26,
    27,
    28,
    29,
    30,
    31,
    32,
    33,
    34,
    35,
    36,
    37,
    38,
    39,
    40,
    41,
    42,
    43,
    44,
    45,
    46,
    48,
    49
  ],
  "pg": [
    2.677807204281667,
    0.04507349431146572,
    0.04507349431483949,
    0.04507349431146648,
    0.045073494314839285,
    0.09024649429982153,
    0.19407895525280527,
    0.046764994404339115,
    0.018802099942410503,
    0.018802099942410503,
    0.018802099942410503,
    0.018802099942410503,
    0.018802099942410503,
    0.018802099942410503,
    0.0,
    0.02387999374327846,
    0.1790999937252507,
    0.17909999371905286,
    0.03183999386516642,
    0.04974999387240871,
    0.06268499387039632,
    0.17909999436238586,
    0.1516732644519033,
    0.3473228008454827,
    0.0031411622815482932,
    0.2995322604190694,
    0.4478851900531639,
    0.4478851900531639,
    0.4478851900531639,
    1.537180539516138,
    1.537180539516138,
    0.20731671058218737,
    0.018594925881243604,
    0.26595335349902116,
    0.26595335349902116,
    0.26595335349902116,
    0.26595335349902116,
    1.3790699935088953,
    0.11939999383970358,
    0.258699993810689,
    0.09352999383715895,
    0.09352999384403125,
    0.09352999383581655,
    0.09352999383730336,
    0.09352999383708674,
    0.1741249943135549,
    0.0,
    0.6716249935978731,
    0.6716249935978774
  ],
  "qg": [
    -0.46669539637263296,
    0.007018973425565166,
    0.008307608738599627,
    0.007163663039205456,
    0.008263521779896806,
    0.011877376903661365,
    -0.12291743184858973,
    -0.005697630321935926,
    -0.0340973489555339,
    -0.0340975967213194,
    -0.034097339964556585,
    -0.03409767661541171,
    -0.034097675867838566,
    -0.0340973333270516,
    0.0023627139470303064,
    0.002171223153742509,
    0.015570964661477373,
    0.016053329311819665,
    -0.0035974488979370837,
    -0.005497888118548988,
    -0.006997893670602624,
    -0.021999009586954568,
    -0.04834367017431267,
    -0.1020689474815594,
    0.001957590710308971,
    0.09968113278514751,
    0.06447553108798476,
    0.15278297021142198,
    0.21432880495393994,
    0.24701283888681846,
    0.2347641047144494,
    -0.010521463724538715,
    -0.006367479993743057,
    -0.09225898860684092,
    -0.04200478242084265,
    -0.0925339577384734,
    -0.09255376809557574,
    0.19105054234596713,
    -0.013299416711190993,
    -0.02889939615607047,
    -0.010399405440122206,
    -0.010399416557586121,
    -0.010399401694648798,
    -0.010399405389996917,
    -0.010399405466564947,
    0.007325948797003865,
    -0.0008653453602473162,
    -0.007424462716595354,
    0.04341313153493943
  ],
  "pd": [
    0.07098220263369581,
    0.016291785167788005,
    0.07638396267162907,
    0.2281522740576896,
    0.4102454127029661,
    0.0029123368176045814,
    0.024259861807372815,
    0.4301992451562569,
    0.006862734283068221,
    0.007391376279663112,
    0.010880413457189392,
    0.04427136429665578,
    0.013562070130825294,
    0.02303917937887189,
    0.013004593116234319,
    0.02242403232828874,
    0.5679152911055587,
    0.0049307880773305285,
    0.061889560292263696,
    0.19955754787823868,
    0.034332894760671834,
    0.2864951271364348,
    0.009851964481995696,
    0.06133208327767272,
    0.019655870600664583,
    0.36846347162663906,
    0.010255654733940887,
    0.09177225060887308,
    0.02004994917994441,
    0.009131089032093571,
    0.030747740856491932,
    0.060918781353062175,
    0.014840422595318396,
    0.017512467596288935,
    0.004286806008751298,
    0.021309078299106787,
    0.007247201189682687,
    0.005324866656610357,
    0.027095305243654503,
    0.00959244932003093,
    0.013369836677518062,
    0.017704701049596167,
    0.009332934158066167,
    0.036139889221759806,
    0.022520149054942356,
    0.013965760382770484,
    0.19756793163650882,
    0.08212213125284998,
    0.12362533382188161,
    0.031929976594331416,
    0.02113606819113028,
    0.02365432642945503,
    0.18032459087485,
    0.03458279824997123,
    0.005690110217894099,
    0.008496718636179703,
    0.05279691795083157,
    0.020251794305917004,
    0.008602447035498681,
    0.021539758443075468,
    0.03606299584043693,
    0.04646282566435823,
    0.0792866878165683,
    0.47423992930894415,
    0.08242970477814156,
    0.021943448695020656,
    0.02124179659044926,
    0.4784306185910417,
    0.020203735942590197,
    0.009227205758747187,
    0.014225275544735249,
    0.007016521045714008,
    0.007583609732970347,
    0.028421716071474413,
    0.008093028384234514,
    0.006920404319060391,
    0.05543051626114068,
    0.1169356096467899,
    0.3593804409578723,
    0.004988458113322699,
    0.019780822345314288,
    0.5051895152914087,
    0.005094186512641677,
    0.043194856958135276,
    0.04224330136426448,
    0.01516721946594069,
    0.034400176469329365,
    0.10436354180049684,
    0.08472689454516298,
    0.3275561927628598,
    0.037841155283528834,
    0.008371766891530002,
    0.16035153507622849,
    0.017281787452320254,
    0.005901567016532056,
    0.0018646644970801611,
    0.140618771094241,
    0.7424440433631957,
    0.04229135972759128,
    0.29079154481785147,
    0.014571295760688269,
    0.014830810922653032,
    0.22971897670214353,
    0.01114954029181952,
    0.020117230888601945,
    0.05460391241191956,
    0.01114954029181952,
    0.07892144425528455,
    0.013677410202809635,
    0.3581405351840407,
    0.2573525356150583,
    0.08702408431218443,
    0.014446344016038566,
    0.1541808412250663,
    0.30779459376287627,
    0.14182984185007658,
    0.08616864544496723,
    0.013341001659521977,
    0.013908090346778314,
    0.4402434430915599,
    0.03986921821592015,
    0.03646668609238212,
    0.010361383133259863,
    0.021933837022355296,
    0.019377132093369095,
    0.00969817771934991,
    0.07402910286861547,
    0.014811587577322309,
    0.01178391068773339,
    0.020424804413893518,
    0.04981729942456946,
    0.18272750904119042,
    0.013504400094833125,
    0.02943094170133739,
    0.06555160757776649,
    0.22691236828385797,
    0.07444240479322602,
    0.01382158529279006,
    0.44736569253659286,
    0.005190303239295294,
    0.009054195650770678,
    0.08852350524798086,
    0.01824295471885642,
    0.01086119011185867,
    0.07460580322853716,
    0.020222959287920922,
    0.16137037237875684,
    0.007035744391044731,
    0.024673163731983364,
    0.0031045702709118143,
    0.03465007995862877,
    0.5069292280438391,
    0.21134145856597206,
    0.36115860040096415,
    0.05164351723098817,
    0.021578205133736917,
    0.019319462057376925,
    0.006814675919741413,
    0.009140700704758933,
    0.07384648108797359
  ],