{
  "hour": 12,
  "dispatch": 0,
  "load": 0.9599433209688288,
  "wind": 0.4622646084998944,
  "solar": 1.1071541530381168,
  "gen": [
    47,
    1,
    2,
    3,
    4,
    5,
    6,
    7,
    8,
    9,
    10,
    11,
    12,
    13,
    14,
    15,
    16,
    17,
    18,
    19,
    20,
    21,
    22,
    23,
    24,
    25,
    26,
    27,
    28,
    29,
    30,
    31,
    32,
    33,
    34,
    35,
    36,
    37,
    38,
    39,
    40,
    41,
    42,
    43,
    44,
    45,
    46,
    48,
    49
  ],
  "pg": [
    1.4543809177858846,
    0.04507349582451174,
    0.04507349582697917,
    0.0450734958245123,
    0.04507349582697902,
    0.09024649581596435,
    0.3998588863524087,
    0.0467649959187457,
    0.03873777419229116,
    0.03873777419229116,
    0.03873777419229116,
    0.03873777419229116,
    0.03873777419229116,
    0.03873777419229116,
    0.0,
    0.02387999543892725,
    0.1790999954256905,
    0.17909999542114807,
    0.0318399955436793,
    0.049749995548711186,
    0.0626849955472308,
    0.1790999958936968,
    0.3124908753459286,
    0.7155856139578366,
    0.006471704518998522,
    0.617123252347359,
    0.4320115505154732,
    0.4320115505154732,
    0.4320115505154732,
    1.482700841748646,
    1.482700841748646,
    0.4271324982539025,
    0.017935897279217492,
    0.25652761725893164,
    0.25652761725893164,
    0.25652761725893164,
    0.25652761725893164,
    1.3790699952763383,
    0.11939999551520707,
    0.258699995493852,
    0.09352999551332304,
    0.09352999551836798,
    0.09352999551232502,
    0.09352999551342592,
    0.09352999551327161,
    0.17412499586657268,
    0.0,
    0.6716249953272537,
    0.6716249953272562
  ],
  "qg": [
    -0.46669778635416526,
    0.006999422767572939,
    0.008287110225599616,
    0.007143075847837461,
    0.008243334053859859,
    0.011830500417241681,
    -0.09858375344988655,
    -0.005698389014289933,
    -0.034098214578033144,
    -0.034098364320507446,
    -0.03409820934884723,
    -0.03409841347260996,
    -0.03409841295622965,
    -0.03409820539368438,
    0.0023460941693323745,
    0.0021775061797224674,
    0.015506268811258241,
    0.01600961246764745,
    -0.0035985499461779714,
    -0.005498735363436712,
    -0.006998737189510263,
    -0.02199929297278873,
    -0.05678444490405829,
    -0.11241476302881527,
    0.0016745268065582709,
    0.09992242963177243,
    0.0627296430539116,
    0.15040106028117528,
    0.21157135801527313,
    0.23501086656516493,
    0.2235940039937737,
    0.0001923666752747759,
    -0.006482601708012304,
    -0.09350050819548167,
    -0.04868579959790897,
    -0.0935858407550993,
    -0.09359206630310958,
    0.18642826207992683,
    -0.013299566731473905,
    -0.028899550821666672,
    -0.010399558323220872,
    -0.010399566691057021,
    -0.010399555502553191,
    -0.010399558289298491,
    -0.010399558341110216,
    0.006886772931701113,
    -0.001957593011919041,
    -0.008463364881009496,
    0.042351880205910984
  ],
  "pd": [
    0.07089181425354801,
    0.01627103929042165,
    0.07628669571739283,
    0.2278617460983709,
    0.4097230082559155,
    0.0029086282625355514,
    0.02422896942125324,
    0.4296514315992284,
    0.006853995311717437,
    0.0073819641382502936,
    0.010866558393367143,
    0.04421498936382425,
    0.013544800258870174,
    0.02300984140362283,
    0.012988033132708255,
    0.022395477678202776,
    0.5671921106276422,
    0.004924509236570092,
    0.06181075043718289,
    0.19930343229954825,
    0.03428917542500657,
    0.2861303056811788,
    0.009839419039930497,
    0.06125398331102097,
    0.01963084091381255,
    0.3679942720934006,
    0.010242595234737405,
    0.09165538828610377,
    0.02002441767540977,
    0.009119461549203874,
    0.03070858683779283,
    0.06084120768300438,
    0.014821524875758718,
    0.01749016730805206,
    0.004281347211520977,
    0.021281943425878934,
    0.0072379726401049695,
    0.005318085998167312,
    0.027060802218111284,
    0.009580234343268912,
    0.01335281159467641,
    0.017682155972245827,
    0.009321049646607328,
    0.036093868868427956,
    0.02249147201029966,
    0.013947976453677083,
    0.19731634962514277,
    0.08201755734357674,
    0.12346790994301078,
    0.03188931712258449,
    0.021109153628104546,
    0.02362420512904288,
    0.180094966446962,
    0.03453876068845846,
    0.005682864460135466,
    0.008485898957364447,
    0.05272968662081778,
    0.02022600577281322,
    0.008591492722671018,
    0.021512329822911454,
    0.036017073402750455,
    0.04640366013563317,
    0.0791857245467187,
    0.47363603456602027,
    0.08232473920628676,
    0.021915506017718363,
    0.02121474739341112,
    0.4778213874454442,
    0.02017800860676478,
    0.009215455881300755,
    0.014207161150338668,
    0.007007586243072451,
    0.007573952802444061,
    0.028385524001048268,
    0.008082722762557538,
    0.0069115919109755675,
    0.05535993132027237,
    0.11678670442906772,
    0.3589228077102451,
    0.004982105835828221,
    0.019755633545538498,
    0.5045462095012165,
    0.005087699601134793,
    0.04313985284433917,
    0.04218950895658003,
    0.015147905604888118,
    0.03435637145747439,
    0.10423064579079543,
    0.08461900374340225,
    0.3271390843529672,
    0.03779296854654279,
    0.0083611063256385,
    0.16014734423722973,
    0.017259780911019543,
    0.005894051990748609,
    0.001862290042679528,
    0.14043970785773968,
    0.7414986188491621,
    0.042237506122628464,
    0.29042125232590943,
    0.014552740745887445,
    0.014811925442549029,
    0.22942645371155007,
    0.011135342523238414,
    0.020091613707877588,
    0.05453438006423916,
    0.011135342523238414,
    0.07882094608475054,
    0.013659993457386435,
    0.3576844808261954,
    0.2570248241894039,
    0.08691326828051778,
    0.014427948114161497,
    0.15398450811660983,
    0.30740264967384806,
    0.14164923644216038,
    0.0860589187248555,
    0.013324013295047345,
    0.013890379854418954,
    0.43968283930335267,
    0.03981844895378702,
    0.036420249597557366,
    0.010348189000043974,
    0.021905906584508673,
    0.01935245735073159,
    0.009685828108575482,
    0.0739348345810192,
    0.014792726576129652,
    0.011768905115077841,
    0.020398795570587613,
    0.0497538623258144,
    0.18249482474938405,
    0.013487203659612045,
    0.02939346448806554,
    0.06546813449007412,
    0.22662341921432114,
    0.0743476102090358,
    0.01380398495553176,
    0.44679601931173174,
    0.005183693933231676,
    0.009042666083526368,
    0.08841077986122915,
    0.018219724231988373,
    0.010847359526947766,
    0.07451080057360049,
    0.020197207473184157,
    0.1611648841574567,
    0.007026785109491827,
    0.024641745049269834,
    0.003100616926729317,
    0.03460595672092628,
    0.5062837069121701,
    0.21107233741462608,
    0.36069870285403743,
    0.05157775463565517,
    0.02155072755575021,
    0.01929486075147346,
    0.0068059981456689966,
    0.009129060982413562,
    0.07375244535003511
  ],