{
  "hour": 12,
  "dispatch": 1,
  "load": 0.9214712506780822,
  "wind": 0.3367768994453933,
  "solar": 1.11508248108991,
  "gen": [
    47,
    1,
    2,
    3,
    4,
    5,
    6,
    7,
    8,
    9,
    10,
    11,
    12,
    13,
    14,
    15,
    16,
    17,
    18,
    19,
    20,
    21,
    22,
    23,
    24,
    25,
    26,
    27,
    28,
    29,
    30,
    31,
    32,
    33,
    34,
    35,
    36,
    37,
    38,
    39,
    40,
    41,
    42,
    43,
    44,
    45,
    46,
    48,
    49
  ],
  "pg": [
    1.582081492281719,
    0.04507349723659903,
    0.04507349723823915,
    0.04507349723659919,
    0.04507349723823911,
    0.09024649723092469,
    0.2913120180202652,
    0.046764997290340775,
    0.02822190417352396,
    0.02822190417352396,
    0.02822190417352396,
    0.02822190417352396,
    0.02822190417352396,
    0.02822190417352396,
    0.0,
    0.02387999696564932,
    0.17909999695684906,
    0.17909999695381768,
    0.03183999703974437,
    0.049749997043005256,
    0.06268499704201724,
    0.1790999972726935,
    0.22766118402508584,
    0.5213306403414688,
    0.004714876592235506,
    0.44959716075960005,
    0.4351051841212829,
    0.4351051841212829,
    0.4351051841212829,
    1.4933184586756072,
    1.4933184586756072,
    0.3111818550875434,
    0.018064336193656542,
    0.25836461086853213,
    0.25836461086853213,
    0.25836461086853213,
    0.25836461086853213,
    1.379069996854298,
    0.11939999702139331,
    0.2586999970072897,
    0.09352999702016808,
    0.09352999702349804,
    0.09352999701951722,
    0.09352999702023794,
    0.09352999702013313,
    0.17412499724769737,
    0.0,
    0.6716249968994732,
    0.6716249968994741
  ],
  "qg": [
    -0.4666986600974202,
    0.006382084504398101,
    0.00751378431342704,
    0.0065261964164335,
    0.007469940320411476,
    0.011053299228637632,
    -0.11612635169810787,
    -0.0056990923816475254,
    -0.03409901792175045,
    -0.03409908094461076,
    -0.03409901474279885,
    -0.03409910308236438,
    -0.034099102760106866,
    -0.034099012237502606,
    0.0020947605048938943,
    0.0020649641381645387,
    0.014383165918764191,
    0.015117731691672303,
    -0.003599133910432381,
    -0.005499231143222432,
    -0.006999231903148894,
    -0.021999559617508994,
    -0.06888072023177196,
    -0.1432786356162377,
    0.0012544736408098209,
    0.06990091862134581,
    0.05970616868227844,
    0.1405470399107681,
    0.19687621984514056,
    0.22101954666214751,
    0.20943735517071096,
    -0.018135656940614822,
    -0.006565306767626591,
    -0.094091766431097,
    -0.059793776735565206,
    -0.09410258488983135,
    -0.09410338689564074,
    0.17793059243607928,
    -0.013299718492240644,
    -0.028899708510935165,
    -0.010399713227028796,
    -0.010399718492616785,
    -0.010399711467093216,
    -0.01039971320967202,
    -0.010399713236288698,
    0.003865974771839596,
    -0.009113685410242413,
    -0.01392050765736902,
    0.03711908613538415
  ],
  "pd": [
    0.06805065186257638,
    0.015618937698993493,
    0.07322932029138719,
    0.21872963077345636,
    0.39330235921441903,
    0.0027920578895545894,
    0.023257934367114794,
    0.41243210237849603,
    0.006579304729841507,
    0.007086113917714452,
    0.01043105455767589,
    0.04244296580623246,
    0.01300195934706774,
    0.022087665878753632,
    0.012467506021674454,
    0.021497924278319657,
    0.5444605031756516,
    0.004727147515978562,
    0.05933353383116172,
    0.19131586106578344,
    0.0329149530742211,
    0.274662935689616,
    0.009445080319450343,
    0.05879908050576843,
    0.01884408707636678,
    0.3532460039474428,
    0.009832098244735138,
    0.08798207501474328,
    0.019221890289144797,
    0.00875397688144178,
    0.029477865309191848,
    0.05840284786797686,
    0.014227516110469591,
    0.016789206187354657,
    0.004109761778024247,
    0.020429017627533082,
    0.00694789323011274,
    0.005104950728756576,
    0.025976274556615137,
    0.00919628308176726,
    0.012817665096932124,
    0.016973500437490272,
    0.008947485844084179,
    0.03464731902549588,
    0.021590071403387465,
    0.013388977272352534,
    0.18940841557687982,
    0.07873050365793535,
    0.11851963226221494,
    0.030611274947525892,
    0.020263152802411026,
    0.022677407479187603,
    0.172877221339715,
    0.0331545355993974,
    0.005455109804014246,
    0.008145805855994247,
    0.050616415799747065,
    0.01941539925178719,
    0.008247167693568836,
    0.020650170727695823,
    0.03457360132544164,
    0.04454392025777848,
    0.076012163468435,
    0.4546539150845659,
    0.07902537445815233,
    0.021037188652980616,
    0.02036451463998562,
    0.4586715297375222,
    0.01936932568925329,
    0.008846124006509588,
    0.013637774510035618,
    0.0067267401299500006,
    0.00727040816785007,
    0.02724790488255089,
    0.007758787930709453,
    0.006634593004882192,
    0.05314124702660501,
    0.11210619235749548,
    0.34453810062853496,
    0.004782435791019247,
    0.018963878338954934,
    0.48432528935640007,
    0.0048837976285938355,
    0.041410918005473016,
    0.040498661467301716,
    0.014540816335700136,
    0.03297945606176857,
    0.10005334839862616,
    0.08122769074727294,
    0.31402818751858363,
    0.0362783231391961,
    0.008026014593406097,
    0.15372904875062446,
    0.016568053087191916,
    0.005657833479163424,
    0.0017876542263154797,
    0.13481124397420344,
    0.7117812528737778,
    0.04054473502983562,
    0.278781912180147,
    0.013969504160279726,
    0.014218301397962808,
    0.22023162891206163,
    0.010689066507865753,
    0.019286393276692262,
    0.05234878175102185,
    0.010689066507865753,
    0.07566200439317733,
    0.01311253589714911,
    0.3433494027151603,
    0.24672392736905652,
    0.08343000703639357,
    0.013849712897691576,
    0.14781320332127115,
    0.2950827386046423,
    0.1359722977500578,
    0.08260989762329006,
    0.012790020959411782,
    0.01333368899731185,
    0.422061476948082,
    0.03822262747812685,
    0.03496061925072644,
    0.009933460082309727,
    0.021027973940473836,
    0.018576860413670137,
    0.00929764491934185,
    0.0709717157272259,
    0.014199871972949247,
    0.011297237533313288,
    0.019581264076909247,
    0.047759854922645,
    0.17518089946641022,
    0.012946671072027054,
    0.028215449695762878,
    0.06284433929624521,
    0.21754093286008166,
    0.07136794836501748,
    0.013250756584750823,
    0.4288895789156066,
    0.004975944753661644,
    0.008680259181387534,
    0.08486750218745139,
    0.017489524337870002,
    0.010412625132662329,
    0.07152459847763273,
    0.01938775511426685,
    0.15470580827634323,
    0.006745169554963562,
    0.02365416700490637,
    0.0029763521396902054,
    0.03321903858694486,
    0.4859931523201274,
    0.2026130985990967,
    0.3462428224422894,
    0.04951065029893336,
    0.02068702957772295,
    0.01852157213862945,
    0.006533231167307603,
    0.00876319159394856,
    0.07079663618959706
  ],