{
  "hour": 14,
  "dispatch": 0,
  "load": 1.0691103204863868,
  "wind": 0.3200633979675778,
  "solar": 0.9632483594648844,
  "gen": [
    47,
    1,
    2,
    3,
    4,
    5,
    6,
    7,
    8,
    9,
    10,
    11,
    12,
    13,
    14,
    15,
    16,
    17,
    18,
    19,
    20,
    21,
    22,
    23,
    24,
    25,
    26,
    27,
    28,
    29,
    30,
    31,
    32,
    33,
    34,
    35,
    36,
    37,
    38,
    39,
    40,
    41,
    42,
    43,
    44,
    45,
    46,
    48,
    49
  ],
  "pg": [
    4.624449678336703,
    0.04507349206980809,
    0.045073492074487825,
    0.04507349206981039,
    0.04507349207448716,
    0.09024649205367602,
    0.2768548392419548,
    0.04676499222248302,
    0.026821312749683027,
    0.026821312749683027,
    0.026821312749683027,
    0.026821312749683027,
    0.026821312749683027,
    0.026821312749683027,
    0.0,
    0.023879991455701754,
    0.17909999143192368,
    0.17909999142355276,
    0.031839991430204925,
    0.04974999144200095,
    0.06268499143928914,
    0.1790999921569825,
    0.2163628570260826,
    0.49545814005381045,
    0.004480887571546089,
    0.4272846362867163,
    0.3758595098631979,
    0.3758595098631979,
    0.3758595098631979,
    1.2899822029953731,
    1.2899822029953731,
    0.2957385797220419,
    0.015604623423331127,
    0.2231846448880137,
    0.2231846448880137,
    0.2231846448880137,
    0.2231846448880137,
    1.3790699910825766,
    0.11939999141238777,
    0.2586999913733008,
    0.09352999140916603,
    0.09352999141844362,
    0.0935299914074629,
    0.09352999140938807,
    0.09352999140905498,
    0.17412499216741778,
    0.0,
    0.6716249911002055,
    0.6716249911002317
  ],
  "qg": [
    -0.33025730354102195,
    0.008420282229206832,
    0.010057760609763244,
    0.008565615133745654,
    0.010013300036267062,
    0.013671438145834597,
    -0.12149231007192186,
    -0.005695267493833101,
    -0.034094294326759256,
    -0.034095215372588056,
    -0.034094274035172144,
    -0.034095472279598076,
    -0.03409547140414345,
    -0.03409426235127077,
    0.003094104054677206,
    0.0025031633733388074,
    0.01889180435745616,
    0.01871371515620944,
    -0.0035217656777990396,
    -0.00548523577759301,
    -0.006986937293435452,
    -0.02199849461902038,
    0.008106862845871707,
    0.022401303148411208,
    0.003252496942674017,
    0.20638740986491386,
    0.06862014497838285,
    0.17805976859253744,
    0.25492779640747293,
    0.2735360954970293,
    0.26478770205586816,
    0.02266288065494983,
    -0.0056993831225292235,
    -0.07166026603323801,
    -0.027563381470575618,
    -0.0734481431569338,
    -0.07358930101167518,
    0.21184201430058583,
    -0.013299258597698682,
    -0.028899236850007618,
    -0.010399242851580304,
    -0.010399257235006726,
    -0.010399238121704998,
    -0.010399242728659214,
    -0.0103992429168624,
    0.014123605836321034,
    0.01522516673145514,
    0.00990035852120905,
    0.060281505282692466
  ],
  "pd": [
    0.07895379716791966,
    0.018121419932244257,
    0.08496219716905315,
    0.2537747167738536,
    0.4563176669899996,
    0.003239404271073752,
    0.0269843444890764,
    0.47851239724329697,
    0.007633447688272801,
    0.008221458364540314,
    0.012102328827905899,
    0.049243221361602973,
    0.015085146622062916,
    0.025626574382058693,
    0.014465062636180814,
    0.024942343776947404,
    0.6316945239625864,
    0.0054845359440951645,
    0.06884001353611845,
    0.2219686847393836,
    0.03818862064777374,
    0.3186697132273773,
    0.010958380784985464,
    0.06821992955023634,
    0.02186330605394661,
    0.4098434413584564,
    0.011407407119589747,
    0.1020786534000402,
    0.02230164128534603,
    0.010156548044620675,
    0.03420083915235951,
    0.06776021211242719,
    0.016507063348309814,
    0.019479190039261966,
    0.0047682320293692855,
    0.023702175805183193,
    0.008061091816467357,
    0.005922871175494583,
    0.030138219934511244,
    0.01066972099845414,
    0.01487132455796564,
    0.019693012103359244,
    0.010381061211922815,
    0.04019854805028813,
    0.02504925480899604,
    0.0155341729566672,
    0.21975562637597681,
    0.09134478578235689,
    0.13750896942095908,
    0.035515844846557766,
    0.023509735947495645,
    0.026310804987169978,
    0.20057578722645103,
    0.03846658933110019,
    0.006329133097279409,
    0.00945093523309966,
    0.05872622990431723,
    0.02252615445264817,
    0.00956853736835316,
    0.023958762282099928,
    0.04011301922464923,
    0.05168079289231192,
    0.08819091033692206,
    0.5274990321279833,
    0.09168690108491254,
    0.024407788616704208,
    0.02362733808274915,
    0.5321603531253039,
    0.02247269893662385,
    0.010263459076669312,
    0.015822832743198526,
    0.0078045053395506235,
    0.008435280428637592,
    0.03161359217678245,
    0.009001908898495376,
    0.007697594307501984,
    0.06165559218244994,
    0.13006796159037382,
    0.39974034882986004,
    0.005548682563324347,
    0.02200229039560984,
    0.5619243844476449,
    0.00566628469857785,
    0.04804581780265822,
    0.0469873985853767,
    0.01687056085727518,
    0.03826345837020779,
    0.11608399859841187,
    0.09424207475087498,
    0.3643421061185557,
    0.04209087331754905,
    0.00931195089143643,
    0.17835967476674391,
    0.019222603562345234,
    0.006564337367786414,
    0.0020740740217435904,
    0.1564108398871584,
    0.8258235759565046,
    0.04704085410140101,
    0.3234486363599514,
    0.016207712458573623,
    0.016496372245104945,
    0.2555173665962464,
    0.012401679717642085,
    0.022376479007780076,
    0.06073615730683163,
    0.012401679717642085,
    0.08778464841513722,
    0.015213439860521283,
    0.3983611965164327,
    0.28625428831023003,
    0.09679724841683747,
    0.016068728116910392,
    0.1714959865092213,
    0.34236119792935565,
    0.15775791889097124,
    0.09584574023160457,
    0.014839251248351048,
    0.015470026337438016,
    0.48968460009237974,
    0.044346696093775326,
    0.040562045559253516,
    0.011525009254843248,
    0.024397097513499347,
    0.021553264061005557,
    0.010787323133707642,
    0.08234287688386152,
    0.01647499003869522,
    0.013107292529163102,
    0.02271859431033572,
    0.05541198791080943,
    0.203248563027667,
    0.015021000002833735,
    0.032736158013293166,
    0.07291332385717157,
    0.2523955644604262,
    0.08280259432167066,
    0.015373806408594242,
    0.4976067075671839,
    0.005773195730626489,
    0.010071019218981762,
    0.09846506051679624,
    0.02029171388283162,
    0.01208094662149617,
    0.08298434307615334,
    0.022494081143033577,
    0.1794929317064595,
    0.007825887545960352,
    0.027444061926885546,
    0.003453226335171029,
    0.03854142705353424,
    0.5638594741277253,
    0.2350759772685467,
    0.4017182029227598,
    0.05744329751973356,
    0.024001526694919385,
    0.021489117441776374,
    0.007579992172248482,
    0.010167239147825538,
    0.08213974592296909
  ],