{
  "hour": 14,
  "dispatch": 3,
  "load": 1.0350707557297278,
  "wind": 0.4935415008337389,
  "solar": 0.8433774380644844,
  "gen": [
    47,
    1,
    2,
    3,
    4,
    5,
    6,
    7,
    8,
    9,
    10,
    11,
    12,
    13,
    14,
    15,
    16,
    17,
    18,
    19,
    20,
    21,
    22,
    23,
    24,
    25,
    26,
    27,
    28,
    29,
    30,
    31,
    32,
    33,
    34,
    35,
    36,
    37,
    38,
    39,
    40,
    41,
    42,
    43,
    44,
    45,
    46,
    48,
    49
  ],
  "pg": [
    3.6673456839767407,
    0.04507349477003904,
    0.04507349477311385,
    0.04507349477004104,
    0.04507349477311334,
    0.09024649475941093,
    0.4269133982211841,
    0.04676499489654209,
    0.04135877776986732,
    0.04135877776986732,
    0.04135877776986732,
    0.04135877776986732,
    0.04135877776986732,
    0.04135877776986732,
    0.0,
    0.02387999441495713,
    0.17909999439944793,
    0.17909999439392815,
    0.03183999439569576,
    0.04974999440308943,
    0.06268499440129485,
    0.1790999948586915,
    0.33363405456360745,
    0.7640022432906278,
    0.006909581011672344,
    0.6588779036130414,
    0.3290858763327618,
    0.3290858763327618,
    0.3290858763327618,
    1.1294510650559575,
    1.1294510650559575,
    0.4560323467703748,
    0.013662714496644645,
    0.195410552399541,
    0.195410552399541,
    0.195410552399541,
    0.195410552399541,
    1.3790699941621103,
    0.11939999437153936,
    0.258699994345378,
    0.0935299943692947,
    0.09352999437549701,
    0.0935299943681102,
    0.09352999436943174,
    0.09352999436922615,
    0.1741249948771933,
    0.0,
    0.671624994160009,
    0.6716249941600239
  ],
  "qg": [
    -0.4666560800556354,
    0.008123427295516392,
    0.009691180365399024,
    0.008267664397503855,
    0.009647076478557885,
    0.013270426793115998,
    -0.09923405493852851,
    -0.005696558973260676,
    -0.03409556097701665,
    -0.034096336606716654,
    -0.034095545822247435,
    -0.03409655294591435,
    -0.03409655233007128,
    -0.034095537642246466,
    0.002871326468288058,
    0.0024369209968973134,
    0.017904921051109888,
    0.017951079372406913,
    -0.0035878397807182615,
    -0.005495836281964221,
    -0.006996021198912818,
    -0.021998979427357512,
    0.00158435516542376,
    0.014984397842771858,
    0.0031587174339842094,
    0.2002425016612962,
    0.06230733269910373,
    0.16583754169761245,
    0.238656411588528,
    0.2442113338535135,
    0.23742541922626492,
    0.027145153561911307,
    -0.005975058692578217,
    -0.0792244786460009,
    -0.03224302386306698,
    -0.08050953947438157,
    -0.08060912019674743,
    0.20496809319863693,
    -0.013299485297634606,
    -0.02889946814898094,
    -0.01039947588904903,
    -0.010399485227551575,
    -0.010399472789272795,
    -0.010399475858763075,
    -0.01039947590536595,
    0.012859306731851315,
    0.012155247137985875,
    0.010110563085782107,
    0.06053079457559656
  ],
  "pd": [
    0.0764399753106404,
    0.017544449309618886,
    0.08225707295784147,
    0.2456947452875655,
    0.4417888999605624,
    0.0031362643898610754,
    0.026125185874618328,
    0.4632769688495116,
    0.007390405195910257,
    0.007959694111561607,
    0.011717000954860519,
    0.04767535900891126,
    0.014604848363346459,
    0.024810646014841578,
    0.014004507325023218,
    0.02414820073117455,
    0.611581906730467,
    0.0053099129768935036,
    0.06664820596143718,
    0.2149013903046061,
    0.03697272739466588,
    0.30852354016036,
    0.01060947524622971,
    0.06604786492311394,
    0.021167196954672934,
    0.3967943742089912,
    0.011044204963636197,
    0.09882855575707442,
    0.021591575964522124,
    0.009833172179432415,
    0.033111913475793994,
    0.06560278449815016,
    0.015981492468466998,
    0.018858989169395643,
    0.004616415570554587,
    0.022947518654528064,
    0.0078044334982021474,
    0.005734291986742693,
    0.029178644604021028,
    0.010330006142182683,
    0.014397834212200514,
    0.019066003320541584,
    0.010050537038135658,
    0.038918660415437754,
    0.024251707806747524,
    0.015039578080752946,
    0.21275879384024557,
    0.08843644536954795,
    0.13313080060195762,
    0.03438505050534156,
    0.022761205918496716,
    0.025473091298508603,
    0.19418962448245425,
    0.03724184579115561,
    0.006127618873919989,
    0.009150025480650794,
    0.056856436612233954,
    0.021808940823225365,
    0.009263883263781063,
    0.0231959356359032,
    0.03883585475497939,
    0.05003532033197503,
    0.08538298664014526,
    0.5107039108770478,
    0.08876766801138146,
    0.023630665353309686,
    0.022875063701626987,
    0.5152168193720293,
    0.021757187285438878,
    0.009936679255005387,
    0.015319047184799973,
    0.007556016516827013,
    0.008166708262707554,
    0.030607042246928052,
    0.00871529576324431,
    0.007452509441254041,
    0.059692530482933416,
    0.12592670814207868,
    0.3870129555673453,
    0.005372017222237287,
    0.0213017561529178,
    0.544033189211545,
    0.005485875005367557,
    0.04651607976249397,
    0.04549135971432154,
    0.016333416525415104,
    0.037045182347566964,
    0.11238798265713384,
    0.0912414871175755,
    0.3527417628451339,
    0.040750735653079385,
    0.00901546628240593,
    0.1726808541783905,
    0.018610572188020508,
    0.006355334440180529,
    0.0020080372661156723,
    0.1514308515632592,
    0.799530054555871,
    0.045543113252108025,
    0.31315030643847186,
    0.015691672656862676,
    0.0159711417609097,
    0.24738191061940495,
    0.012006820766464843,
    0.021664030917423204,
    0.058802369633005835,
    0.012006820766464843,
    0.08498965975296796,
    0.014729056854034027,
    0.385677714292454,
    0.2771401948466346,
    0.09371530622376957,
    0.01555711345861781,
    0.16603569992660563,
    0.33146070810733075,
    0.15273504071547864,
    0.09279409325117009,
    0.014366782089528622,
    0.014977473835409162,
    0.47409345824688726,
    0.04293473494766911,
    0.03927058447238588,
    0.011158062746766466,
    0.02362031464575239,
    0.020867026435511315,
    0.010443863925312954,
    0.07972114960630364,
    0.015950440345795108,
    0.012689967465246463,
    0.021995253559256717,
    0.0536477172694718,
    0.19677730137177857,
    0.014542744118002677,
    0.03169386654044427,
    0.07059182554076744,
    0.24435950401267417,
    0.08016623003126742,
    0.014884317467393486,
    0.48176333254684456,
    0.005589382080940531,
    0.009750366518974036,
    0.09533001660270796,
    0.019645642943750236,
    0.011696299539745924,
    0.08034219205974147,
    0.021777888700553475,
    0.17377802917946403,
    0.007576717931941608,
    0.02657026629958211,
    0.0033432785410070207,
    0.037314300744056686,
    0.5459066672794158,
    0.22759135776985254,
    0.3889278364654452,
    0.05561435170535828,
    0.023237338466132393,
    0.02080492219016753,
    0.007338651658123771,
    0.009843522886989711,
    0.07952448616271499
  ],