{
  "hour": 15,
  "dispatch": 2,
  "load": 1.0387012379156044,
  "wind": 0.6221179204641689,
  "solar": 0.6824663215553767,
  "gen": [
    47,
    1,
    2,
    3,
    4,
    5,
    6,
    7,
    8,
    9,
    10,
    11,
    12,
    13,
    14,
    15,
    16,
    17,
    18,
    19,
    20,
    21,
    22,
    23,
    24,
    25,
    26,
    27,
    28,
    29,
    30,
    31,
    32,
    33,
    34,
    35,
    36,
    37,
    38,
    39,
    40,
    41,
    42,
    43,
    44,
    45,
    46,
    48,
    49
  ],
  "pg": [
    3.7494832036868386,
    0.04507349402026693,
    0.045073494023778714,
    0.04507349402027432,
    0.04507349402377698,
    0.09024649400816515,
    0.5381320012015061,
    0.04676499418773348,
    0.05213348173489736,
    0.05213348173489736,
    0.05213348173489736,
    0.05213348173489736,
    0.05213348173489736,
    0.05213348173489736,
    0.0,
    0.02387999369882702,
    0.17909999368153748,
    0.17909999367531718,
    0.031839993620283856,
    0.04974999362893686,
    0.06268499362691789,
    0.17909999414651223,
    0.42055171423377813,
    0.9630385408785336,
    0.008709650886498365,
    0.8305274238196655,
    0.26629835867090795,
    0.26629835867090795,
    0.26629835867090795,
    0.9139588978269603,
    0.9139588978269603,
    0.5748369585088922,
    0.011055954409197101,
    0.15812744670438078,
    0.15812744670438078,
    0.15812744670438078,
    0.15812744670438078,
    1.3790699933876085,
    0.11939999358690034,
    0.2586999935580027,
    0.09352999358463478,
    0.09352999359146598,
    0.09352999358342445,
    0.09352999358480923,
    0.09352999358454753,
    0.17412499419596267,
    0.0,
    0.6716249933501508,
    0.6716249933502049
  ],
  "qg": [
    -0.4666661250573872,
    0.008381191403521155,
    0.010013689949758037,
    0.008524978843504534,
    0.009969704750176491,
    0.01359525122134143,
    -0.09019272027590591,
    -0.0056966004097756115,
    -0.03409582249231364,
    -0.03409639883253307,
    -0.034095809704845416,
    -0.03409656926249922,
    -0.034096568926165076,
    -0.03409580365469087,
    0.002929561956430604,
    0.0024697393050007884,
    0.018182787112361713,
    0.01818836515914229,
    -0.0035859151945158013,
    -0.005495411196382386,
    -0.006995704924861215,
    -0.021998860766799754,
    0.012896980406156128,
    0.046250765105407564,
    0.003295199107587654,
    0.2365032855816651,
    0.05978608263490495,
    0.16620243549418373,
    0.24128174507856628,
    0.24468098849679495,
    0.24011670672442467,
    0.044158312032901124,
    -0.005831619128481314,
    -0.07831403367306485,
    -0.03322281375060448,
    -0.07920974864618371,
    -0.07927987916217683,
    0.20455620775727001,
    -0.013299466226267492,
    -0.028899450578327032,
    -0.010399460791599001,
    -0.010399467576523325,
    -0.010399458575142694,
    -0.010399460874100737,
    -0.010399460749176739,
    0.013696466691810065,
    0.014076649629691372,
    0.012945595907468323,
    0.06333515014811486
  ],
  "pd": [
    0.07670808642006739,
    0.017605985982669495,
    0.08254558737715308,
    0.24655651284402702,
    0.44333846236713825,
    0.0031472647508842817,
    0.026216819244989854,
    0.4649019000662662,
    0.007416326838717415,
    0.007987612519570997,
    0.011758098013204642,
    0.047842579018392735,
    0.014656074466989178,
    0.02489766867283704,
    0.014053627748998128,
    0.024232899880571052,
    0.613727013434814,
    0.005328537350507051,
    0.06688197270938577,
    0.2156551510160378,
    0.037102408218345394,
    0.3096056779855042,
    0.010646687688634946,
    0.06627952599139472,
    0.02124144031537411,
    0.398186119554947,
    0.0110829422085595,
    0.09917519419618191,
    0.021667307822919507,
    0.009867661760198241,
    0.03322805260092018,
    0.06583288445909101,
    0.01603754711341693,
    0.018925136554822312,
    0.004632607521103596,
    0.02302800644458895,
    0.007831807333883656,
    0.005754404858052449,
    0.029280987896840888,
    0.010366238354397731,
    0.014448334219406058,
    0.019132876802405434,
    0.010085789020160519,
    0.03905516654562671,
    0.02433677000436261,
    0.015092328986913732,
    0.2135050394535525,
    0.08874663376750924,
    0.13359775322070505,
    0.03450565512355638,
    0.02284104022176414,
    0.025562437465103026,
    0.19487073924534654,
    0.03737247054020344,
    0.006149111328460378,
    0.009182118943173943,
    0.057055858998704155,
    0.021885435082881783,
    0.00929637607934466,
    0.023277294741688694,
    0.038972070446593475,
    0.050210817840840305,
    0.08568246511565822,
    0.5124951907875593,
    0.08907901816364223,
    0.02371354926161325,
    0.02295529735793486,
    0.5170239281848712,
    0.021833500020986007,
    0.009971531883989802,
    0.015372778321150946,
    0.007582519036783912,
    0.008195352767154121,
    0.03071439560516442,
    0.00874586442324939,
    0.007478648912992352,
    0.05990190039059292,
    0.12636839260481245,
    0.3883703928566445,
    0.005390859424781987,
    0.02137647147630314,
    0.5459413706484417,
    0.0055051165609527036,
    0.04667923363192726,
    0.045650919406390815,
    0.016390705534308235,
    0.037175117304999485,
    0.11278218041287633,
    0.09156151412226052,
    0.3539789948692588,
    0.040893667736737346,
    0.009047087782244915,
    0.1732865275214603,
    0.018675848257722567,
    0.006377625600801811,
    0.002015080401556273,
    0.15196199110705294,
    0.8023343842155295,
    0.04570285446828659,
    0.3142486725189869,
    0.015746710766800565,
    0.016027160101037774,
    0.24824959586182946,
    0.01204893435982101,
    0.0217400169095736,
    0.05900861732598549,
    0.01204893435982101,
    0.08528775864525028,
    0.01478071861553905,
    0.3870304682597335,
    0.2781122564519031,
    0.09404401008087883,
    0.015611679605871535,
    0.1666180655740421,
    0.332623297417714,
    0.15327075466682658,
    0.09311956597913393,
    0.01441717318226859,
    0.015030006912638796,
    0.4757563280024843,
    0.04308532734873927,
    0.039408324966518034,
    0.011197199344730215,
    0.02370316224923409,
    0.020940216956378585,
    0.010480495490568448,
    0.08000076934425986,
    0.016006386076279463,
    0.01273447717684531,
    0.022072401305706594,
    0.053835885161165775,
    0.19746749234013555,
    0.014593752392714243,
    0.03180503190497581,
    0.07083942442584422,
    0.2452165882471159,
    0.08044741087656357,
    0.014936523801226393,
    0.48345310417543896,
    0.005608986684744265,
    0.009784565661164993,
    0.09566438401202719,
    0.01971454949563817,
    0.01173732398844633,
    0.08062399008700921,
    0.021854274045744318,
    0.17438755083365085,
    0.007603293061542224,
    0.026663460777293563,
    0.003355004998467402,
    0.03744517962685754,
    0.547821419889069,
    0.22838962819288308,
    0.39029199014678834,
    0.05580941751320542,
    0.02331884279120532,
    0.020877894882103648,
    0.007364391776821635,
    0.009878048772577398,
    0.07980341610905588
  ],