{
  "hour": 16,
  "dispatch": 0,
  "load": 1.038160455866242,
  "wind": 0.5245316137184745,
  "solar": 0.6668549275127222,
  "gen": [
    47,
    1,
    2,
    3,
    4,
    5,
    6,
    7,
    8,
    9,
    10,
    11,
    12,
    13,
    14,
    15,
    16,
    17,
    18,
    19,
    20,
    21,
    22,
    23,
    24,
    25,
    26,
    27,
    28,
    29,
    30,
    31,
    32,
    33,
    34,
    35,
    36,
    37,
    38,
    39,
    40,
    41,
    42,
    43,
    44,
    45,
    46,
    48,
    49
  ],
  "pg": [
    4.396453155154887,
    0.04507349481708912,
    0.04507349482014276,
    0.04507349481709047,
    0.04507349482014239,
    0.0902464948065412,
    0.4537198458664804,
    0.04676499495004911,
    0.04395574922960817,
    0.04395574922960817,
    0.04395574922960817,
    0.04395574922960817,
    0.04395574922960817,
    0.04395574922960817,
    0.0,
    0.023879994534316665,
    0.17909999451949607,
    0.17909999451409017,
    0.03183999444659552,
    0.04974999445400668,
    0.06268499445223623,
    0.17909999491109546,
    0.3545833708736887,
    0.8119749380361985,
    0.007343442592058643,
    0.7002497043141633,
    0.2602067927154642,
    0.2602067927154642,
    0.2602067927154642,
    0.8930521189250374,
    0.8930521189250374,
    0.4846672110758704,
    0.0108030498257061,
    0.15451028670469774,
    0.15451028670469774,
    0.15451028670469774,
    0.15451028670469774,
    1.3790699942537807,
    0.11939999442225104,
    0.2586999943973617,
    0.09352999442035387,
    0.0935299944262367,
    0.0935299944193342,
    0.09352999442050967,
    0.09352999442027596,
    0.17412499495337053,
    0.0,
    0.6716249942245578,
    0.6716249942245709
  ],
  "qg": [
    -0.406872006592737,
    0.008115284809259141,
    0.00967973583396822,
    0.008259980377688896,
    0.009635489734894248,
    0.013267914226482536,
    -0.11082735165089026,
    -0.00569788279567071,
    -0.034097633036818294,
    -0.03409785944479217,
    -0.03409762653061982,
    -0.03409793078121043,
    -0.034097930232408015,
    -0.03409762210340441,
    0.00292845885837925,
    0.0024745235996324858,
    0.01818530302124789,
    0.018194006778919088,
    -0.003580946793746584,
    -0.005494956196146521,
    -0.006995297080375336,
    -0.021999101224106053,
    0.017932414035807812,
    0.0518620471026712,
    0.0033836026681643857,
    0.23711718093969583,
    0.059602869546538685,
    0.16633708520761029,
    0.24165345637530178,
    0.24605058075588265,
    0.24167118200812202,
    0.03459830454156357,
    -0.005882028921299498,
    -0.07653810654867553,
    -0.03243066761100166,
    -0.07747043270800277,
    -0.07754391612623376,
    0.20445010912606684,
    -0.013299554441461706,
    -0.028899542795400527,
    -0.010399547811791006,
    -0.010399554482855667,
    -0.010399545729080235,
    -0.010399547817704058,
    -0.010399547809797455,
    0.013725731326880063,
    0.014151960999503997,
    0.012105309378688544,
    0.0625590550913555
  ],
  "pd": [
    0.07666814966572197,
    0.017596819726932802,
    0.08250261142769026,
    0.24642814740896987,
    0.4431076457728294,
    0.0031456261812747134,
    0.026203169906063948,
    0.4646598568366126,
    0.007412465654884968,
    0.007983453905611402,
    0.01175197636040586,
    0.04781767059719911,
    0.014648444032272674,
    0.024884706127113822,
    0.014046310967870256,
    0.024220283435359428,
    0.6134074869531277,
    0.005325763138593822,
    0.06684715175322734,
    0.21554287384694917,
    0.03708309148354217,
    0.3094444870800508,
    0.010641144672628982,
    0.06624501868882492,
    0.02123038132246465,
    0.3979788107563239,
    0.011077172064092804,
    0.09912356032610879,
    0.02165602710936981,
    0.009862524330729299,
    0.03321075298316108,
    0.06579860969280243,
    0.01602919743857478,
    0.01891528350588293,
    0.00463019563316344,
    0.023016017306554584,
    0.007827729837231465,
    0.005751408925498982,
    0.029265743250869364,
    0.010360841349545095,
    0.014440811941099427,
    0.019122915597056176,
    0.01008053802646121,
    0.03903483314057069,
    0.024324099480946052,
    0.015084471423736496,
    0.21339388170330606,
    0.08870042934921173,
    0.13352819783351608,
    0.03448769034387656,
    0.022829148424498662,
    0.025549128818868217,
    0.19476928312506567,
    0.03735301320206739,
    0.006145909898728153,
    0.00917733842985758,
    0.05702615384073268,
    0.02187404080510172,
    0.009291536080002867,
    0.023265175815962484,
    0.0389517803041014,
    0.05018467643657413,
    0.08563785600440632,
    0.5122283689244039,
    0.08903264069508893,
    0.023701203207426306,
    0.02294334607464395,
    0.5167547485119807,
    0.02182213278230841,
    0.009966340376315923,
    0.015364774746820383,
    0.007578571327823567,
    0.00819108599678465,
    0.030698404679964778,
    0.008741311038393759,
    0.007474755282236943,
    0.059870713489806195,
    0.12630260106068703,
    0.3881681944483879,
    0.005388052765945796,
    0.021365342181727264,
    0.5456571356032969,
    0.005502250416091083,
    0.04665493088662892,
    0.04562715203532134,
    0.016382171993569297,
    0.0371557627154528,
    0.11272346229795656,
    0.09151384418460923,
    0.3537947017546566,
    0.04087237714745395,
    0.00904237757059497,
    0.17319630885216517,
    0.01866612499647503,
    0.006374305199018726,
    0.0020140312843805095,
    0.15188287469323122,
    0.80191666252932,
    0.045679060058114646,
    0.31408506431777283,
    0.01573851251093223,
    0.016018815834016115,
    0.24812034895203183,
    0.012042661288048408,
    0.021728698341280446,
    0.05897789549776121,
    0.012042661288048408,
    0.08524335503117714,
    0.014773023286976624,
    0.3868289674603206,
    0.2779674620581863,
    0.09399504767412957,
    0.015603551651669618,
    0.1665313187255039,
    0.3324501227820467,
    0.15319095686762269,
    0.0930710848684086,
    0.014409667127423439,
    0.015022181796384523,
    0.47550863360041484,
    0.04306289570933172,
    0.03938780769556523,
    0.011191369714238088,
    0.023690821602867645,
    0.020929314790263442,
    0.010475038999690382,
    0.07995911831081796,
    0.01599805262489879,
    0.012727847188920128,
    0.022060909687157647,
    0.053807856427547325,
    0.19736468426473128,
    0.014586154404920702,
    0.031788473158624334,
    0.0708025430900777,
    0.24508892042090244,
    0.08040552730684045,
    0.014928747355356561,
    0.48320140257838373,
    0.005606066461677707,
    0.009779471494259999,
    0.0956145779852809,
    0.019704285452341274,
    0.011731213151288535,
    0.0805820145843377,
    0.021842895991425734,
    0.17429675893538338,
    0.007599334536940892,
    0.026649578902086433,
    0.0033532582724479618,
    0.03742568443397803,
    0.5475362060284148,
    0.2282707210358693,
    0.3900887912917404,
    0.05578036129369319,
    0.023306702234197136,
    0.020867025162911466,
    0.007360557632091656,
    0.009872905935287961,
    0.07976186782420337
  ],