{
  "hour": 17,
  "dispatch": 2,
  "load": 0.9348066552708144,
  "wind": 0.4907764837759778,
  "solar": 0.2401229196786089,
  "gen": [
    47,
    1,
    2,
    3,
    4,
    5,
    6,
    7,
    8,
    9,
    10,
    11,
    12,
    13,
    14,
    15,
    16,
    17,
    18,
    19,
    20,
    21,
    22,
    23,
    24,
    25,
    26,
    27,
    28,
    29,
    30,
    31,
    32,
    33,
    34,
    35,
    36,
    37,
    38,
    39,
    40,
    41,
    42,
    43,
    44,
    45,
    46,
    48,
    49
  ],
  "pg": [
    5.147738682972216,
    0.04507349544474871,
    0.045073495447463675,
    0.045073495444749145,
    0.04507349544746352,
    0.09024649543539255,
    0.4245216584662208,
    0.04676499556658527,
    0.04112706934042695,
    0.04112706934042695,
    0.04112706934042695,
    0.04112706934042695,
    0.04112706934042695,
    0.04112706934042695,
    0.0,
    0.023879995300978448,
    0.1790999952887482,
    0.17909999528406736,
    0.03183999512215859,
    0.04974999512820861,
    0.06268499512663732,
    0.1790999955307478,
    0.33176490303256095,
    0.7597219968852137,
    0.00687087077286369,
    0.6551866058409304,
    0.0936959632585932,
    0.0936959632585932,
    0.0936959632585932,
    0.32157261403359305,
    0.32157261403359305,
    0.45347747100900354,
    0.003889991298793464,
    0.05563648048953368,
    0.05563648048953368,
    0.05563648048953368,
    0.05563648048953368,
    1.3790699949867682,
    0.1193999950911082,
    0.25869999507142444,
    0.09352999509018664,
    0.09352999509477902,
    0.09352999508963528,
    0.0935299950903691,
    0.0935299950900954,
    0.1741249955948193,
    0.0,
    0.6716249949416422,
    0.6716249949416441
  ],
  "qg": [
    -0.42004631351627764,
    0.00642701155303731,
    0.007565955794100296,
    0.0065721298607271175,
    0.00752181140027482,
    0.011132610721843397,
    -0.15812525638272296,
    -0.005699038209882006,
    -0.03409899476563782,
    -0.03409903241830976,
    -0.034098991395793136,
    -0.034099047147544116,
    -0.03409904679482276,
    -0.03409898872113386,
    0.0023583931278141246,
    0.002218228327812276,
    0.015673662922949118,
    0.016233652607221517,
    -0.0035968442882565537,
    -0.0054977856650439165,
    -0.006997804342375092,
    -0.021999409944704923,
    0.02971950340795877,
    0.07585924551687771,
    0.003412684018999999,
    0.2533031108732097,
    0.04762682660113359,
    0.14272460352778565,
    0.2102177447521652,
    0.22754594850974638,
    0.2267421284448005,
    0.021807228671710966,
    -0.006171128832933681,
    -0.08850321569559352,
    -0.04152016469285078,
    -0.0886187067761802,
    -0.08862783001003034,
    0.18335253010834665,
    -0.013299703446053978,
    -0.028899699226716837,
    -0.010399700543750258,
    -0.010399703551886508,
    -0.010399699731352366,
    -0.010399700575420832,
    -0.010399700528534526,
    0.010616990656887738,
    0.006640130461125551,
    0.005249832003777347,
    0.05615701761554073
  ],
  "pd": [
    0.06903547149174964,
    0.015844972806840305,
    0.07428908489437162,
    0.2218950557616332,
    0.398994176602689,
    0.0028324641654705676,
    0.023594519979035354,
    0.4184007627661111,
    0.006674519518633615,
    0.007188663179032563,
    0.01058201133766562,
    0.04305719454177371,
    0.013190121905871191,
    0.022407315526841422,
    0.01264793404581412,
    0.0218090392674681,
    0.5523398603333134,
    0.004795558141539278,
    0.06019220053288774,
    0.1940845577673265,
    0.033391293726273495,
    0.27863781973657165,
    0.009581768216525849,
    0.059650012672830675,
    0.019116796100288155,
    0.3583581312980667,
    0.00997438701173959,
    0.08925533944525736,
    0.019500066828949187,
    0.008880663225072737,
    0.02990446490211335,
    0.05924804581106422,
    0.014433414757381375,
    0.017032177259034238,
    0.0041692376825078325,
    0.020724663547353955,
    0.007048442180741941,
    0.005178828870200313,
    0.026352199612084258,
    0.009329370419602728,
    0.013003160574817029,
    0.0172191385900884,
    0.009076972622679608,
    0.03514873023818261,
    0.02190251993299518,
    0.013582740701084933,
    0.1921495079909159,
    0.07986988062633839,
    0.12023483200093216,
    0.031054277088096455,
    0.02055639834940521,
    0.02300559178621474,
    0.17537907659535748,
    0.0336343434566439,
    0.005534055399203221,
    0.008263690832594,
    0.05134892957402584,
    0.019696376226556057,
    0.008366519564673788,
    0.02094901714461895,
    0.03507394570576095,
    0.045188553715791155,
    0.07711220099328948,
    0.46123360371061994,
    0.08016901875602504,
    0.021341635939832692,
    0.020659227081485,
    0.46530936072760054,
    0.019649635893792518,
    0.008974143890599818,
    0.013835138498008053,
    0.0068240885834769454,
    0.007375624510086727,
    0.027642232796357982,
    0.007871072037380258,
    0.006730607917949863,
    0.053910299809467876,
    0.11372857768024729,
    0.34952420840575754,
    0.004851646540855527,
    0.01923832096547336,
    0.49133437801034013,
    0.0049544752729353166,
    0.0420102110878704,
    0.0410847524991523,
    0.01475124902017345,
    0.03345673019214245,
    0.10150130662930502,
    0.08240320666212228,
    0.31857276004974083,
    0.036803338018011965,
    0.008142165967408794,
    0.15595379429882997,
    0.016807823661769243,
    0.0057397128633628,
    0.00181352491122538,
    0.13676221366612015,
    0.7220820527973879,
    0.041131492831915833,
    0.2828164054856322,
    0.014171668893905547,
    0.014424066690828666,
    0.22341879060972464,
    0.010843757201141446,
    0.019565503294818147,
    0.05310636608593497,
    0.010843757201141446,
    0.07675697446428657,
    0.013302298704503689,
    0.34831830782045825,
    0.2502944819487605,
    0.08463739456821955,
    0.01405014402872034,
    0.14995233557199134,
    0.2993531352173729,
    0.13794007005176137,
    0.08380541664502851,
    0.012975116375158904,
    0.013526652301768685,
    0.4281694923136911,
    0.03877578006063338,
    0.0354665645009747,
    0.01007721574381938,
    0.021332287873279985,
    0.018845702170259618,
    0.009432199151682518,
    0.07199880858895813,
    0.01440537055772325,
    0.011460729593620185,
    0.01986464142450481,
    0.04845102894268631,
    0.17771609323353452,
    0.013134033506554942,
    0.028623779784392338,
    0.06375381388946955,
    0.2206891551763339,
    0.07240077545072458,
    0.013442519702794312,
    0.4350964096292479,
    0.005047955938462398,
    0.008805878692651072,
    0.08609569295044202,
    0.017742630317040056,
    0.010563315204560202,
    0.07255969258212061,
    0.019668332026897935,
    0.15694468935341704,
    0.006842784716582361,
    0.023996486840801804,
    0.0030194254965247302,
    0.03369977992251286,
    0.4930263780563803,
    0.20554528736094665,
    0.3512536007180085,
    0.05022716158770086,
    0.020986409410829784,
    0.01878961377094337,
    0.006627779185870074,
    0.008890011291625444,
    0.07182119532445666
  ],