{
  "hour": 17,
  "dispatch": 1,
  "load": 0.9474962234385433,
  "wind": 0.39759551110646774,
  "solar": 0.2809496550054389,
  "gen": [
    47,
    1,
    2,
    3,
    4,
    5,
    6,
    7,
    8,
    9,
    10,
    11,
    12,
    13,
    14,
    15,
    16,
    17,
    18,
    19,
    20,
    21,
    22,
    23,
    24,
    25,
    26,
    27,
    28,
    29,
    30,
    31,
    32,
    33,
    34,
    35,
    36,
    37,
    38,
    39,
    40,
    41,
    42,
    43,
    44,
    45,
    46,
    48,
    49
  ],
  "pg": [
    5.693559427751687,
    0.045073495270456815,
    0.04507349527328326,
    0.04507349527045729,
    0.0450734952732831,
    0.09024649526073328,
    0.34392011710709464,
    0.04676499538497954,
    0.033318503830722004,
    0.033318503830722004,
    0.033318503830722004,
    0.033318503830722004,
    0.033318503830722004,
    0.033318503830722004,
    0.0,
    0.023879995103278498,
    0.17909999509057095,
    0.1790999950857028,
    0.03183999491326584,
    0.04974999491967964,
    0.06268499491804966,
    0.179099995345174,
    0.2687745655079722,
    0.6154778511928121,
    0.005566337155490549,
    0.5307900073271344,
    0.10962655538312224,
    0.10962655538312224,
    0.10962655538312224,
    0.37624777798328374,
    0.37624777798328374,
    0.3673782522623762,
    0.00455138441108811,
    0.0650960350647602,
    0.0650960350647602,
    0.0650960350647602,
    0.0650960350647602,
    1.3790699947765064,
    0.11939999488633378,
    0.25869999486616385,
    0.0935299948854622,
    0.09352999489016826,
    0.09352999488493198,
    0.09352999488565782,
    0.09352999488536437,
    0.17412499540773388,
    0.0,
    0.6716249947351013,
    0.6716249947351032
  ],
  "qg": [
    -0.3117265199302228,
    0.006363835069767015,
    0.00748491759858135,
    0.006509550684782046,
    0.007440600120778366,
    0.011064249725170344,
    -0.17278846634858275,
    -0.005699026128380047,
    -0.03409898452357953,
    -0.03409902073484517,
    -0.0340989809940399,
    -0.0340990351419487,
    -0.03409903477767208,
    -0.03409897818286713,
    0.002427780421137272,
    0.002250295465725315,
    0.015980778392427588,
    0.0164756052708393,
    -0.003595814694524596,
    -0.005497403458785931,
    -0.00699743768653973,
    -0.02199939632506612,
    0.03397386271820815,
    0.08114670931042073,
    0.003433035239356779,
    0.2542769813926246,
    0.04881342206304998,
    0.1456185620329957,
    0.21429364745164264,
    0.23003357294469415,
    0.22902741942667462,
    0.01654052726283449,
    -0.006096066120990402,
    -0.08632500834094864,
    -0.03962194218445693,
    -0.08651048588812635,
    -0.08652506053405437,
    0.18521363033103885,
    -0.01329969962639893,
    -0.02889969566575236,
    -0.010399696818565632,
    -0.010399699738522348,
    -0.010399696047079583,
    -0.010399696853100032,
    -0.010399696801926449,
    0.01107411063764397,
    0.007745084574865526,
    0.003689518169004835,
    0.05462891775721534
  ],
  "pd": [
    0.06997259610093642,
    0.016060060987283308,
    0.07529752487666104,
    0.22490717855760703,
    0.40441033808803906,
    0.0028709135570187862,
    0.02391480467958883,
    0.4240803596866232,
    0.006765123035351199,
    0.007286245958242398,
    0.01072565724932431,
    0.0436416760515793,
    0.013369171712717846,
    0.022711484475821886,
    0.012819623903123491,
    0.022105086892821216,
    0.5598376185808976,
    0.004860655626239727,
    0.06100928182720781,
    0.19671916591031036,
    0.03384456510122477,
    0.28242019932032664,
    0.009711836290245069,
    0.06045973401761345,
    0.01937629776931821,
    0.3632226772551656,
    0.010109784704089258,
    0.09046693941391211,
    0.019764771220928012,
    0.00900121412266616,
    0.030310404187798998,
    0.060052310641534885,
    0.01462934168989111,
    0.01726338119105026,
    0.004225833156535904,
    0.021005991273632504,
    0.007144121524726617,
    0.005249129077849531,
    0.026709918538732537,
    0.009456012309916662,
    0.013179672468030139,
    0.017452880435737967,
    0.009200188329588256,
    0.035625858001289215,
    0.02219983651516507,
    0.013767120126562034,
    0.1947578487277926,
    0.08095407733058914,
    0.12186696425866546,
    0.03147582454262841,
    0.020835441953413567,
    0.023317882058822553,
    0.1777597664793051,
    0.03409091411931879,
    0.005609177642756176,
    0.008375866615196724,
    0.05204596755347919,
    0.019963745427850108,
    0.008480091199774963,
    0.021233390367257757,
    0.03555005830341414,
    0.04580196744101917,
    0.07815896347144545,
    0.4674946366445774,
    0.08125727612208948,
    0.021631338781101943,
    0.02093966653799181,
    0.4716257201787693,
    0.01991637061667818,
    0.009095963745010016,
    0.014022944106890442,
    0.0069167224311013666,
    0.007475745202930108,
    0.028017463327077725,
    0.007977918201352536,
    0.006821972808757512,
    0.054642107205700806,
    0.11527239054353319,
    0.35426883794367137,
    0.00491750539964604,
    0.019499472278365224,
    0.4980040150392984,
    0.00502172998422428,
    0.04258048028132814,
    0.041642459020123986,
    0.014951490405860213,
    0.033910889836865465,
    0.10287913994095703,
    0.08352179209610759,
    0.32289723798562114,
    0.03730292631677545,
    0.008252692106149713,
    0.1580707949562522,
    0.017035982097425007,
    0.005817626811912655,
    0.0018381426734707742,
    0.1386186974890589,
    0.7318839828328685,
    0.0416898338312959,
    0.2866555074390969,
    0.014364042747328316,
    0.014619866727656724,
    0.22645159740181184,
    0.010990956191887101,
    0.019831095956568713,
    0.05382726045354365,
    0.010990956191887101,
    0.0777989149065388,
    0.01348287125953047,
    0.35304656781543575,
    0.25369211382567,
    0.08578630807012572,
    0.014240868238281306,
    0.15198786920177673,
    0.30341671563172473,
    0.13981254273059146,
    0.0849430364312654,
    0.013151247581326981,
    0.013710270353155722,
    0.433981695221556,
    0.03930214334823078,
    0.035948006717258334,
    0.010214009288667497,
    0.02162186381886756,
    0.019101523864521033,
    0.009560236894494901,
    0.0729761591292366,
    0.014600916803187952,
    0.011616303699356541,
    0.020134294748069048,
    0.0491087292608197,
    0.18012850703790148,
    0.013312321939311533,
    0.029012334361688197,
    0.06461924243850865,
    0.22368490842937133,
    0.07338358250531518,
    0.013624995693046253,
    0.4410026422372356,
    0.005116479606568134,
    0.008925414424791079,
    0.08726440217868986,
    0.01798347832086355,
    0.01070670732485554,
    0.07354465686329972,
    0.019935320541146953,
    0.15907514095309705,
    0.006935672355570137,
    0.024322228055667406,
    0.003060412801706495,
    0.034157238854959485,
    0.4997189832037222,
    0.2083354696096669,
    0.35602170595703264,
    0.05090897208535294,
    0.0212712902161953,
    0.01904467409111472,
    0.006717748224179272,
    0.009010689084900547,
    0.07279613484678328
  ],