{
  "hour": 17,
  "dispatch": 0,
  "load": 0.9601494320999855,
  "wind": 0.39382886659596444,
  "solar": 0.3477166971574134,
  "gen": [
    47,
    1,
    2,
    3,
    4,
    5,
    6,
    7,
    8,
    9,
    10,
    11,
    12,
    13,
    14,
    15,
    16,
    17,
    18,
    19,
    20,
    21,
    22,
    23,
    24,
    25,
    26,
    27,
    28,
    29,
    30,
    31,
    32,
    33,
    34,
    35,
    36,
    37,
    38,
    39,
    40,
    41,
    42,
    43,
    44,
    45,
    46,
    48,
    49
  ],
  "pg": [
    5.574933400195254,
    0.04507349573433675,
    0.04507349573688121,
    0.04507349573433715,
    0.04507349573688106,
    0.09024649572557873,
    0.34066196960550926,
    0.04676499583596169,
    0.03300285902074183,
    0.03300285902074183,
    0.03300285902074183,
    0.03300285902074183,
    0.03300285902074183,
    0.03300285902074183,
    0.0,
    0.023879995566424384,
    0.17909999555484787,
    0.179099995550441,
    0.03183999541061038,
    0.049749995416440734,
    0.06268499541497091,
    0.17909999580016475,
    0.26622831381887196,
    0.609647085490553,
    0.0055136041323435026,
    0.5257615369056126,
    0.1356790552308227,
    0.1356790552308227,
    0.1356790552308227,
    0.46566220083320803,
    0.46566220083320803,
    0.3638978727346711,
    0.005633010493950096,
    0.08056595873137268,
    0.08056595873137268,
    0.08056595873137268,
    0.08056595873137268,
    1.3790699952810725,
    0.11939999538779428,
    0.25869999536918103,
    0.09352999538686721,
    0.09352999539122239,
    0.09352999538632358,
    0.09352999538703509,
    0.09352999538678325,
    0.1741249958517566,
    0.0,
    0.6716249952480038,
    0.6716249952480056
  ],
  "qg": [
    -0.3119019240422217,
    0.006586467476948191,
    0.007763953981098326,
    0.006732114503448971,
    0.007719626539459692,
    0.01134493878542047,
    -0.16516300142631868,
    -0.005699048153063841,
    -0.03409900244321604,
    -0.03409904196726279,
    -0.03409899901597137,
    -0.03409905731913952,
    -0.03409905696533084,
    -0.03409899628810903,
    0.002487550451903854,
    0.002277729075715216,
    0.01624652654016847,
    0.01668290599297691,
    -0.003595757459593738,
    -0.005497508352888713,
    -0.006997544363474922,
    -0.021999430362739394,
    0.03035060467909355,
    0.07314247462844461,
    0.0034226003388280234,
    0.24663627605343266,
    0.04991230868827695,
    0.14754765175093382,
    0.21676730896723892,
    0.2271122970828483,
    0.22572502239134426,
    0.01615634926390369,
    -0.0061081974180650644,
    -0.08533328552792303,
    -0.03864119955978647,
    -0.08560249595422631,
    -0.08562358245496605,
    0.18796919035123633,
    -0.013299715537760558,
    -0.028899711282178803,
    -0.010399712670239392,
    -0.01039971563787977,
    -0.010399711857676672,
    -0.010399712699113614,
    -0.010399712656394715,
    0.01133506406936451,
    0.008383235498293753,
    0.004538360227225269,
    0.055420296018464967
  ],
  "pd": [
    0.07090703556058393,
    0.016274532874094753,
    0.07630307536898584,
    0.22791067069757356,
    0.4098109806089158,
    0.002909252779262956,
    0.024234171666203633,
    0.42974368281931147,
    0.006855466945193896,
    0.007383549132848888,
    0.010868891571371836,
    0.04422448284252533,
    0.013547708486930795,
    0.023014781887436653,
    0.012990821816312803,
    0.022400286250892663,
    0.5673138934505974,
    0.004925566586672926,
    0.06182402193291807,
    0.199346225092599,
    0.03429653771461148,
    0.2861917412260427,
    0.00984153167902485,
    0.06126713526230008,
    0.019635055886444704,
    0.3680732847955295,
    0.010244794440506846,
    0.09167506777690661,
    0.0200287171536057,
    0.009121419604949861,
    0.030715180332878532,
    0.06085427100649709,
    0.014824707231623777,
    0.017493922652861735,
    0.004282266467165936,
    0.021286512909656677,
    0.007239526718033891,
    0.00531922785383392,
    0.02706661249089859,
    0.009582291332357855,
    0.013355678600510798,
    0.01768595253928173,
    0.009323050985690858,
    0.03610161864695944,
    0.02249630119410266,
    0.013950971248412788,
    0.19735871576815203,
    0.08203516747862276,
    0.12349441995670014,
    0.03189616413436152,
    0.02111368601187868,
    0.023629277523980644,
    0.18013363495627827,
    0.03454617656695748,
    0.005684084638031914,
    0.008487720979763873,
    0.05274100830525221,
    0.020230348534346694,
    0.00859333741729487,
    0.021516948773360675,
    0.036024806692391456,
    0.046413623547713286,
    0.07920272665392782,
    0.47373772979813294,
    0.08234241529689476,
    0.02192021153484267,
    0.021219302449409682,
    0.47792398132208874,
    0.020182341062741697,
    0.00921743454815986,
    0.014210211595079786,
    0.007009090854329894,
    0.007575579019268887,
    0.02839161870719657,
    0.008084458218281878,
    0.006913075911119895,
    0.05537181774920617,
    0.11681177990928424,
    0.3589998726621846,
    0.004983175552598925,
    0.019759875312617702,
    0.5046545415117525,
    0.005088791990129923,
    0.04314911547857335,
    0.04219856754079437,
    0.01515115803853777,
    0.03436374817485848,
    0.10425302533741643,
    0.08463717243961372,
    0.32720932496535404,
    0.03780108314177643,
    0.008362901553590874,
    0.1601817297572406,
    0.017263486789157737,
    0.005895317513093911,
    0.001862689898273972,
    0.1404698619162279,
    0.7416578273313128,
    0.04224657501239936,
    0.2904836091875296,
    0.01455586539063578,
    0.014815105737302775,
    0.22947571427189653,
    0.01113773341235983,
    0.020095927613852697,
    0.054546089237600175,
    0.01113773341235983,
    0.0788378698697298,
    0.013662926418782794,
    0.3577612798947757,
    0.2570800104447711,
    0.0869319295823327,
    0.014431045964462782,
    0.15401757040315867,
    0.30746865264137835,
    0.14167965020067386,
    0.0860773965877637,
    0.013326874117547799,
    0.01389336228248679,
    0.43977724438475635,
    0.0398269984435074,
    0.03642806945387345,
    0.010350410878037843,
    0.02191061004052167,
    0.01935661255113571,
    0.009687907769888853,
    0.07395070926034089,
    0.014795902748660777,
    0.011771432037545822,
    0.020403175432124693,
    0.04976454506574225,
    0.18253400853652824,
    0.013490099521004797,
    0.029399775610901558,
    0.065482191269219,
    0.22667207793016458,
    0.07436357351614388,
    0.013806948833597791,
    0.44689195167661727,
    0.005184806933339922,
    0.009044607650381863,
    0.08842976269640868,
    0.018223636221257725,
    0.010849688582729835,
    0.07452679891960087,
    0.020201544051383694,
    0.16119948815526658,
    0.007028293842971894,
    0.024647035922006625,
    0.003101282665682953,
    0.03461338702720448,
    0.5063924119838534,
    0.2111176571301448,
    0.3607761491115695,
    0.05158882898673222,
    0.021555354750644674,
    0.01929900358520971,
    0.006807459473588897,
    0.009131021099270862,
    0.07376828086824189
  ],