{
  "hour": 18,
  "dispatch": 2,
  "load": 0.925133034007651,
  "wind": 0.5060602976662179,
  "solar": 0.09062504563827001,
  "gen": [
    47,
    1,
    2,
    3,
    4,
    5,
    6,
    7,
    8,
    9,
    10,
    11,
    12,
    13,
    14,
    15,
    16,
    17,
    18,
    19,
    20,
    21,
    22,
    23,
    24,
    25,
    26,
    27,
    28,
    29,
    30,
    31,
    32,
    33,
    34,
    35,
    36,
    37,
    38,
    39,
    40,
    41,
    42,
    43,
    44,
    45,
    46,
    48,
    49
  ],
  "pg": [
    5.659518142392994,
    0.04507349433549369,
    0.04507349433888711,
    0.04507349433549442,
    0.045073494338886876,
    0.09024649432381854,
    0.4377421574812784,
    0.04676499449262062,
    0.042407852944429066,
    0.042407852944429066,
    0.042407852944429066,
    0.042407852944429066,
    0.042407852944429066,
    0.042407852944429066,
    0.0,
    0.023879994215012957,
    0.17909999420019396,
    0.17909999419444805,
    0.03183999393582425,
    0.049749993943255875,
    0.06268499394130378,
    0.17909999444718905,
    0.34209676122236327,
    0.7833813407873051,
    0.0070848441673270505,
    0.6755904973844008,
    0.03536189280805296,
    0.03536189280805296,
    0.03536189280805296,
    0.12136506111877118,
    0.12136506111877118,
    0.46759971504358533,
    0.001468125739339974,
    0.020997823074387155,
    0.020997823074387155,
    0.020997823074387155,
    0.020997823074387155,
    1.3790699937966338,
    0.11939999389472902,
    0.2586999938720754,
    0.09352999389418332,
    0.09352999389942009,
    0.09352999389377761,
    0.09352999389444687,
    0.09352999389405152,
    0.17412499454602368,
    0.0,
    0.671624993720496,
    0.6716249937204989
  ],
  "qg": [
    -0.38101660417992345,
    0.006161545169206003,
    0.007231588737717533,
    0.006307180175361078,
    0.007187326646343294,
    0.010807053590909827,
    -0.1805946743272611,
    -0.005699021550520088,
    -0.0340989888149642,
    -0.034099017602873885,
    -0.034098985309731634,
    -0.03409902963996029,
    -0.034099029273760524,
    -0.03409898252113643,
    0.0023657660159725423,
    0.0022220451660716154,
    0.015704135565167986,
    0.01626166695743335,
    -0.003596400624499965,
    -0.005497463051637994,
    -0.006997484544954893,
    -0.021999349493694705,
    0.04569602835008545,
    0.11122809528994625,
    0.003473953308999484,
    0.2923236706428359,
    0.04818812313356178,
    0.14614220636093472,
    0.21569283675200845,
    0.2576003298951205,
    0.2571815515574951,
    0.030387704745707175,
    -0.006047348223230699,
    -0.08675885492675776,
    -0.04059628114400644,
    -0.08685512656163287,
    -0.0868627590953794,
    0.1804562839683369,
    -0.013299681447216452,
    -0.028899678495630424,
    -0.010399678999215652,
    -0.010399681586627801,
    -0.010399678386645577,
    -0.010399679045659643,
    -0.010399678976660847,
    0.01117152365999608,
    0.00792174597490776,
    0.004401805643720846,
    0.055389377139987026
  ],
  "pd": [
    0.06832107456146502,
    0.015681004926429685,
    0.07352032221258803,
    0.21959882828239613,
    0.3948652815751456,
    0.0028031530930431826,
    0.02335035777835311,
    0.4140710433611444,
    0.006605449862814628,
    0.007114273031518836,
    0.01047250594496661,
    0.0426116275463924,
    0.013053627109847955,
    0.022175438825163395,
    0.012517049950123519,
    0.021583353683398497,
    0.5466241044737606,
    0.004745932464459249,
    0.05956931605975265,
    0.1920761205206685,
    0.0330457519747533,
    0.2757544034466605,
    0.009482613598578424,
    0.05903273890002821,
    0.01891897054545646,
    0.354649748586833,
    0.009871169472861636,
    0.08833170208705052,
    0.0192982750893996,
    0.008788763823072684,
    0.029595005757904753,
    0.05863493169540493,
    0.014284054045078131,
    0.0168559238796194,
    0.004126093331674124,
    0.02051019936394962,
    0.006975503076417688,
    0.005125237008402387,
    0.02607950022867568,
    0.009232827679396356,
    0.012868600503046427,
    0.01704095048642093,
    0.008983041760214291,
    0.03478500207868767,
    0.021675866986799262,
    0.01344218298413117,
    0.19016109514027268,
    0.0790433664256137,
    0.11899061083406408,
    0.030732919389734166,
    0.020343675417828246,
    0.022767523966928292,
    0.1735642085101754,
    0.03328628656359528,
    0.005476787561325294,
    0.008178176020627636,
    0.05081755755804027,
    0.019492553026541206,
    0.008279940654368476,
    0.02073223129211146,
    0.034710991435967065,
    0.044720930863929836,
    0.07631422397529114,
    0.4564606389793751,
    0.07933940899649615,
    0.02112078716639467,
    0.020445440051569088,
    0.46049421900764836,
    0.019446296374840823,
    0.00888127712647345,
    0.013691968903313236,
    0.0067534711482558525,
    0.0072992996383203675,
    0.027356183815606238,
    0.0077896201463444215,
    0.006660957844855087,
    0.05335242207122125,
    0.11255168491737083,
    0.3459072414154607,
    0.004801440446499709,
    0.01903923783987746,
    0.4862499226744214,
    0.00490320508024055,
    0.04157547854830384,
    0.04065959684463626,
    0.014598599276640731,
    0.03311051128713383,
    0.10045094483255074,
    0.08155047694777443,
    0.3152760866594674,
    0.03642248754888122,
    0.00805790872620664,
    0.15433994406349644,
    0.016633891951457563,
    0.0056803168288069765,
    0.0017947580859748432,
    0.13534696287531936,
    0.71460976078887,
    0.040705853496336646,
    0.27988974810867473,
    0.014025016795555989,
    0.014274802714738055,
    0.22110679512782858,
    0.010731543194488751,
    0.019363034401780135,
    0.05255680766197465,
    0.010731543194488751,
    0.07596267342236823,
    0.013164643073928874,
    0.34471381980159094,
    0.24770436985554856,
    0.08376154489905273,
    0.013904749501134994,
    0.1484005899851673,
    0.2962553514802701,
    0.13651263049816897,
    0.0829381764987859,
    0.012840846512026195,
    0.01338667500209071,
    0.4237386835665244,
    0.03837451825063737,
    0.03509954731025028,
    0.009972934106602478,
    0.021111535836054598,
    0.018650681965594246,
    0.0093345923131372,
    0.07125374627926928,
    0.014256300054057902,
    0.011342130996933802,
    0.019659076972662587,
    0.04794964515261655,
    0.17587704109519453,
    0.012998119127807496,
    0.028327573501314277,
    0.0630940729193218,
    0.21840540666852626,
    0.07165155348389257,
    0.013303413029030021,
    0.4305939193485211,
    0.0049957183836413155,
    0.008714753180352072,
    0.08520475243210467,
    0.017559024985465216,
    0.010454003284286455,
    0.07180882609967387,
    0.019464799035520976,
    0.15532058507954455,
    0.0067719738089360056,
    0.0237481649829764,
    0.0029881796998447127,
    0.033351045875975815,
    0.48792441346597526,
    0.2034182515176023,
    0.34761873752837485,
    0.04970739791723109,
    0.020769236613471766,
    0.018595173983553787,
    0.0065591932111142455,
    0.008798015153412761,
    0.07107797100280783
  ],