{
  "hour": 19,
  "dispatch": 3,
  "load": 0.8178930227773478,
  "wind": 0.39201250093725887,
  "solar": 0.0025752413703033334,
  "gen": [
    47,
    1,
    2,
    3,
    4,
    5,
    6,
    7,
    8,
    9,
    10,
    11,
    12,
    13,
    14,
    15,
    16,
    17,
    18,
    19,
    20,
    21,
    22,
    23,
    24,
    25,
    26,
    27,
    28,
    29,
    30,
    31,
    32,
    33,
    34,
    35,
    36,
    37,
    38,
    39,
    40,
    41,
    42,
    43,
    44,
    45,
    46,
    48,
    49
  ],
  "pg": [
    5.147080689180913,
    0.0450734943193535,
    0.04507349432277383,
    0.045073494319353834,
    0.045073494322773765,
    0.0902464943075779,
    0.3390908133107289,
    0.04676499446404856,
    0.0328506475785423,
    0.0328506475785423,
    0.0328506475785423,
    0.0328506475785423,
    0.0328506475785423,
    0.0328506475785423,
    0.0,
    0.023879994183448786,
    0.17909999416846784,
    0.1790999941626213,
    0.03183999391439464,
    0.049749993921349024,
    0.06268499391935212,
    0.17909999441865454,
    0.26500045063358696,
    0.6068353514508767,
    0.005488175013121624,
    0.5233366887512406,
    0.0010048591826923607,
    0.0010048591826923607,
    0.0010048591826923607,
    0.003448763243110224,
    0.003448763243110224,
    0.3622195508660272,
    4.1718910198914e-05,
    0.0005966834254992823,
    0.0005966834254992823,
    0.0005966834254992823,
    0.0005966834254992823,
    1.3790699937382644,
    0.11939999386491185,
    0.2586999938416732,
    0.09352999386425025,
    0.09352999386961822,
    0.09352999386378306,
    0.09352999386450761,
    0.09352999386412156,
    0.1741249945000782,
    0.0,
    0.671624993695762,
    0.6716249936957648
  ],
  "qg": [
    -0.4666880052603378,
    0.004561350559184063,
    0.005230879167599728,
    0.004706724503498279,
    0.005186854772761979,
    0.008765543988761811,
    -0.19330192530028942,
    -0.005699128258343821,
    -0.034099102910730324,
    -0.03409912411249759,
    -0.03409909963247763,
    -0.034099133522463486,
    -0.034099133182542464,
    -0.034099097007924385,
    0.0016821921348634855,
    0.001904139155466372,
    0.012663235457646062,
    0.013864225345618158,
    -0.0035978858404406124,
    -0.00549818540922373,
    -0.006998188398295847,
    -0.02199939457160298,
    0.01218582341660285,
    0.0337824923929565,
    0.003272667684186934,
    0.20757787677853368,
    0.03824754239466984,
    0.11614483889197218,
    0.17156080400614868,
    0.19669123916926318,
    0.19648856627043076,
    -0.006375563508878379,
    -0.006536543224735757,
    -0.094040251409829,
    -0.07241627467824424,
    -0.09404063647875359,
    -0.09404067078396423,
    0.156511833470517,
    -0.013299670868705482,
    -0.02889966749962596,
    -0.010399668290823774,
    -0.010399671044068753,
    -0.0103996676269719,
    -0.010399668338651706,
    -0.010399668267572873,
    0.0037070253681564984,
    -0.009835566105012591,
    -0.006506893730356401,
    0.044938949024434995
  ],
  "pd": [
    0.06040139973210713,
    0.013863286736076045,
    0.06499795852011582,
    0.19414326681665903,
    0.3490930999818276,
    0.002478215859015364,
    0.020643619894900257,
    0.3660725591346853,
    0.005839756182630263,
    0.006289597345157804,
    0.009258549017839577,
    0.037672152629124635,
    0.011540470551388377,
    0.019604895755973028,
    0.011066092598177516,
    0.019081444221395523,
    0.48326027143822364,
    0.004195791206847794,
    0.052664131736633424,
    0.16981094938903293,
    0.029215138773606864,
    0.24378937329924405,
    0.008383403483467815,
    0.05218975378342257,
    0.016725912315796763,
    0.3135392902816963,
    0.0087269185530343,
    0.07809242581478117,
    0.017061248455135476,
    0.007769983716384803,
    0.026164397798647352,
    0.05183805978362831,
    0.01262826827168225,
    0.014902010875003277,
    0.0036478028815869713,
    0.018132688314973798,
    0.006166913391741202,
    0.004531127346186507,
    0.023056404312093434,
    0.00816257236731793,
    0.011376891946832907,
    0.015065589479558744,
    0.007941741251168047,
    0.030752777656428264,
    0.01916323352367326,
    0.011883985620954862,
    0.16811791083188385,
    0.0698807798660966,
    0.10519740058962249,
    0.027170406216663494,
    0.017985467570873877,
    0.02012834729055053,
    0.15344491000325822,
    0.029427790959528972,
    0.004841926694841898,
    0.007230174321351755,
    0.04492686374115972,
    0.017233005989918716,
    0.007320142553857262,
    0.018328982640440365,
    0.030687346214606087,
    0.03953694872105698,
    0.06746799544890342,
    0.40354841743834347,
    0.07014250563338535,
    0.018672497710006848,
    0.018075435803379388,
    0.4071144310176526,
    0.01719211133877985,
    0.007851773018662538,
    0.012104816737104748,
    0.0059706190662746385,
    0.006453175949713275,
    0.024185096683526173,
    0.006886659251785269,
    0.005888829763996904,
    0.04716789062356966,
    0.09950486515109214,
    0.30581020121645036,
    0.004244864788214435,
    0.01683223840875782,
    0.42988457277177405,
    0.004334833020719943,
    0.03675611244361401,
    0.03594639835106444,
    0.012906351899426547,
    0.029272391285201278,
    0.08880682441316441,
    0.0720972699578232,
    0.2787297632322923,
    0.032200448306744185,
    0.0071238482283907,
    0.13644909298994493,
    0.014705716549536712,
    0.005021863159852915,
    0.0015867124641880549,
    0.11965774923232599,
    0.6317732865141346,
    0.0359872930022033,
    0.24744535511105878,
    0.012399258225304592,
    0.012620089341454475,
    0.1954764324437861,
    0.009487559064217234,
    0.01711850096672989,
    0.04646450262398113,
    0.009487559064217234,
    0.06715719610024802,
    0.011638617714121658,
    0.30475511921706766,
    0.21899085684863487,
    0.07405203428226108,
    0.012292932132343537,
    0.13119821978371435,
    0.2619138826839901,
    0.12068829444102544,
    0.07332410949198923,
    0.011352355156149588,
    0.011834912039588223,
    0.3746195412227086,
    0.03392620258480439,
    0.031030861284172574,
    0.008816886785539808,
    0.018664318779779077,
    0.01648872333919133,
    0.008252540599823438,
    0.06299412061431132,
    0.01260373148099893,
    0.010027368459250284,
    0.01738022673401864,
    0.042391395370549936,
    0.1554896425602016,
    0.011491396970021736,
    0.02504388435744239,
    0.05578030415341512,
    0.19308818481727627,
    0.06334581461410559,
    0.01176130166753826,
    0.38068012852148875,
    0.004416622322997678,
    0.007704552274562616,
    0.07532794739779375,
    0.015523609572314061,
    0.00924219115738403,
    0.06348485642797773,
    0.017208469199235396,
    0.13731605959408894,
    0.005986976926730185,
    0.020995313894694514,
    0.002641794463570833,
    0.029485043471123386,
    0.43136495914300105,
    0.17983831784828322,
    0.3073233033085884,
    0.04394539211382689,
    0.01836169836135146,
    0.01643964975782469,
    0.005798861531491396,
    0.007778162646612577,
    0.06283872093998362
  ],