{
  "hour": 1,
  "dispatch": 0,
  "load": 0.8197868265234666,
  "wind": 0.5563809550535944,
  "solar": 0.0005143873759611111,
  "gen": [
    47,
    1,
    2,
    3,
    4,
    5,
    6,
    7,
    8,
    9,
    10,
    11,
    12,
    13,
    14,
    15,
    16,
    17,
    18,
    19,
    20,
    21,
    22,
    23,
    24,
    25,
    26,
    27,
    28,
    29,
    30,
    31,
    32,
    33,
    34,
    35,
    36,
    37,
    38,
    39,
    40,
    41,
    42,
    43,
    44,
    45,
    46,
    48,
    49
  ],
  "pg": [
    4.2070623899389945,
    0.04507349979963749,
    0.045073499799757694,
    0.04507349979963749,
    0.045073499799757694,
    0.09024649979922214,
    0.48126952612135915,
    0.04676499980556782,
    0.04662472403349122,
    0.04662472403349122,
    0.04662472403349122,
    0.04662472403349122,
    0.04662472403349122,
    0.04662472403349122,
    0.0,
    0.02387999979550853,
    0.17909999979497612,
    0.17909999979476962,
    0.031839999786884475,
    0.049749999787108694,
    0.06268499978703743,
    0.17909999980416164,
    0.3761135256162298,
    0.8612777184229643,
    0.007789333370750322,
    0.7427685749965485,
    0.00020071395410002556,
    0.00020071395410002556,
    0.00020071395410002556,
    0.00068886757388712,
    0.00068886757388712,
    0.5140960024695213,
    8.33307549057e-06,
    0.00011918355501018946,
    0.00011918355501018946,
    0.00011918355501018946,
    0.00011918355501018946,
    1.3790699997802744,
    0.11939999978484363,
    0.258699999784007,
    0.09352999978481488,
    0.09352999978500813,
    0.09352999978479568,
    0.09352999978482356,
    0.09352999978481052,
    0.1741249998071767,
    0.0,
    0.671624999778438,
    0.671624999778438
  ],
  "qg": [
    -0.4666998800942996,
    0.005029962323295302,
    0.005819937082193663,
    0.005175002341882063,
    0.005775950852368594,
    0.009350436128822961,
    -0.16563092879578936,
    -0.005699969215270269,
    -0.03409996826885057,
    -0.03409996903230357,
    -0.03409996815605943,
    -0.034099969367115346,
    -0.034099969355155815,
    -0.03409996806586635,
    0.0016984701935267292,
    0.0019168324542811707,
    0.01278335030685584,
    0.013968745231119184,
    -0.0035999468500575145,
    -0.005499951665752614,
    -0.006999951672260105,
    -0.021999978754539476,
    -0.015175374949614134,
    -0.01788411845679501,
    0.0033010879080207813,
    0.19002505783164098,
    0.038266538942069675,
    0.11620571191929135,
    0.17164985169587801,
    0.19449009094228098,
    0.19429061486605217,
    0.0004635908237360303,
    -0.006599743731444116,
    -0.09419965037537086,
    -0.08413048762813118,
    -0.09419964933611141,
    -0.09419964925471441,
    0.1537710701288724,
    -0.013299988000889676,
    -0.028899987861865085,
    -0.01039998790161632,
    -0.010399988007764776,
    -0.010399987875065348,
    -0.010399987903270085,
    -0.010399987900813043,
    0.0024737869093422065,
    -0.012813944851873484,
    -0.008197110665970734,
    0.043286877428714926
  ],
  "pd": [
    0.060541257138758006,
    0.013895386709572759,
    0.06514845910381989,
    0.19459279901187526,
    0.349901413296746,
    0.002483954084366104,
    0.020691419501452295,
    0.36692018781537317,
    0.005853277941377551,
    0.006304160695965458,
    0.009279986876245643,
    0.03775938122967087,
    0.011567192122246113,
    0.019650290231767495,
    0.011091715762862503,
    0.019125626662792477,
    0.4843792443196554,
    0.004205506420065384,
    0.052786073759846015,
    0.17020414092280212,
    0.029282785443418228,
    0.24435385938184967,
    0.008402814971865532,
    0.05231059740046241,
    0.01676464060240489,
    0.3142652799477709,
    0.008747125439005389,
    0.07827324619646059,
    0.017100753201279514,
    0.007787974851972932,
    0.026224980580485693,
    0.05195808906505731,
    0.012657508601522325,
    0.014936515979257561,
    0.003656249246294661,
    0.018174673944025253,
    0.006181192671986938,
    0.004541619018940005,
    0.023109790639696523,
    0.008181472528704195,
    0.011403234756941421,
    0.015100473344562253,
    0.00796013008554286,
    0.030823984677282333,
    0.01920760534544482,
    0.01191150258938597,
    0.16850718219189856,
    0.07004258645816498,
    0.10544098162744828,
    0.02723331837710956,
    0.018027112315251028,
    0.020174953800742513,
    0.15380020652406756,
    0.029495930018314326,
    0.004853138013018922,
    0.007246915546467445,
    0.045030890380934024,
    0.017272908434849438,
    0.007337092097385025,
    0.018371422782390887,
    0.030758401731160463,
    0.03962849519414437,
    0.06762421531992076,
    0.40448282020667853,
    0.07030491824265249,
    0.01871573324953074,
    0.01811728886616861,
    0.4080570907703207,
    0.017231919093523267,
    0.007869953534625279,
    0.012132845032547307,
    0.005984443833621306,
    0.006468118061270152,
    0.024241096460298907,
    0.006902605079327589,
    0.0059024651509689595,
    0.04727710628560833,
    0.09973526531484495,
    0.30651829443712414,
    0.0042546936296567915,
    0.01687121288985294,
    0.4308799560207341,
    0.004344870180574373,
    0.03684121998396459,
    0.03602963102570636,
    0.012936236122540301,
    0.02934017052127487,
    0.08901245362391799,
    0.07226420875804357,
    0.27937515261093215,
    0.03227500736022888,
    0.007140343259019395,
    0.13676503626890993,
    0.01473976714089193,
    0.005033491114854085,
    0.0015903864434555252,
    0.11993481272038317,
    0.6332361362797865,
    0.03607062036703253,
    0.24801830649640955,
    0.012427968290095752,
    0.01264931073325709,
    0.1959290515391085,
    0.009509527187672211,
    0.017158138279136155,
    0.04657208961479813,
    0.009509527187672211,
    0.06731269632584184,
    0.011665566541428928,
    0.30546076943090894,
    0.21949792280165817,
    0.07422349927343468,
    0.012321396002647703,
    0.13150200484262928,
    0.2625203354576097,
    0.12096774412180272,
    0.07349388899782877,
    0.011378641152145716,
    0.011862315379794562,
    0.3754869601525434,
    0.0340047575641934,
    0.03110271219830032,
    0.008837301989922969,
    0.018707535381265506,
    0.016526902422713086,
    0.008271649079621777,
    0.0631399813788374,
    0.01263291499672662,
    0.0100505864931777,
    0.017420470063623666,
    0.04248955121871127,
    0.15584967359037624,
    0.011518004912654705,
    0.025101872628148548,
    0.05590946156890042,
    0.19353527400566,
    0.06349248971424248,
    0.01178853456540745,
    0.3815615805370823,
    0.00442684886322672,
    0.007722391905851055,
    0.07550236672281128,
    0.015559553967415396,
    0.009263591139715172,
    0.06363185347475148,
    0.017248314830053735,
    0.1376340103050248,
    0.006000839570151776,
    0.021043927836857386,
    0.002647911449670797,
    0.029553315096170967,
    0.43236377017674155,
    0.1802547274159798,
    0.30803490006619255,
    0.04404714618910586,
    0.018404214255451825,
    0.016477715213121677,
    0.005812288600051378,
    0.0077961727202381665,
    0.06298422188179793
  ],