{
  "hour": 1,
  "dispatch": 1,
  "load": 0.8236817396542057,
  "wind": 0.5815465997606434,
  "solar": 0.00048148195783,
  "gen": [
    47,
    1,
    2,
    3,
    4,
    5,
    6,
    7,
    8,
    9,
    10,
    11,
    12,
    13,
    14,
    15,
    16,
    17,
    18,
    19,
    20,
    21,
    22,
    23,
    24,
    25,
    26,
    27,
    28,
    29,
    30,
    31,
    32,
    33,
    34,
    35,
    36,
    37,
    38,
    39,
    40,
    41,
    42,
    43,
    44,
    45,
    46,
    48,
    49
  ],
  "pg": [
    4.1169469585521155,
    0.04507349982029056,
    0.0450734998203983,
    0.04507349982029056,
    0.0450734998203983,
    0.09024649981991814,
    0.5030378087929566,
    0.04676499982572044,
    0.048733605059941926,
    0.048733605059941926,
    0.048733605059941926,
    0.048733605059941926,
    0.048733605059941926,
    0.048733605059941926,
    0.0,
    0.023879999816715302,
    0.17909999981623773,
    0.17909999981605262,
    0.03183999980902937,
    0.04974999980922911,
    0.0626849998091652,
    0.17909999982448033,
    0.3931255014381949,
    0.900234136429476,
    0.008141652396649008,
    0.776364710680459,
    0.000187874259945266,
    0.000187874259945266,
    0.000187874259945266,
    0.0006448006379259359,
    0.0006448006379259359,
    0.5373490581788345,
    7.800007716846e-06,
    0.00011155936962921098,
    0.00011155936962921098,
    0.00011155936962921098,
    0.00011155936962921098,
    1.379069999803117,
    0.11939999980717365,
    0.25869999980642316,
    0.09352999980714781,
    0.09352999980732113,
    0.09352999980713056,
    0.09352999980715557,
    0.09352999980714392,
    0.1741249998272333,
    0.0,
    0.6716249998013807,
    0.6716249998013807
  ],
  "qg": [
    -0.4666998981306535,
    0.00515997188575601,
    0.005982800754241105,
    0.0053049492925677484,
    0.005938820630049869,
    0.009514501629259958,
    -0.16152073016392626,
    -0.005699972305363642,
    -0.034099971445854325,
    -0.03409997213885963,
    -0.03409997134507991,
    -0.03409997244151673,
    -0.03409997243079702,
    -0.03409997126455756,
    0.0017255253324344473,
    0.00192962659781818,
    0.012904404634435098,
    0.014064862858721168,
    -0.0035999532360009873,
    -0.005499957390611173,
    -0.006999957395724651,
    -0.021999980916855667,
    -0.016045607956508914,
    -0.01838603874498355,
    0.0033078211202745484,
    0.19298099370703167,
    0.038647821493585456,
    0.11736720641381419,
    0.17336227514506805,
    0.19716157452338906,
    0.19695666379720886,
    0.003695717623861829,
    -0.006599770352671413,
    -0.09419968650977603,
    -0.08375678043817554,
    -0.09419968557327912,
    -0.0941996854997353,
    0.15444406686830978,
    -0.013299989237874272,
    -0.028899989112847344,
    -0.010399989148703522,
    -0.010399989244039716,
    -0.010399989124836986,
    -0.01039998915018444,
    -0.010399989147984233,
    0.0026826747490231785,
    -0.012322579305556781,
    -0.007835987736729026,
    0.04362914293007611
  ],
  "pd": [
    0.06082889647346309,
    0.013961405487138786,
    0.06545798785031973,
    0.1955173345417188,
    0.35156384011920805,
    0.0024957556711522433,
    0.02078972710887215,
    0.36866347303442937,
    0.005881087621131028,
    0.006334112577940841,
    0.009324077292885608,
    0.03793878092847271,
    0.011622149346520842,
    0.019743651299511313,
    0.011144413937521403,
    0.019216494986132617,
    0.4866805926920839,
    0.004225487324426075,
    0.053036867216334306,
    0.17101280278700617,
    0.02942191174044823,
    0.24551481613872908,
    0.008442737831455608,
    0.05255913180733487,
    0.016844291575928504,
    0.31575839489643975,
    0.008788684162110375,
    0.07864513250218355,
    0.01718200108918673,
    0.007824976526714954,
    0.026349578851538037,
    0.05220494865928356,
    0.012717646060260936,
    0.015007481296499627,
    0.0036736205588577577,
    0.018261024168133737,
    0.00621056031699271,
    0.0045631968376843,
    0.023219588240852056,
    0.008220343761748973,
    0.01145741299859,
    0.015172217644430467,
    0.007997949692042337,
    0.030970433410998123,
    0.01929886316009804,
    0.011968095677175607,
    0.16930778158592197,
    0.07037536783605533,
    0.10594194535432394,
    0.02736270739131271,
    0.018112761454995983,
    0.02027080761289,
    0.15453093117652553,
    0.029636068992758318,
    0.0048761958987528975,
    0.007281346578543179,
    0.045244837959205524,
    0.017354974254514113,
    0.00737195156990514,
    0.018458707785650747,
    0.030904538871825794,
    0.03981677529488429,
    0.06794550670407543,
    0.4064045703453852,
    0.07063894599274467,
    0.018804654116305514,
    0.018203366446357946,
    0.4099958227302774,
    0.017313790167531404,
    0.007907344700680373,
    0.012190489746882244,
    0.006012876699475702,
    0.006498848925871684,
    0.02435626904157486,
    0.006935400247888412,
    0.00593050852551028,
    0.04750172592585805,
    0.10020912044633067,
    0.3079746024567075,
    0.004274908228805327,
    0.01695137020208355,
    0.43292712236225056,
    0.00436551322016729,
    0.03701625738006,
    0.036200812457802344,
    0.012997697851743364,
    0.029479569462224024,
    0.08943536329165365,
    0.07260754535051822,
    0.28070250005675673,
    0.032428350090186076,
    0.007174267952388132,
    0.13741482462651114,
    0.014809797678982618,
    0.005057405881476822,
    0.0015979425749291592,
    0.1205046385114103,
    0.6362447229784947,
    0.03624199654478505,
    0.24919667351498337,
    0.012487015173157758,
    0.012709409242864393,
    0.19685993577735514,
    0.009554708179988785,
    0.017239658810962524,
    0.04679335962975542,
    0.009554708179988785,
    0.06763250764300682,
    0.011720991155279347,
    0.30691205301255364,
    0.22054078579241357,
    0.07457614470829178,
    0.012379936547002712,
    0.13212678785793114,
    0.26376760348946626,
    0.12154247750337459,
    0.07384306795999954,
    0.011432702546400374,
    0.011918674772796355,
    0.3772709472138158,
    0.03416631856085645,
    0.03125048520248056,
    0.008879289153472338,
    0.018796417298908973,
    0.016605423871428788,
    0.008310948753110935,
    0.06343996758816692,
    0.01269293560807131,
    0.010098338128160562,
    0.01750323696765187,
    0.04269142456627748,
    0.15659013552566103,
    0.01157272844214159,
    0.02522113486821178,
    0.05617509464441682,
    0.1944547850975649,
    0.06379415073621823,
    0.011844543416227477,
    0.3833744289046535,
    0.004447881394132711,
    0.007759081987542617,
    0.07586108822215236,
    0.015633479418636825,
    0.009307603658092523,
    0.06393417663195944,
    0.017330263802324487,
    0.1382879272705446,
    0.0060293503342687856,
    0.021143910256923457,
    0.002660492019083084,
    0.029693726714534113,
    0.43441798631102463,
    0.18111114091516672,
    0.30949841367506775,
    0.04425641987162047,
    0.01849165505523692,
    0.016556002967049534,
    0.005839903534148318,
    0.007833213344111495,
    0.06328346805763262
  ],