{
  "hour": 20,
  "dispatch": 1,
  "load": 0.7825776181395255,
  "wind": 0.3152603173196922,
  "solar": 0.0005100221885255555,
  "gen": [
    47,
    1,
    2,
    3,
    4,
    5,
    6,
    7,
    8,
    9,
    10,
    11,
    12,
    13,
    14,
    15,
    16,
    17,
    18,
    19,
    20,
    21,
    22,
    23,
    24,
    25,
    26,
    27,
    28,
    29,
    30,
    31,
    32,
    33,
    34,
    35,
    36,
    37,
    38,
    39,
    40,
    41,
    42,
    43,
    44,
    45,
    46,
    48,
    49
  ],
  "pg": [
    5.078123200556474,
    0.04507349775709712,
    0.04507349775845044,
    0.045073497757097174,
    0.04507349775845043,
    0.09024649775243974,
    0.2727001744815337,
    0.04676499781007562,
    0.026418814591390213,
    0.026418814591390213,
    0.026418814591390213,
    0.026418814591390213,
    0.026418814591390213,
    0.026418814591390213,
    0.0,
    0.023879997695489964,
    0.17909999768954904,
    0.17909999768722287,
    0.031839997592901265,
    0.0497499975956036,
    0.0626849975948108,
    0.17909999779179395,
    0.21311597450811187,
    0.4880229712108835,
    0.00441364444247569,
    0.42087252362178906,
    0.00019901065796267174,
    0.00019901065796267174,
    0.00019901065796267174,
    0.0006830217148734238,
    0.0006830217148734238,
    0.2913005332033956,
    8.262359454113997e-06,
    0.0001181721410813712,
    0.0001181721410813712,
    0.0001181721410813712,
    0.0001181721410813712,
    1.379069997517129,
    0.11939999757307142,
    0.258699997563788,
    0.09352999757278165,
    0.09352999757492783,
    0.09352999757258348,
    0.09352999757288172,
    0.0935299975727316,
    0.17412499781977492,
    0.0,
    0.6716249975072556,
    0.6716249975072557
  ],
  "qg": [
    -0.4666964880991722,
    0.003992166346254683,
    0.00451902192229918,
    0.004137874399679853,
    0.0044749293852532675,
    0.00804417748864419,
    -0.1992131160457489,
    -0.005699663184051181,
    -0.034099653821368085,
    -0.03409966166842211,
    -0.034099652538963646,
    -0.03409966520519385,
    -0.03409966507274096,
    -0.03409965151034102,
    0.001442762385173978,
    0.001794127778344235,
    0.011621229282607918,
    0.01304292192064411,
    -0.0035992367895751245,
    -0.00549933127049401,
    -0.006999332079393283,
    -0.0219997641065499,
    -0.0001659121477367408,
    0.0044448751828322615,
    0.0030824858618627065,
    0.1732843113268281,
    0.034692994365048954,
    0.1053224426518998,
    0.15560156997954697,
    0.1703788174186322,
    0.17022555693522345,
    -0.021458433501451095,
    -0.0065820682057806425,
    -0.09416208508935502,
    -0.08693101777353729,
    -0.09416214412458769,
    -0.09416215007718903,
    0.14772437388106172,
    -0.013299867603535454,
    -0.028899866176401622,
    -0.010399866531958644,
    -0.010399867671703693,
    -0.010399866251603874,
    -0.010399866550479588,
    -0.010399866522965692,
    0.0006015158203601855,
    -0.01720699470451395,
    -0.011200505881373602,
    0.040438569995508225
  ],
  "pd": [
    0.05779335709960396,
    0.013264690627464958,
    0.062191443313548096,
    0.18576044921777918,
    0.3340197789743123,
    0.0023712101829627625,
    0.019752259081841625,
    0.3502660903268888,
    0.005587604193516212,
    0.006018021883492951,
    0.008858778637339429,
    0.03604552509150654,
    0.011042170191948704,
    0.018758385506804427,
    0.01058827517342778,
    0.018257535831195132,
    0.46239381145392,
    0.004014623181055766,
    0.05039017283200405,
    0.16247876507812828,
    0.027953672519943854,
    0.23326291063884838,
    0.008021420585930137,
    0.04993627781348313,
    0.016003712290953296,
    0.30000112991378713,
    0.008350103185548737,
    0.0747205109799619,
    0.0163245691143905,
    0.0074344873723254925,
    0.02503465800428342,
    0.049599769437683135,
    0.012082998424074275,
    0.014258564202502155,
    0.003490296176902284,
    0.01734974579415328,
    0.0059006352407720225,
    0.004335480004492972,
    0.022060863055353225,
    0.007810124629032464,
    0.010885654668320801,
    0.01441507972613006,
    0.0075988286721347924,
    0.02942491844204615,
    0.018335793593009082,
    0.011370852791567305,
    0.16085882940857948,
    0.06686343169384107,
    0.10065513324510578,
    0.025997228474595038,
    0.017208881822888166,
    0.019259235182413723,
    0.1468193869391564,
    0.028157142700660127,
    0.004632859499385991,
    0.006917986144353406,
    0.042986988564404145,
    0.016488910414199802,
    0.007004069682348753,
    0.017537564422506768,
    0.029362312232594997,
    0.037829802060864656,
    0.06455482772032947,
    0.386123796790042,
    0.06711385653164571,
    0.01786624702212537,
    0.017294965360883516,
    0.3895358352051302,
    0.016449781533292827,
    0.007512745134139445,
    0.011582148748464978,
    0.005712816612418537,
    0.006174537407120858,
    0.02314082016838577,
    0.006589303544734805,
    0.005634558850604584,
    0.04513125123810645,
    0.09520839302285468,
    0.2926057714223686,
    0.004061577838144138,
    0.016105447381311436,
    0.4113227960941347,
    0.004147661376139485,
    0.03516903815919028,
    0.034394286317232146,
    0.012349074814241712,
    0.028008452953213622,
    0.08497227777758969,
    0.06898421703899917,
    0.2666946264857689,
    0.03081008082615312,
    0.006816251053995268,
    0.13055742403421705,
    0.014070745574148669,
    0.004805026575376687,
    0.0015182005791906795,
    0.1144911055338126,
    0.6044942553556951,
    0.03443341519813912,
    0.23676103259193204,
    0.011863876690995206,
    0.012075172647892879,
    0.1870360507353466,
    0.009077900370418496,
    0.01637934954766027,
    0.044458234486506445,
    0.009077900370418496,
    0.06425744822543644,
    0.011136079506125447,
    0.2915962462949687,
    0.20953515725685795,
    0.07085457754635265,
    0.011762141600637068,
    0.12553327572576128,
    0.25060483065682027,
    0.11547715333266839,
    0.07015808346620846,
    0.010862177339776614,
    0.011323898134478934,
    0.35844402643644685,
    0.03246131960042752,
    0.0296909948322136,
    0.008436186723544086,
    0.017858421245943973,
    0.015776764781692834,
    0.007896208167027812,
    0.06027412814910626,
    0.01205952109553009,
    0.009594401598390583,
    0.01662977438546492,
    0.04056099794817161,
    0.1487758309845052,
    0.010995215534860334,
    0.023962526667432274,
    0.05337179355711564,
    0.1847509240903792,
    0.06061063652490626,
    0.011253466148846378,
    0.3642429265868608,
    0.0042259191379534385,
    0.00737188116287433,
    0.07207539863065031,
    0.014853323192288196,
    0.008843127084976638,
    0.06074367471998997,
    0.016465433085655616,
    0.13138695630944494,
    0.005728468164781327,
    0.02008876745764162,
    0.0025277257065906673,
    0.028211923133929895,
    0.4127392615829672,
    0.17207316667651887,
    0.2940535400159267,
    0.042047895422636705,
    0.01756886752723235,
    0.015729810124604462,
    0.005548475312609236,
    0.007442313148506887,
    0.06012543840165974
  ],