{
  "hour": 21,
  "dispatch": 0,
  "load": 0.7877100990259979,
  "wind": 0.4445840389463189,
  "solar": 0.0005385089881133334,
  "gen": [
    47,
    1,
    2,
    3,
    4,
    5,
    6,
    7,
    8,
    9,
    10,
    11,
    12,
    13,
    14,
    15,
    16,
    17,
    18,
    19,
    20,
    21,
    22,
    23,
    24,
    25,
    26,
    27,
    28,
    29,
    30,
    31,
    32,
    33,
    34,
    35,
    36,
    37,
    38,
    39,
    40,
    41,
    42,
    43,
    44,
    45,
    46,
    48,
    49
  ],
  "pg": [
    4.384559976493188,
    0.04507349883486689,
    0.04507349883556795,
    0.04507349883486689,
    0.04507349883556795,
    0.09024649883244848,
    0.38456519368856584,
    0.046764998866190434,
    0.037256142463701535,
    0.037256142463701535,
    0.037256142463701535,
    0.037256142463701535,
    0.037256142463701535,
    0.037256142463701535,
    0.0,
    0.023879998806056058,
    0.17909999880295452,
    0.17909999880174562,
    0.031839998756417506,
    0.04974999875773555,
    0.0626849987573207,
    0.1790999988575493,
    0.30053881032771157,
    0.6882160922889017,
    0.006224176545248466,
    0.5935196919933358,
    0.00021012620716182268,
    0.00021012620716182268,
    0.00021012620716182268,
    0.0007211712368813759,
    0.0007211712368813759,
    0.41079565198639867,
    8.723845607436001e-06,
    0.00012477253254585934,
    0.00012477253254585934,
    0.00012477253254585934,
    0.00012477253254585934,
    1.3790699987156436,
    0.11939999874486568,
    0.2586999987399646,
    0.09352999874468941,
    0.09352999874582273,
    0.09352999874457373,
    0.0935299987447395,
    0.09352999874466436,
    0.17412499887290914,
    0.0,
    0.6716249987086936,
    0.6716249987086936
  ],
  "qg": [
    -0.4666992265692946,
    0.004326080261132092,
    0.004938595357635377,
    0.004471287525434702,
    0.004894624465268876,
    0.008458721062258449,
    -0.18024847564375693,
    -0.005699823105251174,
    -0.03409981792704252,
    -0.03409982217453993,
    -0.0340998172642999,
    -0.03409982406464275,
    -0.034099823995360136,
    -0.03409981673336386,
    0.0014821410315935168,
    0.001815333466075589,
    0.011815989607494701,
    0.013203935852242792,
    -0.003599683974308693,
    -0.0054997137567383,
    -0.006999713876233536,
    -0.021999877132204606,
    -0.020808103147934277,
    -0.035432025956229414,
    0.002886490699370963,
    0.16051866968768483,
    0.0350465265919611,
    0.10639952169767383,
    0.15718963337807057,
    0.17083528220971933,
    0.17068083890515098,
    -0.017871305159838338,
    -0.006594687900665686,
    -0.09418909798836489,
    -0.09244711817125723,
    -0.09418907044902536,
    -0.09418906890403637,
    0.14602547634415736,
    -0.013299929311382363,
    -0.028899928470679015,
    -0.010399928711596512,
    -0.010399929348988484,
    -0.010399928550281157,
    -0.010399928721016204,
    -0.010399928707027556,
    -0.00024845517502697416,
    -0.019260455840540085,
    -0.012044814482766238,
    0.03960423835702281
  ],
  "pd": [
    0.05817239081306994,
    0.013351686178490663,
    0.06259932156959605,
    0.1869787462058011,
    0.3362104244662764,
    0.0023867616000487735,
    0.019881802899416184,
    0.3525632861220561,
    0.005624250107045625,
    0.006057490661509924,
    0.008916878320974295,
    0.036281927161137456,
    0.011114589497256829,
    0.01888141107365317,
    0.010657717639821752,
    0.01837727661027653,
    0.46542638911050105,
    0.004040952808003369,
    0.05072065327628401,
    0.16354437075977768,
    0.028137004737208645,
    0.2347927492166792,
    0.008074028515016478,
    0.05026378141884893,
    0.016108671525081657,
    0.3019686664616163,
    0.008404866756607397,
    0.07521056025500228,
    0.016431632665682316,
    0.00748324594074698,
    0.02519884606784167,
    0.049925066076267746,
    0.012162243928961407,
    0.014352078004253681,
    0.003513187041655951,
    0.01746353289540637,
    0.005939334146656023,
    0.004363913948604028,
    0.02220554769154288,
    0.007861346788279457,
    0.010957047477451631,
    0.014509620024058879,
    0.007648665061542439,
    0.02961789972337751,
    0.01845604762017913,
    0.011445427738847748,
    0.16191381085479387,
    0.06730195086078126,
    0.10131527293672385,
    0.02616772948964365,
    0.017321745077581694,
    0.019385545537029807,
    0.14778229167826745,
    0.0283418093629554,
    0.004663243786233907,
    0.006963357275389822,
    0.043268915739498065,
    0.016597051786477773,
    0.007050005386282681,
    0.01765258331917261,
    0.029554882915455438,
    0.03807790618691673,
    0.06497820606865456,
    0.38865616285942745,
    0.06755401809246958,
    0.017983421560763532,
    0.017408393188474553,
    0.3920905788911807,
    0.016557666281526474,
    0.0075620169506495786,
    0.011658109465584768,
    0.005750283722889785,
    0.006215032681315124,
    0.023292587628198757,
    0.006632519033798902,
    0.005671512712987184,
    0.04542724141082931,
    0.0958328106475029,
    0.2945248060258206,
    0.004088215413944929,
    0.016211073837955038,
    0.41402042804806455,
    0.004174863524837789,
    0.03539969185022834,
    0.03461985885219261,
    0.012430065362630246,
    0.028192144444140466,
    0.08552956255224285,
    0.06943664522914171,
    0.2684437246470698,
    0.031012146598653537,
    0.006860954962516442,
    0.13141367582050723,
    0.014163027580487441,
    0.004836540008019627,
    0.001528157592110436,
    0.1152419874875035,
    0.6084587888916418,
    0.034659244357143904,
    0.2383138133593254,
    0.011941685101234127,
    0.012154366827971146,
    0.18826271366721348,
    0.009137437148701575,
    0.016486772372614134,
    0.04474981072566694,
    0.009137437148701575,
    0.06467887623102468,
    0.011209114709139949,
    0.2935086599980771,
    0.21090937901421092,
    0.07131927236581385,
    0.011839282788360748,
    0.12635657698476033,
    0.2522484050110953,
    0.11623450221227624,
    0.0706182103776807,
    0.01093341617448085,
    0.01139816513290619,
    0.36079485665687777,
    0.03267421490759839,
    0.02988572115704636,
    0.008491514867500256,
    0.01797554445977327,
    0.015880235596364117,
    0.007947994899172318,
    0.06066943182698236,
    0.012138612625990627,
    0.009657325814058733,
    0.016738839604302457,
    0.04082701443251747,
    0.14975156692583247,
    0.01106732689131527,
    0.024119683232176056,
    0.05372182875357305,
    0.18596260017805757,
    0.061008147169563536,
    0.01132727122399385,
    0.36663178849066047,
    0.004253634534740388,
    0.0074202291328249,
    0.07254810012029442,
    0.014950737679513439,
    0.008901124118993775,
    0.06114205788639795,
    0.016573420483506993,
    0.1322486485254748,
    0.005766037924870304,
    0.020220518241997363,
    0.0025443036198539728,
    0.028396949069887222,
    0.41544618332730154,
    0.1732016965738364,
    0.2959820697090187,
    0.04232366362066686,
    0.017684091723133653,
    0.015832972990422557,
    0.005584864602094325,
    0.007491123041737239,
    0.06051976690816741
  ],