{
  "hour": 21,
  "dispatch": 1,
  "load": 0.7700396328979455,
  "wind": 0.3384662327331033,
  "solar": 0.0005388442994677779,
  "gen": [
    47,
    1,
    2,
    3,
    4,
    5,
    6,
    7,
    8,
    9,
    10,
    11,
    12,
    13,
    14,
    15,
    16,
    17,
    18,
    19,
    20,
    21,
    22,
    23,
    24,
    25,
    26,
    27,
    28,
    29,
    30,
    31,
    32,
    33,
    34,
    35,
    36,
    37,
    38,
    39,
    40,
    41,
    42,
    43,
    44,
    45,
    46,
    48,
    49
  ],
  "pg": [
    4.748546830965755,
    0.04507349978826897,
    0.045073499788396705,
    0.04507349978826897,
    0.045073499788396705,
    0.09024649978782878,
    0.2927732913141343,
    0.04676499979340071,
    0.028363470303034058,
    0.028363470303034058,
    0.028363470303034058,
    0.028363470303034058,
    0.028363470303034058,
    0.028363470303034058,
    0.0,
    0.023879999782376104,
    0.17909999978181151,
    0.1790999997815911,
    0.03183999977313462,
    0.04974999977338004,
    0.0626849997733046,
    0.17909999979172928,
    0.2288031733275778,
    0.5239457282708438,
    0.004738527258263446,
    0.4518524206986928,
    0.0002102570456523269,
    0.0002102570456523269,
    0.0002102570456523269,
    0.0007216202858472482,
    0.0007216202858472482,
    0.31274279904538743,
    8.729277651378001e-06,
    0.00012485022418668414,
    0.00012485022418668414,
    0.00012485022418668414,
    0.00012485022418668414,
    1.3790699997656093,
    0.11939999977115265,
    0.25869999977026537,
    0.09352999977112214,
    0.09352999977132734,
    0.09352999977110187,
    0.09352999977113137,
    0.09352999977111753,
    0.17412499979426033,
    0.0,
    0.6716249997648188,
    0.6716249997648188
  ],
  "qg": [
    -0.466699813505908,
    0.0038837427299894243,
    0.004384230119200985,
    0.004029387662726695,
    0.0043401568626970505,
    0.007903191643918,
    -0.19392150128615288,
    -0.005699968694336177,
    -0.03409996781799753,
    -0.03409996852733407,
    -0.0340999676980427,
    -0.03409996885018753,
    -0.034099968837718,
    -0.0340999676016407,
    0.0013599621287782714,
    0.0017574997756716934,
    0.01127288635209991,
    0.012771926965554608,
    -0.003599938118882667,
    -0.005499944286001633,
    -0.006999944297029573,
    -0.021999978017796528,
    -0.01499254065834402,
    -0.026882961942045237,
    0.002965821697926632,
    0.15237804115861805,
    0.033360713591557345,
    0.10126771545912819,
    0.149620698446866,
    0.15945687329463562,
    0.15932198228769384,
    -0.026946094247194203,
    -0.006599632455067392,
    -0.0941993495333798,
    -0.09382711572540263,
    -0.09419934918342258,
    -0.09419934916836432,
    0.1428648771410194,
    -0.013299987246428118,
    -0.028899987099324904,
    -0.010399987141190926,
    -0.010399987253744126,
    -0.010399987113078457,
    -0.010399987142953572,
    -0.010399987140334693,
    -0.001297384141334499,
    -0.021732036153969337,
    -0.013621454747059844,
    0.03810873880708306
  ],
  "pd": [
    0.056867426889513274,
    0.013052171777620176,
    0.06119504962639973,
    0.18278430766098533,
    0.3286683161135011,
    0.002333220087680775,
    0.019435800334344142,
    0.34465433889246244,
    0.0054980829788913305,
    0.005921604776985201,
    0.008716848644404744,
    0.03546802549127937,
    0.01086525922019001,
    0.018457850000563755,
    0.010418636233109204,
    0.01796502463550907,
    0.45498561749408006,
    0.003950303316766461,
    0.04958285196229872,
    0.15987562858227145,
    0.027505815687114615,
    0.22952571337789063,
    0.007892906237203942,
    0.04913622897521791,
    0.015747310492762987,
    0.29519469327142744,
    0.00821632288302108,
    0.07352338414909583,
    0.016063026742251144,
    0.007315376512530483,
    0.024633567856405275,
    0.04880511193307179,
    0.01188941193194428,
    0.014030122111400568,
    0.0034343767627248376,
    0.017071778661347452,
    0.005806098832050509,
    0.004266019566254619,
    0.021707417251393083,
    0.007684995536321496,
    0.010711251293610422,
    0.014184130037980155,
    0.0074770848354390506,
    0.028953490196962743,
    0.018042028598798863,
    0.011188675866007148,
    0.15828164654217272,
    0.06579218623480047,
    0.09904249758333376,
    0.02558071660486975,
    0.016933171527425822,
    0.01895067536561844,
    0.14446713552798357,
    0.02770602599166808,
    0.004558634626755837,
    0.006807150354817839,
    0.04229827703508415,
    0.01622473506515971,
    0.0068918547144366125,
    0.017256588173242958,
    0.028891887026330915,
    0.037223715854286674,
    0.06352056931775153,
    0.37993755487184644,
    0.06603859891732781,
    0.017580004819060097,
    0.017017875887044596,
    0.38329492767128137,
    0.016186233083514814,
    0.007392380475820276,
    0.011396586566889595,
    0.005621289320155002,
    0.006075612703564791,
    0.022770071944792247,
    0.006483733709000701,
    0.005544285356865208,
    0.04440818562922453,
    0.09368302173836406,
    0.28791781874054184,
    0.003996505694740337,
    0.01584741564503972,
    0.4047328310511602,
    0.004081210054359111,
    0.034605581102433676,
    0.03384324186586471,
    0.01215122540712958,
    0.02755971846141747,
    0.08361090334005893,
    0.0678789936399539,
    0.26242180649529084,
    0.03031646034719212,
    0.006707045202541106,
    0.12846571195636425,
    0.01384531259950506,
    0.004728043345993385,
    0.0014938768878220144,
    0.11265679829296944,
    0.5948094140356891,
    0.0338817438475096,
    0.2329677905369444,
    0.011673800834732854,
    0.011881711535615298,
    0.18403947226260897,
    0.008932459741616168,
    0.016116929516554,
    0.043745951544932285,
    0.008932459741616168,
    0.06322795425725031,
    0.010957663976137764,
    0.28692446761410356,
    0.2061781117084249,
    0.06971938836258,
    0.011573695682456121,
    0.12352205751315944,
    0.24658979164290912,
    0.11362704823042084,
    0.06903405308930081,
    0.010688150104623484,
    0.011142473488033272,
    0.352701253056246,
    0.03194124397260678,
    0.029215303672148054,
    0.008301027242639852,
    0.017572304422731118,
    0.015523998999222582,
    0.0077696998959402705,
    0.05930845252579977,
    0.011866310742957341,
    0.009440685899328812,
    0.016363342199081345,
    0.03991115417310052,
    0.14639223461022843,
    0.010819056842216134,
    0.023578613559335094,
    0.05251670296363988,
    0.181790956534547,
    0.05963956956794589,
    0.011073169921072457,
    0.35840724673601976,
    0.004158214017648906,
    0.007253773341898646,
    0.07092065018990079,
    0.014615352232403006,
    0.008701447851746784,
    0.05977047630553853,
    0.016201633876172773,
    0.12928195396723607,
    0.005636690112812961,
    0.01976691737649026,
    0.002487228014260364,
    0.027759928765970936,
    0.4061266027867055,
    0.16931631448160026,
    0.289342392061403,
    0.041374229475606615,
    0.01728738975855888,
    0.015477796621248706,
    0.005459580997246433,
    0.007323076908859461,
    0.05916214499554915
  ],