{
  "hour": 21,
  "dispatch": 2,
  "load": 0.7258477198915066,
  "wind": 0.24230911090048443,
  "solar": 0.0004797662131366667,
  "gen": [
    47,
    1,
    2,
    3,
    4,
    5,
    6,
    7,
    8,
    9,
    10,
    11,
    12,
    13,
    14,
    15,
    16,
    17,
    18,
    19,
    20,
    21,
    22,
    23,
    24,
    25,
    26,
    27,
    28,
    29,
    30,
    31,
    32,
    33,
    34,
    35,
    36,
    37,
    38,
    39,
    40,
    41,
    42,
    43,
    44,
    45,
    46,
    48,
    49
  ],
  "pg": [
    4.651510855890258,
    0.04507349839217684,
    0.04507349839314985,
    0.04507349839217687,
    0.04507349839314984,
    0.09024649838882812,
    0.20959738092891902,
    0.0467649984273663,
    0.020305503493460598,
    0.020305503493460598,
    0.020305503493460598,
    0.020305503493460598,
    0.020305503493460598,
    0.020305503493460598,
    0.0,
    0.02387999833994837,
    0.17909999833563967,
    0.1790999983339497,
    0.0318399982734057,
    0.049749998275226685,
    0.06268499827465022,
    0.17909999841439297,
    0.16380095896872746,
    0.3750945036739499,
    0.003392327552606782,
    0.3234826630521466,
    0.00018720477636592734,
    0.00018720477636592734,
    0.00018720477636592734,
    0.000642502912632624,
    0.000642502912632624,
    0.2238936184720476,
    7.772212652814e-06,
    0.00011116183158376568,
    0.00011116183158376568,
    0.00011116183158376568,
    0.00011116183158376568,
    1.3790699982103767,
    0.11939999825806574,
    0.25869999825125206,
    0.093529998257815,
    0.09352999825939173,
    0.09352999825765185,
    0.09352999825788415,
    0.09352999825778043,
    0.17412499842968304,
    0.0,
    0.6716249982107881,
    0.6716249982107882
  ],
  "qg": [
    -0.4666988706251203,
    0.0032040534572798703,
    0.0035333539824701273,
    0.003349877411566964,
    0.0034892743294302237,
    0.007040751713050033,
    -0.2006330488845696,
    -0.005699772014048875,
    -0.034099766190587,
    -0.03409977100194908,
    -0.034099765309693546,
    -0.03409977324288221,
    -0.03409977315192368,
    -0.03409976460143558,
    0.0010722029042422498,
    0.001622788016283242,
    0.00998387268008183,
    0.011755478150516484,
    -0.00359957123124924,
    -0.005499610958938563,
    -0.0069996111229108085,
    -0.021999838001748907,
    -0.030936880551714018,
    -0.06403590202066002,
    0.0022033053047494887,
    0.110865065062132,
    0.02898117356544033,
    0.08794190520012536,
    0.12996010192366447,
    0.12703603189013243,
    0.12695001419642699,
    -0.04467301376101955,
    -0.006598147256494756,
    -0.09419758654717719,
    -0.09418003242765752,
    -0.0941975794636333,
    -0.09419757895326208,
    0.12431690227405735,
    -0.013299901383706545,
    -0.028899900194646517,
    -0.010399900539999524,
    -0.010399901435836145,
    -0.01039990031227386,
    -0.010399900553009569,
    -0.010399900533691058,
    -0.009015473842533863,
    -0.031747900165717734,
    -0.019861591672600144,
    0.03212638143776975
  ],
  "pd": [
    0.05360385411398776,
    0.012303118852161038,
    0.057683118299778034,
    0.17229447327064693,
    0.30980632380409284,
    0.002199318591271265,
    0.018320396450061626,
    0.32487492246904054,
    0.005182552720025357,
    0.005581768965965686,
    0.008216596189171855,
    0.03343254597820279,
    0.010241711327669158,
    0.017398569845799416,
    0.009820719650132086,
    0.01693402730506885,
    0.42887438377509557,
    0.003723598803043429,
    0.046737334683814115,
    0.1507005036038746,
    0.025927280554524618,
    0.2163534298680614,
    0.007439939128887943,
    0.046316343006277044,
    0.01484358587178131,
    0.2782537234204091,
    0.007744795171242377,
    0.06930394029524105,
    0.01514118343693683,
    0.006895553338969313,
    0.023219868559329296,
    0.0460042284867237,
    0.011207088795124862,
    0.013224945456423252,
    0.00323728083071612,
    0.0160920439499947,
    0.00547289180798196,
    0.004021196368198947,
    0.020461647223741573,
    0.007243960244517236,
    0.010096541783690858,
    0.013370115000401552,
    0.00704798136014653,
    0.02729187426792064,
    0.017006612077058,
    0.010546567370023591,
    0.1491979988236992,
    0.06201642918753033,
    0.0933585337324456,
    0.02411266125479585,
    0.01596139136041423,
    0.01786311238652998,
    0.13617629072884557,
    0.026116000961696407,
    0.004297018501757719,
    0.0064164938438409196,
    0.03987081525364047,
    0.015293611458114044,
    0.006496337093028984,
    0.016266247402768663,
    0.02723380645032933,
    0.035087478779555425,
    0.059875178413850386,
    0.35813326499446946,
    0.062248700457895614,
    0.016571103445123095,
    0.016041234609602297,
    0.36129796105319634,
    0.01525731907211947,
    0.006968138110958463,
    0.0107425462543943,
    0.005298688355207999,
    0.005726938509943988,
    0.02146331707719185,
    0.006111637801486486,
    0.0052261035832188475,
    0.041859638006143195,
    0.08830663360200071,
    0.2713944624674343,
    0.00376714966623692,
    0.014937946075367208,
    0.38150556157497595,
    0.0038469929154249854,
    0.03261959653192431,
    0.03190100728923172,
    0.011453877019887974,
    0.025978089894917025,
    0.0788125454258198,
    0.0639834765084363,
    0.24736164446182654,
    0.02857662473212862,
    0.006322133640255023,
    0.12109317510950006,
    0.01305074200364929,
    0.0044567050001338504,
    0.001408144576589523,
    0.10619152142012743,
    0.5606738127529954,
    0.031937299675226294,
    0.2195979691759764,
    0.01100385143355524,
    0.011199830317925947,
    0.1734776050540701,
    0.008419833550741477,
    0.015191992777329235,
    0.041235408967036494,
    0.008419833550741477,
    0.059599356280291615,
    0.010328813054056139,
    0.27045811890877436,
    0.1943457270009509,
    0.06571825255897702,
    0.010909491229969344,
    0.11643323274779659,
    0.23243821534085718,
    0.10710608954719072,
    0.06507224808827357,
    0.010074766352094111,
    0.010503016506830101,
    0.3324600311419068,
    0.030108163421099697,
    0.027538662492683764,
    0.007824638420430442,
    0.016563844967924183,
    0.014633090033012774,
    0.007323803493705302,
    0.055904791386043845,
    0.011185313363528118,
    0.008898893045869872,
    0.015424264047694517,
    0.03762068732197679,
    0.13799091002857433,
    0.01019816046447567,
    0.022225457183077935,
    0.04950281449660075,
    0.1713581297119869,
    0.05621690590559719,
    0.010437690212039866,
    0.33783856274630286,
    0.0039195776874141365,
    0.006837485521377992,
    0.06685057500200778,
    0.013776589723540797,
    0.008202079234774024,
    0.05634030001797874,
    0.0152718360265173,
    0.12186257369258506,
    0.0053132053096058285,
    0.018632510969614973,
    0.0023444881352495664,
    0.026166810302088814,
    0.38281934594797956,
    0.15959939664974448,
    0.2727372807492336,
    0.03899979798977065,
    0.016295281311564325,
    0.014589539169819284,
    0.005146260334030782,
    0.006902811816168228,
    0.05576688031926445
  ],