{
  "hour": 22,
  "dispatch": 3,
  "load": 0.7077377060876688,
  "wind": 0.3155435636536844,
  "solar": 0.0005120418840211112,
  "gen": [
    47,
    1,
    2,
    3,
    4,
    5,
    6,
    7,
    8,
    9,
    10,
    11,
    12,
    13,
    14,
    15,
    16,
    17,
    18,
    19,
    20,
    21,
    22,
    23,
    24,
    25,
    26,
    27,
    28,
    29,
    30,
    31,
    32,
    33,
    34,
    35,
    36,
    37,
    38,
    39,
    40,
    41,
    42,
    43,
    44,
    45,
    46,
    48,
    49
  ],
  "pg": [
    3.9402385072098007,
    0.045073493984843414,
    0.045073493988482746,
    0.045073493984844656,
    0.04507349398848262,
    0.09024649397233592,
    0.27294518256043704,
    0.04676499412812925,
    0.026442550634178757,
    0.026442550634178757,
    0.026442550634178757,
    0.026442550634178757,
    0.026442550634178757,
    0.026442550634178757,
    0.0,
    0.023879993790527954,
    0.17909999377442465,
    0.17909999376807056,
    0.03183999356692549,
    0.04974999357334154,
    0.06268499357118015,
    0.17909999408324745,
    0.21330744902989063,
    0.48846143653590346,
    0.004417609891151582,
    0.42125065747766866,
    0.0001997987431450376,
    0.0001997987431450376,
    0.0001997987431450376,
    0.0006857264910810721,
    0.0006857264910810721,
    0.2915622528160044,
    8.295078521142e-06,
    0.00011864010452769145,
    0.00011864010452769145,
    0.00011864010452769145,
    0.00011864010452769145,
    1.3790699933130008,
    0.11939999350281605,
    0.25869999347683403,
    0.09352999350171556,
    0.09352999350773407,
    0.09352999350102861,
    0.09352999350196357,
    0.09352999350159155,
    0.1741249941366984,
    0.0,
    0.6716249933178083,
    0.671624993317817
  ],
  "qg": [
    -0.466697375847746,
    0.0030873131375150063,
    0.0033885182583152933,
    0.003232219179269474,
    0.0033447808969588235,
    0.0068797728044114,
    -0.18927736571951403,
    -0.005699133139100905,
    -0.034099111738472396,
    -0.03409913185806586,
    -0.03409910857091659,
    -0.03409914081604358,
    -0.03409914049990017,
    -0.034099106067379543,
    0.0009928604280245814,
    0.0015725630668410727,
    0.009478520164575507,
    0.01136263035658271,
    -0.0035986355349538813,
    -0.0054987621643400875,
    -0.006998765014410825,
    -0.02199939287997838,
    -0.05794763935209524,
    -0.12030458256886709,
    0.0013990698584998233,
    0.07676961850435657,
    0.027043132979167387,
    0.08204728509030587,
    0.12126032862266709,
    0.11057435787199746,
    0.11050939800005073,
    -0.05289924352499953,
    -0.00659126723777526,
    -0.09418940648059534,
    -0.09416167686425517,
    -0.09418936761769951,
    -0.09418936492333135,
    0.10710521051799798,
    -0.013299617834777351,
    -0.028899612731292653,
    -0.010399614202895858,
    -0.010399617960611387,
    -0.010399613205084056,
    -0.010399614245581015,
    -0.010399614182365577,
    -0.0160818868229496,
    -0.03202822226944238,
    -0.02374044283420319,
    0.02838286885902958
  ],
  "pd": [
    0.052266429594574344,
    0.011996154118185987,
    0.05624391550278704,
    0.16799569929402994,
    0.3020766077123388,
    0.0021444452494456365,
    0.01786329970165276,
    0.3167692424907188,
    0.005053247221465955,
    0.0054425029598141736,
    0.008011590832912412,
    0.032598398742398026,
    0.009986179032897008,
    0.016964472814921423,
    0.00957569116336616,
    0.016511520683025315,
    0.41817390101895996,
    0.003630694432229741,
    0.045571230894985,
    0.1469405025379218,
    0.02528039086145153,
    0.21095537805355144,
    0.007254311487398606,
    0.045160743025454156,
    0.014473236089492827,
    0.27131124962870784,
    0.007551561323955427,
    0.06757479617725062,
    0.014763408548988772,
    0.006723508207832854,
    0.022640529217744523,
    0.044856415811836456,
    0.010927470181993608,
    0.012894981004917327,
    0.0031565101691510035,
    0.015690544943963616,
    0.005336342303901023,
    0.003920866891725686,
    0.019951125934611385,
    0.007063222306754935,
    0.009844631491679474,
    0.01303652854613486,
    0.0068721331261112645,
    0.02661093774889634,
    0.01658229445363408,
    0.010283428869453827,
    0.14547548548632033,
    0.06046910960813043,
    0.09102922375699597,
    0.02351104659623236,
    0.015563152156867837,
    0.01741742494681753,
    0.13277867103910754,
    0.025464402665034323,
    0.004189807220038999,
    0.006256401321814993,
    0.038876032195395656,
    0.014912033467267181,
    0.0063342524694846355,
    0.015860401993424658,
    0.026554318732409335,
    0.0342120407122779,
    0.05838128337517181,
    0.3491977841836559,
    0.060695585674078484,
    0.016157651829981478,
    0.015641003304537483,
    0.35228352058219803,
    0.0148766465819628,
    0.00679428197844162,
    0.0104745180500975,
    0.005166485254439982,
    0.005584050501031708,
    0.020927803969012365,
    0.0059591514852581715,
    0.005095711483831216,
    0.04081523351007587,
    0.0861033693226258,
    0.2646231283061794,
    0.0036731586945950015,
    0.014565241991284226,
    0.3719869383196788,
    0.0037510098422646448,
    0.03180573251157984,
    0.031105072182553047,
    0.011168101002063413,
    0.02532993250087767,
    0.07684616012699907,
    0.062387078791628005,
    0.24118993285761664,
    0.027863633488671522,
    0.006164395420023596,
    0.1180718815066058,
    0.012725123955456285,
    0.004345509515378286,
    0.0013730111498100777,
    0.10354202640062596,
    0.5466849136903589,
    0.031140459067857427,
    0.21411896559976332,
    0.010729303624289059,
    0.010920392804932729,
    0.16914931175495285,
    0.008209757390616959,
    0.014812950188414909,
    0.04020657908284046,
    0.008209757390616959,
    0.05811234304685849,
    0.010071107557627527,
    0.2637101466653264,
    0.18949677080497332,
    0.06407857190917754,
    0.010637297722497663,
    0.11352820543352296,
    0.2266388456204542,
    0.10443377591029641,
    0.06344868535075951,
    0.009823399360496844,
    0.010240964607088569,
    0.324165101519335,
    0.029356960048516505,
    0.026851568568966158,
    0.00762941247162507,
    0.0161505744529206,
    0.014267992154727405,
    0.007141073454424578,
    0.05450995812287226,
    0.010906238050810977,
    0.00867686427663482,
    0.015039426254362965,
    0.03668204530652388,
    0.13454801530432672,
    0.009943714770531747,
    0.02167092856040442,
    0.04826771155517901,
    0.16708271765317687,
    0.05481428533648996,
    0.010177268213540678,
    0.3294094379214446,
    0.0038217836128734118,
    0.00666688919134584,
    0.06518264273067431,
    0.013432861661543954,
    0.007997436078790658,
    0.05493460074652485,
    0.014890801336084553,
    0.11882208347505872,
    0.005180640008561736,
    0.01816762691527046,
    0.00228599279066317,
    0.02551394430446046,
    0.37326794356769744,
    0.15561736681455662,
    0.26593244306244157,
    0.03802674694809045,
    0.015888711501668165,
    0.014225527892362144,
    0.005017860336161572,
    0.0067305855848937305,
    0.05437548795871559
  ],