{
  "hour": 23,
  "dispatch": 0,
  "load": 0.7074540701815534,
  "wind": 0.30915958820045,
  "solar": 0.0004956109779722223,
  "gen": [
    47,
    1,
    2,
    3,
    4,
    5,
    6,
    7,
    8,
    9,
    10,
    11,
    12,
    13,
    14,
    15,
    16,
    17,
    18,
    19,
    20,
    21,
    22,
    23,
    24,
    25,
    26,
    27,
    28,
    29,
    30,
    31,
    32,
    33,
    34,
    35,
    36,
    37,
    38,
    39,
    40,
    41,
    42,
    43,
    44,
    45,
    46,
    48,
    49
  ],
  "pg": [
    3.974012458025332,
    0.0450734945556869,
    0.045073494558980985,
    0.04507349455568772,
    0.04507349455898092,
    0.0902464945443631,
    0.2674230437933892,
    0.04676499468448253,
    0.025907573491197714,
    0.025907573491197714,
    0.025907573491197714,
    0.025907573491197714,
    0.025907573491197714,
    0.025907573491197714,
    0.0,
    0.023879994379079183,
    0.17909999436449053,
    0.17909999435873908,
    0.03183999417585354,
    0.04974999418166947,
    0.06268499417971221,
    0.17909999464366866,
    0.20899188162350416,
    0.4785790425342966,
    0.0043282342348063,
    0.41272805024760073,
    0.00019338740360476115,
    0.00019338740360476115,
    0.00019338740360476115,
    0.0006637222217004001,
    0.0006637222217004001,
    0.2856634594972158,
    8.02889784315e-06,
    0.00011483306359616389,
    0.00011483306359616389,
    0.00011483306359616389,
    0.00011483306359616389,
    1.3790699939463062,
    0.11939999411810849,
    0.2586999940946063,
    0.09352999411711835,
    0.09352999412256208,
    0.0935299941164992,
    0.09352999411734322,
    0.09352999411700591,
    0.1741249946918633,
    0.0,
    0.6716249939511062,
    0.6716249939511115
  ],
  "qg": [
    -0.46669759356285523,
    0.0030733073552030444,
    0.0033709575700627535,
    0.0032183417109433597,
    0.0033271660704214607,
    0.006862957913772028,
    -0.1900823275037929,
    -0.005699219077027082,
    -0.03409919955661254,
    -0.03409921743511821,
    -0.034099196666872944,
    -0.034099225450286604,
    -0.03409922516291899,
    -0.0340991943842346,
    0.0009803810491717147,
    0.0015716842801429278,
    0.009473289740516198,
    0.011358348816158709,
    -0.003598760838680301,
    -0.005498874786671371,
    -0.00699887717755328,
    -0.021999451802632318,
    -0.057102166581383444,
    -0.11867757446769325,
    0.001421426695188451,
    0.07727447288922724,
    0.027024453387112173,
    0.08199060647983558,
    0.12117670201268331,
    0.11054671162363111,
    0.11048172474244337,
    -0.05303148455529847,
    -0.006592695350370479,
    -0.09419108926232722,
    -0.09416760514607507,
    -0.0941910429424191,
    -0.09419103970015157,
    0.10743083859308214,
    -0.013299654543769534,
    -0.028899649946646885,
    -0.010399651282587635,
    -0.010399654664197273,
    -0.01039965038689522,
    -0.010399651321706891,
    -0.01039965126375738,
    -0.01607403576998867,
    -0.03210102889976668,
    -0.02372634105573895,
    0.028399110231210174
  ],
  "pd": [
    0.05224548308290772,
    0.01199134648957733,
    0.05622137495732805,
    0.16792837263899532,
    0.30195554623489057,
    0.002143585832650107,
    0.017856140731382406,
    0.3166422927318596,
    0.0050512220610962905,
    0.005440321799696145,
    0.008008380074455184,
    0.032585334472562344,
    0.009982176930261717,
    0.016957674062251835,
    0.009571853569556418,
    0.01650490345733564,
    0.41800631190747256,
    0.0036292393800313686,
    0.045552967578990224,
    0.14688161405109412,
    0.025270259386885086,
    0.2108708346990156,
    0.007251404219360922,
    0.04514264421828493,
    0.014467435735212766,
    0.2712025178040985,
    0.007548534928837175,
    0.06754771462093472,
    0.014757491903987204,
    0.006720813666724757,
    0.02263145570510789,
    0.04483843896810686,
    0.010923090843603184,
    0.012889813158707903,
    0.0031552451530097282,
    0.015684256735925037,
    0.005334203689168912,
    0.003919295548805806,
    0.01994313023841799,
    0.0070603916204119025,
    0.009840686116225407,
    0.013031303972744213,
    0.006869379021462883,
    0.026600273038826398,
    0.016575648864353795,
    0.01027930763973797,
    0.1454171841258183,
    0.060444875756311925,
    0.0909927425067514,
    0.0235016242114312,
    0.015556915003292359,
    0.01741044466716803,
    0.13272545810676123,
    0.02545419744513229,
    0.004188128095474796,
    0.0062538939804049325,
    0.03886045207507273,
    0.014906057258725328,
    0.0063317139281249026,
    0.015854045712768612,
    0.02654367671321188,
    0.03419832975257628,
    0.05835788624927634,
    0.3490578382275785,
    0.06067126105877002,
    0.016151176422244864,
    0.015634734951012332,
    0.35214233797357,
    0.014870684555216252,
    0.006791559073742912,
    0.01047032023868699,
    0.005164414712325339,
    0.005581812613732457,
    0.020919416855268533,
    0.00595676327092868,
    0.005093669305307184,
    0.04079887622737019,
    0.08606886217828778,
    0.2645170768408828,
    0.003671686624242262,
    0.01455940476433637,
    0.3718378592874245,
    0.003749506571962233,
    0.03179298591395901,
    0.031092606384479273,
    0.011163625227464911,
    0.025319781171797798,
    0.07681536294031306,
    0.06236207628650393,
    0.24109327257717156,
    0.027852466743047758,
    0.006161924951281331,
    0.11802456252838855,
    0.012720024181864329,
    0.0043437679909147375,
    0.0013724608961522137,
    0.10350053046756127,
    0.5464658219710391,
    0.031127979087988346,
    0.21403315439272713,
    0.01072500370395235,
    0.010916016302901368,
    0.16908152277339125,
    0.008206467214106018,
    0.014807013688899912,
    0.04019046572701405,
    0.008206467214106018,
    0.05808905370260735,
    0.010067071418683505,
    0.2636044610903487,
    0.1894208272911109,
    0.06405289151423785,
    0.010633034674828748,
    0.11348270739782297,
    0.22654801689423884,
    0.10439192259599002,
    0.06342325739177626,
    0.009819462494119961,
    0.010236860395527077,
    0.32403518776525686,
    0.029345194831130836,
    0.026840807422688136,
    0.007626354876557145,
    0.016144101881543048,
    0.014262274054860117,
    0.007138211568131873,
    0.054488112485383246,
    0.010901867221497738,
    0.008673386900425845,
    0.01503339899135801,
    0.03666734445750991,
    0.13449409328221512,
    0.009939729686050825,
    0.021662243628959164,
    0.048248367586381936,
    0.16701575688846113,
    0.05479231773556131,
    0.010173189529210739,
    0.3292774224253022,
    0.0038202519789803883,
    0.006664217341110232,
    0.06515651986372108,
    0.013427478252045884,
    0.007994230993051552,
    0.05491258492749217,
    0.014884833636619882,
    0.11877446384278101,
    0.005178563793728971,
    0.018160345981560473,
    0.002285076646686417,
    0.025503719230044998,
    0.3731183511544531,
    0.15555500095151994,
    0.2658258668707187,
    0.03801150719085486,
    0.015882343875575872,
    0.014219826810649223,
    0.0050158493575872135,
    0.006727888207426572,
    0.05435369621204874
  ],