{
  "hour": 2,
  "dispatch": 1,
  "load": 0.7390964689767935,
  "wind": 0.30868292650397783,
  "solar": 0.0004838436126822222,
  "gen": [
    47,
    1,
    2,
    3,
    4,
    5,
    6,
    7,
    8,
    9,
    10,
    11,
    12,
    13,
    14,
    15,
    16,
    17,
    18,
    19,
    20,
    21,
    22,
    23,
    24,
    25,
    26,
    27,
    28,
    29,
    30,
    31,
    32,
    33,
    34,
    35,
    36,
    37,
    38,
    39,
    40,
    41,
    42,
    43,
    44,
    45,
    46,
    48,
    49
  ],
  "pg": [
    4.4564728283358805,
    0.04507349853669079,
    0.045073498537574884,
    0.04507349853669082,
    0.045073498537574884,
    0.09024649853364525,
    0.26701073142594084,
    0.04676499857115814,
    0.025867629241033346,
    0.025867629241033346,
    0.025867629241033346,
    0.025867629241033346,
    0.025867629241033346,
    0.025867629241033346,
    0.0,
    0.02387999849223543,
    0.17909999848831518,
    0.17909999848678076,
    0.03183999843226712,
    0.049749998433902896,
    0.06268499843337823,
    0.17909999855976066,
    0.208669658316689,
    0.4778411702281577,
    0.004321560971055689,
    0.41209170688281044,
    0.00018879577766860308,
    0.00018879577766860308,
    0.00018879577766860308,
    0.000647963366104032,
    0.000647963366104032,
    0.28522302408967554,
    7.838266525452e-06,
    0.00011210656505847088,
    0.00011210656505847088,
    0.00011210656505847088,
    0.00011210656505847088,
    1.3790699983757535,
    0.11939999841787766,
    0.25869999841166047,
    0.09352999841764253,
    0.09352999841908126,
    0.09352999841749066,
    0.09352999841770489,
    0.09352999841761137,
    0.17412499857495026,
    0.0,
    0.6716249983738543,
    0.6716249983738544
  ],
  "qg": [
    -0.466699094030741,
    0.0034582677619792103,
    0.0038521070317812226,
    0.003603826136034404,
    0.003808092555106125,
    0.007359735924815025,
    -0.1938360880374269,
    -0.0056997894424766545,
    -0.03409978387517675,
    -0.03409978844996379,
    -0.03409978306698632,
    -0.03409979055829393,
    -0.034099790474556746,
    -0.03409978241763237,
    0.001160159753630546,
    0.001664711945877219,
    0.010380829203335393,
    0.012070856951834536,
    -0.003599623201031688,
    -0.0054996567026819035,
    -0.006999656812843738,
    -0.021999851277945327,
    -0.03353399540634409,
    -0.067862658083414,
    0.0022566737287501182,
    0.11677535246075513,
    0.03022895662019703,
    0.09173772326062499,
    0.13556107464790806,
    0.13548285712748628,
    0.13538511199974362,
    -0.039998362148182934,
    -0.006598232667517734,
    -0.09419765093343006,
    -0.0941750154778331,
    -0.0941976432467079,
    -0.09419764269896022,
    0.12868994269462058,
    -0.013299909780724296,
    -0.02889990866937426,
    -0.010399909000422557,
    -0.010399909828702094,
    -0.010399908788570458,
    -0.010399909012180499,
    -0.01039990899472288,
    -0.007200758542365488,
    -0.031134073299784692,
    -0.0184681594481537,
    0.033453887594914584
  ],
  "pd": [
    0.0545822742339362,
    0.012527685149156649,
    0.05873599638958578,
    0.17543932884102148,
    0.315461154888675,
    0.002239462300999684,
    0.018654794876974266,
    0.3308047975846332,
    0.005277148788494305,
    0.005683651846431542,
    0.008366572028817302,
    0.034042783361071104,
    0.010428651177262556,
    0.01771614236137374,
    0.009999975225256016,
    0.017243120621228594,
    0.43670253965962813,
    0.0037915648858509506,
    0.04759042163741573,
    0.15345120888896185,
    0.026400525871851065,
    0.22030248450791284,
    0.007575738807012134,
    0.0471617456854092,
    0.015114522790575426,
    0.2833326313822538,
    0.007886159323982386,
    0.07056893085790424,
    0.015417552342855911,
    0.007021416455279538,
    0.023643696042567622,
    0.046843934203749174,
    0.011411649481001691,
    0.013466337664757178,
    0.0032963702516364993,
    0.01638576871721551,
    0.0055727873760850226,
    0.0040945944381314365,
    0.02083512946045581,
    0.007376182760388398,
    0.010280831883467198,
    0.013614156958552535,
    0.007176626713764665,
    0.027790027233527425,
    0.017317030268126272,
    0.01073907169423281,
    0.1519212791981799,
    0.06314840230937724,
    0.09506258783979518,
    0.02455278469940908,
    0.016252731352799688,
    0.018189164101518888,
    0.1386618885447362,
    0.02659269095378503,
    0.004375451096342618,
    0.006533612785754855,
    0.040598569040895274,
    0.015572762601341038,
    0.0066149133973423015,
    0.016563151869769942,
    0.02773089951600929,
    0.03572792331033819,
    0.0609680677258957,
    0.36467019779315,
    0.06338491317944982,
    0.016873572386740195,
    0.01633403196438714,
    0.3678926583978887,
    0.015535807777892199,
    0.007095326102177217,
    0.010938627740856544,
    0.005395404223530593,
    0.005831471140226902,
    0.021855082587643782,
    0.006223192268784601,
    0.005321494576632913,
    0.04262369336589169,
    0.0899184764157167,
    0.2763481697504231,
    0.0038359106739895583,
    0.01521060533154241,
    0.3884691040942027,
    0.003917211285577006,
    0.0332149953158171,
    0.03248328981153008,
    0.0116629422804538,
    0.02645226262467944,
    0.08025109460150023,
    0.06515135374030434,
    0.25187668566260146,
    0.029098227983616363,
    0.006437530244787872,
    0.12330346391939846,
    0.013288954512202746,
    0.004538052319517512,
    0.0014338471498149795,
    0.1081298134113049,
    0.5709076764964344,
    0.03252024463497891,
    0.2236062457242391,
    0.01120470246968819,
    0.011404258516311922,
    0.17664405608545364,
    0.008573519040130803,
    0.015469289095684288,
    0.04198807040257164,
    0.008573519040130803,
    0.060687211067684516,
    0.010517342753539771,
    0.2753947353054431,
    0.19789307956853644,
    0.06691779430115889,
    0.011108619928721206,
    0.11855846458856745,
    0.23668086226043858,
    0.10906107496221565,
    0.06625999844376954,
    0.010258658989397894,
    0.010694725906094202,
    0.3385283556854407,
    0.030657721533157396,
    0.028041320032979544,
    0.007967459935569833,
    0.016866181422050427,
    0.014900184814572157,
    0.007457483371975846,
    0.05692521004059264,
    0.011389476586932387,
    0.009061322709655489,
    0.015705799965756863,
    0.03830736998706721,
    0.1405096297171782,
    0.010384305389123948,
    0.022631133880069418,
    0.050406379184217316,
    0.17448589439604142,
    0.057243021522252656,
    0.01062820722388629,
    0.3440050605205588,
    0.003991120932474685,
    0.006962288737761394,
    0.0680707847927627,
    0.01402805098117954,
    0.008351790099437767,
    0.05736866792197871,
    0.015550589707271734,
    0.12408690617651387,
    0.005410186152910128,
    0.01897260635863429,
    0.002387281594795043,
    0.026644427706613405,
    0.3898068687030507,
    0.16251253159861734,
    0.27771549821803015,
    0.039711653278123114,
    0.016592715728529016,
    0.014855839026433549,
    0.005240193965045466,
    0.007028807419969306,
    0.05678478171148704
  ],