{
  "hour": 2,
  "dispatch": 2,
  "load": 0.7370901240697978,
  "wind": 0.3426387327065978,
  "solar": 0.00051954485609,
  "gen": [
    47,
    1,
    2,
    3,
    4,
    5,
    6,
    7,
    8,
    9,
    10,
    11,
    12,
    13,
    14,
    15,
    16,
    17,
    18,
    19,
    20,
    21,
    22,
    23,
    24,
    25,
    26,
    27,
    28,
    29,
    30,
    31,
    32,
    33,
    34,
    35,
    36,
    37,
    38,
    39,
    40,
    41,
    42,
    43,
    44,
    45,
    46,
    48,
    49
  ],
  "pg": [
    4.223515880866529,
    0.04507349920800366,
    0.045073499208481874,
    0.04507349920800366,
    0.045073499208481874,
    0.09024649920635504,
    0.29638250379120706,
    0.046764999227348794,
    0.028713125800812898,
    0.028713125800812898,
    0.028713125800812898,
    0.028713125800812898,
    0.028713125800812898,
    0.028713125800812898,
    0.0,
    0.023879999184342016,
    0.17909999918221542,
    0.1790999991813841,
    0.03183999915284691,
    0.04974999915371229,
    0.06268499915342751,
    0.17909999922135916,
    0.23162378330966008,
    0.5304047582298134,
    0.004796942257892369,
    0.457422708163308,
    0.00020272640284631801,
    0.00020272640284631801,
    0.00020272640284631801,
    0.000695774471275728,
    0.000695774471275728,
    0.31659818902089637,
    8.416626668658e-06,
    0.00012037854315605302,
    0.00012037854315605302,
    0.00012037854315605302,
    0.00012037854315605302,
    1.3790699991217068,
    0.11939999914476897,
    0.25869999914138436,
    0.09352999914463558,
    0.09352999914541886,
    0.09352999914455032,
    0.09352999914466889,
    0.09352999914461892,
    0.1741249992296,
    0.0,
    0.6716249991205365,
    0.6716249991205366
  ],
  "qg": [
    -0.46669958503102754,
    0.0034925517991168946,
    0.0038955807596309623,
    0.0036379784808479323,
    0.003851601363832094,
    0.007400387733674163,
    -0.18893694845530024,
    -0.0056998864441654366,
    -0.03409988342718689,
    -0.03409988588789545,
    -0.03409988299246572,
    -0.034099887021900616,
    -0.03409988697673427,
    -0.03409988264322691,
    0.001147713478757091,
    0.001659874295751832,
    0.010333846843906591,
    0.012036080676480048,
    -0.0035998087930244273,
    -0.005499824522864016,
    -0.006999824551649897,
    -0.021999919833196442,
    -0.041167120738952165,
    -0.08325498433222239,
    0.002074452739269573,
    0.10923676032850951,
    0.02997482677413408,
    0.09096488139163297,
    0.13442063887609104,
    0.1328753190718377,
    0.13278113637797812,
    -0.040781345864916246,
    -0.0065993399906019755,
    -0.09419918218308806,
    -0.0941945784830523,
    -0.09419917821725914,
    -0.09419917791838404,
    0.12561044975148922,
    -0.013299950663758992,
    -0.02889995003534619,
    -0.010399950229873356,
    -0.01039995069034609,
    -0.010399950110981286,
    -0.010399950236181277,
    -0.0103999502268169,
    -0.008592445912260818,
    -0.03198993837536992,
    -0.019200512235670687,
    0.03274575685565887
  ],
  "pd": [
    0.05443410566255456,
    0.012493677602983073,
    0.05857655215982683,
    0.1749630827504479,
    0.3146048067554711,
    0.0022333830759314875,
    0.018604154731521695,
    0.3299067977311601,
    0.005262823485858356,
    0.0056682230540967445,
    0.00834386020447011,
    0.03395037111465488,
    0.010400341650624846,
    0.017668050273953056,
    0.009972829378664365,
    0.01719631259454838,
    0.4355170707078807,
    0.003781272336478063,
    0.047461233088854284,
    0.1530346515593714,
    0.02632885923177318,
    0.21970445328148464,
    0.007555173771715428,
    0.047033720816893804,
    0.015073493037227364,
    0.282563499062157,
    0.007864751623824743,
    0.07037736504618429,
    0.015375699988095981,
    0.007002356178663079,
    0.02357951306899283,
    0.046716772063543785,
    0.011380671515637679,
    0.013429782060551716,
    0.0032874219533512985,
    0.016341288050627414,
    0.0055576595354862755,
    0.00408347928734668,
    0.0207785705975276,
    0.007356159438216581,
    0.010252923625810888,
    0.013577200085365674,
    0.007157145104717736,
    0.027714588665024388,
    0.01727002160695536,
    0.010709919502734162,
    0.15150887500254695,
    0.06297698020052353,
    0.0948045317578574,
    0.024486133921598683,
    0.016208611828294854,
    0.018139787953357724,
    0.13828547817673476,
    0.026520502664031324,
    0.004363573534493203,
    0.006515876696777013,
    0.040488360515154,
    0.01553048891415064,
    0.00659695661042469,
    0.01651818968040417,
    0.02765562145509881,
    0.03563093659753402,
    0.060802564334517625,
    0.3636802672160383,
    0.06321284904022587,
    0.01682776753251348,
    0.016289691741942534,
    0.36689398015698255,
    0.01549363440794715,
    0.0070760651910700585,
    0.010908933836233007,
    0.005380757905709524,
    0.005815641078910705,
    0.02179575496874392,
    0.006206298844667698,
    0.005307048893302544,
    0.04250798745510525,
    0.0896743844943316,
    0.2755979973896974,
    0.003825497743922251,
    0.01516931475335644,
    0.38741456921108575,
    0.003906577657569929,
    0.033124830175696715,
    0.032395110952867616,
    0.011631282157821408,
    0.026380455540458064,
    0.08003324567149864,
    0.06497449443675267,
    0.25119294338174636,
    0.02901923818462794,
    0.006420054980647939,
    0.12296874539856437,
    0.013252880430774964,
    0.004525733361788558,
    0.0014299548406954078,
    0.10783628515141143,
    0.5693578954364746,
    0.0324319654590711,
    0.2229992461360766,
    0.011174286280898135,
    0.011373300614396979,
    0.17616453965268167,
    0.008550245439209654,
    0.015427296296780869,
    0.04187408994840521,
    0.008550245439209654,
    0.0605224700873711,
    0.010488792465513222,
    0.27464715112964744,
    0.19735588071968835,
    0.0667361398332795,
    0.011078464564769061,
    0.11823662680203627,
    0.23603837043087136,
    0.10876501870773936,
    0.06608012962285736,
    0.010230810922088794,
    0.010665694095289974,
    0.3376093895276895,
    0.030574498346415215,
    0.02796519930720813,
    0.00794583153747242,
    0.016820396631272785,
    0.014859736901247124,
    0.00743723935186426,
    0.05677068135585583,
    0.011358558811915585,
    0.009036724921095722,
    0.015663165136483203,
    0.03820338113053762,
    0.14012820348690927,
    0.010356116243180658,
    0.02256969959901721,
    0.050269546461560205,
    0.17401223649039788,
    0.057087630109205846,
    0.010599355984123692,
    0.3430712273470467,
    0.003980286669976909,
    0.006943388968737495,
    0.0678860004268284,
    0.013989970554844763,
    0.008329118401988715,
    0.0572129354302977,
    0.015508376210428545,
    0.12375006093007836,
    0.00539549970819092,
    0.018921103484871707,
    0.002380801100745447,
    0.02657209897271621,
    0.38874870233565206,
    0.16207137648046713,
    0.2769616141192265,
    0.03960385236627024,
    0.01654767328536696,
    0.014815511493802936,
    0.005225968979654866,
    0.007009727079903777,
    0.05663063423228256
  ],