{
  "hour": 3,
  "dispatch": 0,
  "load": 0.7410396052466746,
  "wind": 0.5318515430768889,
  "solar": 0.0004841013169588889,
  "gen": [
    47,
    1,
    2,
    3,
    4,
    5,
    6,
    7,
    8,
    9,
    10,
    11,
    12,
    13,
    14,
    15,
    16,
    17,
    18,
    19,
    20,
    21,
    22,
    23,
    24,
    25,
    26,
    27,
    28,
    29,
    30,
    31,
    32,
    33,
    34,
    35,
    36,
    37,
    38,
    39,
    40,
    41,
    42,
    43,
    44,
    45,
    46,
    48,
    49
  ],
  "pg": [
    3.1606388126451606,
    0.045073494433575084,
    0.04507349443692428,
    0.04507349443357618,
    0.045073494436924086,
    0.09024649442202502,
    0.46005158476150887,
    0.04676499459616319,
    0.044569159309843294,
    0.044569159309843294,
    0.044569159309843294,
    0.044569159309843294,
    0.044569159309843294,
    0.044569159309843294,
    0.0,
    0.023879994288163172,
    0.17909999427323883,
    0.17909999426739615,
    0.03183999409456497,
    0.04974999410020696,
    0.06268499409820537,
    0.17909999456021491,
    0.3595316431199768,
    0.823306188683024,
    0.007445921603076444,
    0.7100218100076466,
    0.00018889633387735843,
    0.00018889633387735843,
    0.00018889633387735843,
    0.0006483084836713441,
    0.0006483084836713441,
    0.4914308258030453,
    7.842441334734e-06,
    0.00011216627513937455,
    0.00011216627513937455,
    0.00011216627513937455,
    0.00011216627513937455,
    1.3790699938642141,
    0.11939999402853302,
    0.2586999940043748,
    0.09352999402746284,
    0.09352999403305348,
    0.09352999402679978,
    0.09352999402768701,
    0.09352999402735077,
    0.1741249946230573,
    0.0,
    0.6716249938444043,
    0.6716249938444117
  ],
  "qg": [
    -0.4666981057382482,
    0.0040066789126452,
    0.0045407702468313015,
    0.004150820618614702,
    0.00449717849950281,
    0.008036149068496446,
    -0.1600939143276265,
    -0.005699169587223047,
    -0.034099147973450275,
    -0.03409916874875882,
    -0.03409914503722002,
    -0.03409917773580985,
    -0.034099177435820006,
    -0.034099142723089455,
    0.0012117386460143524,
    0.0016763533672260703,
    0.010465854755063331,
    0.012145852228521834,
    -0.003598872051933197,
    -0.005498961675542964,
    -0.006998963480756052,
    -0.021999427413722548,
    -0.06461249941291242,
    -0.1256878294979584,
    0.0014571130628460857,
    0.096977682587656,
    0.03012284907063869,
    0.09141435949306441,
    0.13508342804934698,
    0.13122088395771814,
    0.13112946960659672,
    -0.031943982022598134,
    -0.006589514627732021,
    -0.09418751683459721,
    -0.09414402727747859,
    -0.09418745998207285,
    -0.09418745594709911,
    0.11717190098439113,
    -0.013299642976715613,
    -0.028899637981974483,
    -0.010399639497402245,
    -0.01039964309533408,
    -0.010399638529483812,
    -0.010399639535675886,
    -0.010399639479020364,
    -0.012536613774851586,
    -0.031535368127060856,
    -0.019998504981388318,
    0.03193117960206192
  ],
  "pd": [
    0.054725774847466914,
    0.012560621308931133,
    0.05889041742895323,
    0.17590057109740315,
    0.3162905243113856,
    0.002245350003897424,
    0.018703839636426065,
    0.3316745065163066,
    0.005291022781461256,
    0.005698594564346927,
    0.008388568331392357,
    0.034132284217661825,
    0.010456068830030578,
    0.01776271933776279,
    0.010026265858987507,
    0.017288453990404917,
    0.4378506611560501,
    0.0038015331749154404,
    0.047715540181833375,
    0.15385464284131456,
    0.026469934699411217,
    0.22088167513587628,
    0.0075956559537784145,
    0.04728573721079031,
    0.015154259927294494,
    0.2840775326713127,
    0.007906892587982018,
    0.07075446150895248,
    0.01545808616544563,
    0.007039876249843408,
    0.02370585697184112,
    0.046967090180534236,
    0.011441651505008655,
    0.01350174160759441,
    0.003305036639400169,
    0.016428848048318775,
    0.005587438623559926,
    0.004105359413066578,
    0.020889906471903755,
    0.007395575260361812,
    0.010307860908981243,
    0.013649949528643745,
    0.00719549456694521,
    0.027863089157274954,
    0.017362557950929586,
    0.01076730546423418,
    0.15232069085845396,
    0.06331442387227587,
    0.09531251402682729,
    0.02461733568629453,
    0.016295460919374373,
    0.01823698468512066,
    0.1390264403403286,
    0.02666260499677535,
    0.004386954463060313,
    0.006550790110380604,
    0.04070530551619984,
    0.015613704482547432,
    0.006632304466957737,
    0.016606697553577975,
    0.027803805988855228,
    0.035821854517624235,
    0.06112835703679819,
    0.3656289412287093,
    0.06355155654595482,
    0.01691793418778158,
    0.01637697527595151,
    0.36885987390758473,
    0.015576652502285099,
    0.007113980210368075,
    0.010967386157650784,
    0.0054095891183007245,
    0.005846802485396263,
    0.021912541127144167,
    0.006239553476177,
    0.005335485157776057,
    0.04273575403457573,
    0.09015487837431042,
    0.27707470840173165,
    0.003845995551230241,
    0.015250595075976564,
    0.3894904165176522,
    0.003927509907807375,
    0.03330231985978555,
    0.03256869065059135,
    0.011693604970792524,
    0.026521807471778486,
    0.08046208033768391,
    0.06532264120249436,
    0.2525388870720142,
    0.02917472925856158,
    0.006454454961698536,
    0.12362763734330272,
    0.013323892102335208,
    0.004549983176214582,
    0.0014376168341785488,
    0.1084140942475885,
    0.5724086326767414,
    0.03260574263085368,
    0.2241941221713289,
    0.011234160415539585,
    0.011434241108956187,
    0.17710846565395522,
    0.008596059420861423,
    0.0155099589378129,
    0.042098459974063585,
    0.008596059420861423,
    0.06084676198680445,
    0.010544993582660178,
    0.27611876731096346,
    0.19841335430479712,
    0.06709372585903392,
    0.01113782526685752,
    0.11887016307761906,
    0.23730311278814262,
    0.10934780415019929,
    0.06643420061036437,
    0.010285629720823843,
    0.010722843087919381,
    0.3394183703911343,
    0.030738322825632065,
    0.028115042623058834,
    0.007988406944559151,
    0.016910523791729113,
    0.01493935844177296,
    0.007477089616938946,
    0.057074870396098876,
    0.011419420316851255,
    0.00908514556032423,
    0.015747091611491834,
    0.038408082739935144,
    0.1408790393534453,
    0.010411606453715777,
    0.022690632712653175,
    0.0505389010778232,
    0.17494463000663493,
    0.05739351742635495,
    0.01065614952344718,
    0.34490947386601223,
    0.004001613868332043,
    0.0069805930814236744,
    0.06824974764321874,
    0.014064931707581883,
    0.008373747539287423,
    0.05751949415924688,
    0.015591473294390033,
    0.1244131393248642,
    0.005424409910405658,
    0.019022486666682135,
    0.0023935579249467587,
    0.026714477769142618,
    0.39083169820314867,
    0.1629397884016388,
    0.27844563167143793,
    0.03981605798990383,
    0.016636339137787844,
    0.01489489606545816,
    0.0052539708011989225,
    0.007047286645895875,
    0.056934072871102005
  ],