{
  "hour": 3,
  "dispatch": 3,
  "load": 0.7416482043200078,
  "wind": 0.4401355937224889,
  "solar": 0.0005085441958433333,
  "gen": [
    47,
    1,
    2,
    3,
    4,
    5,
    6,
    7,
    8,
    9,
    10,
    11,
    12,
    13,
    14,
    15,
    16,
    17,
    18,
    19,
    20,
    21,
    22,
    23,
    24,
    25,
    26,
    27,
    28,
    29,
    30,
    31,
    32,
    33,
    34,
    35,
    36,
    37,
    38,
    39,
    40,
    41,
    42,
    43,
    44,
    45,
    46,
    48,
    49
  ],
  "pg": [
    3.7130226334663607,
    0.04507349936851566,
    0.045073499368896174,
    0.04507349936851566,
    0.045073499368896174,
    0.0902464993672019,
    0.3807172885699529,
    0.04676499938549686,
    0.036883362753944576,
    0.036883362753944576,
    0.036883362753944576,
    0.036883362753944576,
    0.036883362753944576,
    0.036883362753944576,
    0.0,
    0.02387999935098289,
    0.17909999934928275,
    0.1790999993486201,
    0.031839999327314884,
    0.04974999932797609,
    0.06268499932774826,
    0.17909999938106855,
    0.29753166135640247,
    0.6813298990824128,
    0.006161898312114844,
    0.5875810176195226,
    0.00019843394521806867,
    0.00019843394521806867,
    0.00019843394521806867,
    0.0006810423870733919,
    0.0006810423870733919,
    0.40668528859957975,
    8.238415972661999e-06,
    0.00011782969017690033,
    0.00011782969017690033,
    0.00011782969017690033,
    0.00011782969017690033,
    1.3790699993019744,
    0.11939999932036992,
    0.2586999993176477,
    0.09352999932025567,
    0.09352999932088558,
    0.09352999932018374,
    0.09352999932028162,
    0.09352999932024268,
    0.17412499938800197,
    0.0,
    0.671624999300258,
    0.671624999300258
  ],
  "qg": [
    -0.46669974299183453,
    0.0037585657521516237,
    0.0042296572291125305,
    0.0039035641938547196,
    0.004185789572713426,
    0.007730917803049412,
    -0.17508781766796788,
    -0.00569990903874794,
    -0.03409990656508379,
    -0.03409990857756,
    -0.034099906222124096,
    -0.03409990949520378,
    -0.03409990945932553,
    -0.034099905947098275,
    0.001180546530557007,
    0.0016763345557076303,
    0.010485803546816457,
    0.01215980684710074,
    -0.003599862880814294,
    -0.005499872943796929,
    -0.006999872953418842,
    -0.0219999360647524,
    -0.05310029880143511,
    -0.10525539244007387,
    0.0018099282209466034,
    0.1037554498160556,
    0.0303045684263359,
    0.09196826297162226,
    0.13590096318133643,
    0.13385929507824476,
    0.13376364957685372,
    -0.03667624747210379,
    -0.0065995743080254745,
    -0.09419949922420023,
    -0.09419798584030473,
    -0.09419949661067478,
    -0.09419949640836135,
    0.12298037906658923,
    -0.013299960030624048,
    -0.02889995949322304,
    -0.010399959667388815,
    -0.01039996005180265,
    -0.010399959566471337,
    -0.010399959672282905,
    -0.010399959665020641,
    -0.0098819116486145,
    -0.032271780188248625,
    -0.019371489876745043,
    0.03256298160350222
  ],
  "pd": [
    0.05477071988903257,
    0.012570937063224132,
    0.05893878279731102,
    0.17604503425944024,
    0.3165502865678657,
    0.0022471940590896235,
    0.018719200677036994,
    0.33194690328954907,
    0.0052953681788448555,
    0.0057032746912208596,
    0.008395457672902487,
    0.034160316290979556,
    0.01046465616295531,
    0.017777307457550587,
    0.010034500204449705,
    0.017302652606785783,
    0.43821025800451974,
    0.00380465528816164,
    0.047754727876165304,
    0.15398100018092,
    0.02649167385831068,
    0.2210630802616647,
    0.00760189409428008,
    0.0473245719176597,
    0.015166705778344159,
    0.284310839126075,
    0.007913386340094484,
    0.07081257054847434,
    0.015470781542115362,
    0.007045657941040073,
    0.02372532605619705,
    0.047005663189802094,
    0.01145104827470092,
    0.013512830282710542,
    0.003307750991267235,
    0.01644234068977457,
    0.005592027460572859,
    0.0041087310519328435,
    0.02090706287978102,
    0.007401649079113677,
    0.010316326522091308,
    0.013661159923574542,
    0.007201404063947275,
    0.027885972482432284,
    0.01737681742721778,
    0.010776148408769712,
    0.1524457883979776,
    0.06336642257710147,
    0.0953907920396394,
    0.02463755334751066,
    0.01630884401299697,
    0.01825196230831539,
    0.13914061961247665,
    0.026684502391433877,
    0.004390557369574446,
    0.006556170126188869,
    0.040738735863298035,
    0.015626527665022562,
    0.006637751428664069,
    0.016620336258811375,
    0.02782664062608669,
    0.035851274196829166,
    0.06117856037435745,
    0.3659292240114919,
    0.06360375000248387,
    0.016931828504625778,
    0.016390425315472173,
    0.36916281018232705,
    0.015589445254806563,
    0.007119822761472074,
    0.010976393423936116,
    0.0054140318915360565,
    0.005851604332084862,
    0.02193053740174263,
    0.006244677880374466,
    0.005339867071104056,
    0.04277085194313486,
    0.09022892053757214,
    0.2773022635952509,
    0.0038491541804208406,
    0.015263120044905761,
    0.38981029619059615,
    0.003930735482896041,
    0.03332967030214115,
    0.03259543857986434,
    0.011703208664169722,
    0.02654358923261308,
    0.08052816202506644,
    0.06537628921080868,
    0.25274629155021544,
    0.029198689804078706,
    0.006459755859627268,
    0.1237291699267069,
    0.01333483471367374,
    0.0045537199745248474,
    0.0014387975163808152,
    0.10850313229201715,
    0.5728787389449468,
    0.03263252099008034,
    0.22437824773497514,
    0.011243386777491317,
    0.01144363179265772,
    0.17725392083248184,
    0.00860311917011209,
    0.015522696916417764,
    0.04213303448741964,
    0.00860311917011209,
    0.06089673405671584,
    0.01055365394747371,
    0.27634553741167817,
    0.19857630670668208,
    0.06714882841913351,
    0.011146972510929717,
    0.11896778845497244,
    0.2374980044693961,
    0.10943760902946034,
    0.06648876151728869,
    0.010294077075961708,
    0.010731649516510513,
    0.3396971270246932,
    0.030763567515193924,
    0.028138132871901096,
    0.007994967642569684,
    0.016924412022582578,
    0.014951627799091358,
    0.007483230381588878,
    0.057121744696727005,
    0.01142879882857132,
    0.009092606984963295,
    0.015760024341800166,
    0.038439626429906004,
    0.14099474012327667,
    0.010420157270696109,
    0.02270926801627864,
    0.050580407534624526,
    0.17508830807586745,
    0.057440653424584605,
    0.010664901178121713,
    0.34519274021870444,
    0.004004900303328042,
    0.006986326084694473,
    0.06830579961787273,
    0.014076482917993748,
    0.008380624708816087,
    0.057566733619319,
    0.015604278218892964,
    0.12451531702328611,
    0.005428864855622457,
    0.019038109404894598,
    0.002395523699953625,
    0.02673641776573628,
    0.3911526794404153,
    0.16307360716588332,
    0.2786743127732429,
    0.039848758018114015,
    0.016650002186984175,
    0.014907128906832157,
    0.005258285768628855,
    0.007053074423083274,
    0.056980831537906194
  ],