{
  "hour": 4,
  "dispatch": 2,
  "load": 0.7364471559179745,
  "wind": 0.57708909888112,
  "solar": 0.0005297823907577778,
  "gen": [
    47,
    1,
    2,
    3,
    4,
    5,
    6,
    7,
    8,
    9,
    10,
    11,
    12,
    13,
    14,
    15,
    16,
    17,
    18,
    19,
    20,
    21,
    22,
    23,
    24,
    25,
    26,
    27,
    28,
    29,
    30,
    31,
    32,
    33,
    34,
    35,
    36,
    37,
    38,
    39,
    40,
    41,
    42,
    43,
    44,
    45,
    46,
    48,
    49
  ],
  "pg": [
    2.823927371921473,
    0.0450734976606345,
    0.04507349766204047,
    0.04507349766063458,
    0.04507349766204047,
    0.09024649765577361,
    0.49918207053216884,
    0.04676499773164631,
    0.04836006648623787,
    0.04836006648623787,
    0.04836006648623787,
    0.04836006648623787,
    0.04836006648623787,
    0.04836006648623787,
    0.0,
    0.02387999760079253,
    0.17909999759447173,
    0.17909999759201298,
    0.03183999752369356,
    0.049749997525982706,
    0.0626849975251359,
    0.17909999771729,
    0.3901122308436371,
    0.8933339250679738,
    0.00807924738433568,
    0.7704139470062953,
    0.0002067210888736849,
    0.0002067210888736849,
    0.0002067210888736849,
    0.0007094845777028161,
    0.0007094845777028161,
    0.5332303273661549,
    8.582474730276e-06,
    0.00012275057993857712,
    0.00012275057993857712,
    0.00012275057993857712,
    0.00012275057993857712,
    1.3790699974242258,
    0.1193999974946614,
    0.2586999974844567,
    0.093529997494199,
    0.09352999749655896,
    0.09352999749391301,
    0.09352999749429211,
    0.09352999749415244,
    0.17412499774357967,
    0.0,
    0.6716249974156634,
    0.671624997415664
  ],
  "qg": [
    -0.4666992865981907,
    0.004096462311337275,
    0.004654138713575439,
    0.004240702557751756,
    0.004610484132842464,
    0.008147980794869654,
    -0.15180861407366225,
    -0.005699661162492776,
    -0.03409965187888166,
    -0.03409965976771612,
    -0.03409965065085358,
    -0.034099663270679335,
    -0.03409966314231594,
    -0.034099649675421395,
    0.001152936582091324,
    0.0016626773249700738,
    0.010344947406573178,
    0.012051889167507353,
    -0.0035995604518925615,
    -0.005499589402460513,
    -0.006999589597634846,
    -0.021999763415003093,
    -0.07156360849663666,
    -0.1381707372259138,
    0.0012467760567844198,
    0.09055508685966678,
    0.029600406972297794,
    0.08982585657827037,
    0.13273957011977774,
    0.12671101170689478,
    0.12662534604020148,
    -0.030128826010796816,
    -0.006597804833831875,
    -0.09419741928919949,
    -0.09419069015326886,
    -0.09419740147632022,
    -0.09419740015504505,
    0.11247781388865538,
    -0.013299848722024544,
    -0.028899846540827293,
    -0.010399847260005585,
    -0.01039984878875804,
    -0.010399846848097298,
    -0.010399847276722027,
    -0.010399847251953767,
    -0.01454880393347795,
    -0.03221888670480816,
    -0.020797637343071152,
    0.03115921262531509
  ],
  "pd": [
    0.054386622464542414,
    0.012482779292809668,
    0.05852545548080143,
    0.1748104614002496,
    0.3143303750889099,
    0.002231434882431463,
    0.018587926215369675,
    0.329619018045767,
    0.0052582326932543375,
    0.005663278629009224,
    0.008336581804991472,
    0.033920756001581905,
    0.01039126937000262,
    0.01765263832735385,
    0.009964130019570196,
    0.017181312147566345,
    0.43513716654569434,
    0.0037779739098592093,
    0.04741983236955838,
    0.15290115851168987,
    0.02630589240939005,
    0.21951280376447066,
    0.007548583348159239,
    0.04699269301912596,
    0.015060344338522578,
    0.28231701722115554,
    0.007857891153644788,
    0.07031597444704821,
    0.015362287672448948,
    0.006996247981220757,
    0.023558944517816004,
    0.04667602074208123,
    0.011370744087373527,
    0.013418067180825496,
    0.0032845543153941664,
    0.016327033446701493,
    0.0055528115556215275,
    0.004079917243785579,
    0.0207604453253277,
    0.007349742616061385,
    0.010243979938819026,
    0.01356535661200909,
    0.007150901883963532,
    0.027690413062515833,
    0.01725495686315814,
    0.010700577175488168,
    0.15137671289893967,
    0.06292204500163175,
    0.0947218331941699,
    0.02446477451959511,
    0.01619447295863626,
    0.018123964507141353,
    0.1381648509217712,
    0.02649736866992872,
    0.0043597671630344085,
    0.006510192858314895,
    0.040453042274574344,
    0.015516941575191722,
    0.0065912020454658715,
    0.016503780764121807,
    0.0276314972900424,
    0.035599855517074876,
    0.06074952589167372,
    0.3633630267299287,
    0.06315770809152549,
    0.016813088569607358,
    0.016275482145787237,
    0.36657393632973095,
    0.015480119217395824,
    0.007069892696812554,
    0.010899417907586023,
    0.005376064238201214,
    0.00581056806019282,
    0.021776742400494504,
    0.006200885052829346,
    0.005302419522609416,
    0.042470907481789597,
    0.08959616098898078,
    0.27535759159773066,
    0.0038221607392142877,
    0.015156082468791916,
    0.38707662515048746,
    0.003903169926365265,
    0.03309593518695377,
    0.03236685250259498,
    0.011621136120385636,
    0.02635744371030431,
    0.07996343218957366,
    0.06491781679416944,
    0.2509738262652865,
    0.02899392452849066,
    0.006414454728045559,
    0.12286147902179569,
    0.01324131986340518,
    0.004521785537336363,
    0.0014287074824808706,
    0.10774221891079967,
    0.5688612411172802,
    0.03240367486039088,
    0.22280472255142397,
    0.011164538883716494,
    0.011363379615814346,
    0.1760108702643959,
    0.008542787008648503,
    0.015413838973363207,
    0.041837562927700134,
    0.008542787008648503,
    0.060469675972424884,
    0.010479643028712777,
    0.27440757476659655,
    0.19718372599703765,
    0.06667792549681342,
    0.011068800753447157,
    0.11813348828080229,
    0.23583247273961297,
    0.10867014232725632,
    0.0660224875280464,
    0.010221886524141487,
    0.010656390346133091,
    0.33731489082510985,
    0.030547828027477585,
    0.027940805095527953,
    0.007938900340795765,
    0.01680572409804818,
    0.014846774663306367,
    0.007430751803212362,
    0.0567211599488024,
    0.011348650672695988,
    0.009028842131554367,
    0.015649502063256958,
    0.038170056091228616,
    0.14000596881156613,
    0.010347082540647541,
    0.02255001191420838,
    0.05022569603360586,
    0.17386044456911542,
    0.05703783222584713,
    0.010590110102100474,
    0.3427719642504621,
    0.0039768146419570626,
    0.00693733220874732,
    0.06782678306004546,
    0.013977767019323156,
    0.00832185286187311,
    0.05716302824235318,
    0.015494848160514184,
    0.12364211300706875,
    0.0053907931813195736,
    0.018904598492414403,
    0.0023787243136150576,
    0.02654891997084298,
    0.38840959450269896,
    0.16193000064324423,
    0.2767200188361789,
    0.03956930568747277,
    0.01653323865035853,
    0.014802587833951287,
    0.005221410335458439,
    0.007003612452779937,
    0.05658123498917798
  ],