{
  "hour": 4,
  "dispatch": 3,
  "load": 0.7360643152779088,
  "wind": 0.6078543663573823,
  "solar": 0.0005183741373222222,
  "gen": [
    47,
    1,
    2,
    3,
    4,
    5,
    6,
    7,
    8,
    9,
    10,
    11,
    12,
    13,
    14,
    15,
    16,
    17,
    18,
    19,
    20,
    21,
    22,
    23,
    24,
    25,
    26,
    27,
    28,
    29,
    30,
    31,
    32,
    33,
    34,
    35,
    36,
    37,
    38,
    39,
    40,
    41,
    42,
    43,
    44,
    45,
    46,
    48,
    49
  ],
  "pg": [
    2.636766791507636,
    0.04507349756073409,
    0.04507349756219913,
    0.04507349756073418,
    0.04507349756219912,
    0.09024649755566663,
    0.5257940268991357,
    0.04676499763665778,
    0.05093819590074864,
    0.05093819590074864,
    0.05093819590074864,
    0.05093819590074864,
    0.05093819590074864,
    0.05093819590074864,
    0.0,
    0.02387999749965311,
    0.17909999749305466,
    0.17909999749049071,
    0.031839997421507296,
    0.04974999742386224,
    0.0626849974229786,
    0.1790999976221515,
    0.4109095516575904,
    0.9409585591212278,
    0.008509961129003353,
    0.8114855790871054,
    0.0002022695883831311,
    0.0002022695883831311,
    0.0002022695883831311,
    0.0006942066447019199,
    0.0006942066447019199,
    0.5616574345142213,
    8.39766102462e-06,
    0.00012010728761755889,
    0.00012010728761755889,
    0.00012010728761755889,
    0.00012010728761755889,
    1.3790699973167064,
    0.11939999739050383,
    0.2586999973798482,
    0.09352999739001704,
    0.09352999739248052,
    0.09352999738971626,
    0.09352999739011364,
    0.0935299973899687,
    0.1741249976497975,
    0.0,
    0.671624997307132,
    0.6716249973071325
  ],
  "qg": [
    -0.46669928858321585,
    0.004198750798006134,
    0.0047824820348173445,
    0.004342850528795318,
    0.004738862787124084,
    0.008275645794196962,
    -0.14626985832434616,
    -0.005699647142865092,
    -0.03409963743136523,
    -0.03409964567810748,
    -0.03409963616316407,
    -0.03409964932780477,
    -0.034099649194762244,
    -0.034099635156863074,
    0.0011510660418725983,
    0.00166149759637287,
    0.010333106843623858,
    0.012042732832703937,
    -0.003599553373765235,
    -0.0054995819631117136,
    -0.006999582152771453,
    -0.021999753620924815,
    -0.07416413022624317,
    -0.14197224575697534,
    0.0011599795294897283,
    0.08988786137170197,
    0.029525387697615056,
    0.08959763570155552,
    0.13240280371890528,
    0.1258442235726066,
    0.12575972707324687,
    -0.027482783051775414,
    -0.0065978315971702405,
    -0.09419743496516972,
    -0.09419128156071725,
    -0.09419741775470422,
    -0.09419741648207752,
    0.11084231288252232,
    -0.01329984190147836,
    -0.028899839600916334,
    -0.01039984036310144,
    -0.01039984197018585,
    -0.010399839928809895,
    -0.010399840380365878,
    -0.01039984035478993,
    -0.01520917575262059,
    -0.032253023887762404,
    -0.020887285522591992,
    0.031065159601267586
  ],
  "pd": [
    0.05435834968327357,
    0.012476290143960555,
    0.05849503113513541,
    0.1747195865175172,
    0.31416697104691704,
    0.002230274875292064,
    0.01857826331761442,
    0.32944766623208643,
    0.005255499211084268,
    0.005660334584487119,
    0.008332248048945928,
    0.033903122361700476,
    0.010385867488571293,
    0.017643461637211477,
    0.009958950185710106,
    0.017172380475433614,
    0.43491096132510515,
    0.003776009937375672,
    0.04739518126074455,
    0.15282167313799944,
    0.026292217341726903,
    0.21939869045488627,
    0.007544659231598565,
    0.046968263957883366,
    0.015052515247433236,
    0.28217025526178635,
    0.007853806244015289,
    0.07027942082273474,
    0.015354301616697178,
    0.006992610995140134,
    0.0235466974457403,
    0.046651756302313864,
    0.011364833027890913,
    0.0134110918243635,
    0.003282846846139474,
    0.016318545869711237,
    0.005549924937195433,
    0.0040777963066396155,
    0.02074965304768425,
    0.007345921866473529,
    0.010238654625515712,
    0.01355830468741908,
    0.007147184501348495,
    0.027676018254449365,
    0.017245986906961403,
    0.010695014500988014,
    0.15129802000537418,
    0.06288933509734453,
    0.09467259223104464,
    0.02445205655353213,
    0.016186054292961216,
    0.018114542798989337,
    0.13809302618928848,
    0.02648359406369916,
    0.00435750074644522,
    0.006506808547056714,
    0.040432012838215535,
    0.015508875122905538,
    0.006587775621737284,
    0.016495201305377936,
    0.027617133109227136,
    0.035581349000534106,
    0.060717945367274706,
    0.3631741331581203,
    0.06312487567823347,
    0.01680434831779466,
    0.016267021367641785,
    0.3663833735727319,
    0.015472071907141643,
    0.007066217426667925,
    0.010893751866113051,
    0.005373269501528734,
    0.005807547447542701,
    0.021765421802767762,
    0.006197661534639993,
    0.005299663070000944,
    0.04244882906207701,
    0.08954958459671039,
    0.27521444748241014,
    0.003820173796292347,
    0.015148203608419364,
    0.38687540411006893,
    0.0039011408709729166,
    0.033078730328589226,
    0.032350026656464095,
    0.011615094895085401,
    0.02634374184379636,
    0.07992186335287534,
    0.06488406939174766,
    0.25084335800355856,
    0.02897885209249127,
    0.006411120186070586,
    0.12279760971781353,
    0.013234436388696801,
    0.00451943489580636,
    0.0014279647716391433,
    0.10768620932515807,
    0.568565519693268,
    0.03238682987222799,
    0.2226888979441785,
    0.011158735019613097,
    0.011357472384738132,
    0.17591937135142022,
    0.008538346057223742,
    0.015405826118766633,
    0.041815813750938,
    0.008538346057223742,
    0.0604382409274691,
    0.010474195206404642,
    0.27426492451570167,
    0.1970812204156601,
    0.06664326310526188,
    0.011063046658626969,
    0.11807207681372936,
    0.23570987568144475,
    0.10861365036240822,
    0.06598816586466452,
    0.010216572696057375,
    0.01065085064207134,
    0.3371395383267406,
    0.030531947797727662,
    0.027926280121643863,
    0.007934773318695857,
    0.01679698767464188,
    0.014839056596002643,
    0.0074268889411541,
    0.05669167356270454,
    0.011342751098432574,
    0.009024148505307162,
    0.015641366699655563,
    0.03815021346085402,
    0.13993318697748325,
    0.010341703629654619,
    0.02253828933380957,
    0.05019958630195338,
    0.17377006355080873,
    0.05700818121827404,
    0.01058460485369633,
    0.3425937749029499,
    0.0039747473025007075,
    0.006933725849917901,
    0.06779152343709541,
    0.01397050070397471,
    0.00831752676264037,
    0.05713331215187128,
    0.015486793193447201,
    0.12357783789200812,
    0.005387990787834293,
    0.018894770973183917,
    0.0023774877383476454,
    0.026535118565768612,
    0.3882076805207219,
    0.16184582164330658,
    0.27657616646567423,
    0.03954873565988204,
    0.016524643877989055,
    0.014794892737085967,
    0.005218695995320374,
    0.006999971638292912,
    0.056551821342801734
  ],