{
  "hour": 5,
  "dispatch": 0,
  "load": 0.7338922833698821,
  "wind": 0.6760641333992378,
  "solar": 0.0005084326228811111,
  "gen": [
    47,
    1,
    2,
    3,
    4,
    5,
    6,
    7,
    8,
    9,
    10,
    11,
    12,
    13,
    14,
    15,
    16,
    17,
    18,
    19,
    20,
    21,
    22,
    23,
    24,
    25,
    26,
    27,
    28,
    29,
    30,
    31,
    32,
    33,
    34,
    35,
    36,
    37,
    38,
    39,
    40,
    41,
    42,
    43,
    44,
    45,
    46,
    48,
    49
  ],
  "pg": [
    2.2026377045189465,
    0.04507349575275712,
    0.04507349575530459,
    0.045073495752757715,
    0.04507349575530446,
    0.09024649574394342,
    0.5847954753903407,
    0.046764995892196536,
    0.056654174378856136,
    0.056654174378856136,
    0.056654174378856136,
    0.056654174378856136,
    0.056654174378856136,
    0.056654174378856136,
    0.0,
    0.023879995651065702,
    0.179099995639573,
    0.17909999563510773,
    0.031839995524302354,
    0.04974999552829687,
    0.06268499552675903,
    0.17909999586877168,
    0.4570193541778847,
    1.04654727850202,
    0.009464897867589328,
    0.9025456180879824,
    0.00019839040944820955,
    0.00019839040944820955,
    0.00019839040944820955,
    0.0006808929685623839,
    0.0006808929685623839,
    0.6246832592608957,
    8.236608490674e-06,
    0.00011780383872155344,
    0.00011780383872155344,
    0.00011780383872155344,
    0.00011780383872155344,
    1.37906999533708,
    0.11939999546736138,
    0.25869999544876826,
    0.09352999546649993,
    0.09352999547079571,
    0.0935299954659689,
    0.09352999546666681,
    0.09352999546641648,
    0.17412499591753222,
    0.0,
    0.6716249953182887,
    0.6716249953182925
  ],
  "qg": [
    -0.466698862120587,
    0.004431603833529179,
    0.005074439196421812,
    0.0045752473656871795,
    0.005030952108588492,
    0.00856568280124584,
    -0.13337487748831744,
    -0.00569938283336327,
    -0.034099365892678854,
    -0.03409938086475659,
    -0.034099363761706636,
    -0.03409938735568789,
    -0.03409938713195115,
    -0.034099362083137554,
    0.0011504616005544722,
    0.0016543458902445922,
    0.010258774339863035,
    0.01198357521345817,
    -0.0035992587703630413,
    -0.005499305613603135,
    -0.006999306182844273,
    -0.021999570558677135,
    -0.07929410872520329,
    -0.14869611064061217,
    0.0009600223712063528,
    0.08881847157734829,
    0.029227596866132702,
    0.08869134964472272,
    0.13106544571200882,
    0.12302707798412009,
    0.12294650513655031,
    -0.02095270850534512,
    -0.00659597672601575,
    -0.09419526350331581,
    -0.0941855004115713,
    -0.09419524051862295,
    -0.09419523884404196,
    0.10633600113863353,
    -0.013299723850106892,
    -0.028899719775631952,
    -0.010399721094973637,
    -0.010399723949566599,
    -0.010399720317229376,
    -0.010399721123556662,
    -0.010399721081257302,
    -0.016614236324943188,
    -0.03219659176649016,
    -0.021122148594248526,
    0.03081776537318282
  ],
  "pd": [
    0.05419794512686579,
    0.012439474203119501,
    0.05832241975940453,
    0.1742040113035089,
    0.3132399043879331,
    0.002223693618610743,
    0.018523441232255824,
    0.3284755081906918,
    0.005239990903260958,
    0.005643631659114393,
    0.008307660647747066,
    0.03380307857201677,
    0.010355220118349035,
    0.017591398032376075,
    0.009929562593994506,
    0.01712170697101935,
    0.4336275945519285,
    0.003764867413687495,
    0.04725532412618671,
    0.15237071587325493,
    0.02621463236197219,
    0.21875127290406077,
    0.007522395904541292,
    0.04682966660183218,
    0.015008097194914088,
    0.2813376068298443,
    0.007830630663556642,
    0.07007203521615633,
    0.01530899303109574,
    0.00697197669201388,
    0.023477214145002527,
    0.04651409291998313,
    0.011331296855230981,
    0.013371517402999251,
    0.0032731595838296746,
    0.016270391922310286,
    0.005533547816608911,
    0.004065763249869147,
    0.020688423468196975,
    0.007324244988031423,
    0.01020844166167506,
    0.013518295859673228,
    0.0071260940715215555,
    0.02759434985470756,
    0.017195096199356337,
    0.010663454877364387,
    0.15085155884667928,
    0.06270375669112273,
    0.09439322548703424,
    0.024379901653547482,
    0.016138291311303708,
    0.018061089093732798,
    0.13768553128302358,
    0.026405444355648358,
    0.004344642317549702,
    0.006487607784989758,
    0.04031270312550763,
    0.015463110410603415,
    0.006568335936160445,
    0.01644652607031906,
    0.027535638472037976,
    0.03547635297810009,
    0.06053877445518158,
    0.3621024526146999,
    0.06293860222180109,
    0.016754760829334407,
    0.016219019462474397,
    0.3653022229701925,
    0.015426415796434922,
    0.007045365920350867,
    0.010861605793874256,
    0.00535741366860014,
    0.00579041011578837,
    0.021701194819247413,
    0.006179373025974408,
    0.005284024440263151,
    0.04232356798194111,
    0.08928533519477987,
    0.27440232475199894,
    0.003808900950689688,
    0.015103503191752174,
    0.38573378413921006,
    0.003889629101860375,
    0.0329811192146425,
    0.03225456585410632,
    0.011580820231576739,
    0.026266004821808082,
    0.0796860241283018,
    0.0646926047790551,
    0.2501031512496221,
    0.02889333919627226,
    0.006392201788151673,
    0.12243524963459744,
    0.01319538325499048,
    0.004506098619891076,
    0.0014237510297375714,
    0.10736844105701376,
    0.5668877553662317,
    0.03229126046827481,
    0.2220317714107241,
    0.011125807015887413,
    0.01132395793239728,
    0.17540025572540183,
    0.008513150487090632,
    0.015360365490931633,
    0.041692420618243,
    0.008513150487090632,
    0.06025989538750102,
    0.010443287192353422,
    0.27345560370645183,
    0.19649965887228593,
    0.06644660733630914,
    0.011030401019049329,
    0.11772366117536279,
    0.23501432590353735,
    0.1082931453340598,
    0.06579344320410993,
    0.010186424893173963,
    0.010619421340362194,
    0.3361446825519071,
    0.03044185191418271,
    0.027843873231053327,
    0.00791135881472733,
    0.01674742190650071,
    0.014795268432736824,
    0.00740497313920211,
    0.05652438366514832,
    0.011309280086729883,
    0.008997519394114755,
    0.015595211021609996,
    0.03803763704706099,
    0.1395202619914483,
    0.010311186581346844,
    0.02247178171678579,
    0.05005145372582596,
    0.17325729025796177,
    0.05683995734699737,
    0.010553371034858905,
    0.3415828243716779,
    0.003963018330197364,
    0.006913265309344289,
    0.06759147929836615,
    0.013929275538360363,
    0.008292982802079667,
    0.056964719035170246,
    0.015441093642102319,
    0.12321317545496951,
    0.005372091514267537,
    0.018839014914104873,
    0.002370472075284719,
    0.026456816815484247,
    0.3870621291721095,
    0.16136823526736968,
    0.2757600254762332,
    0.039432032385463764,
    0.016475881761653856,
    0.01475123489573463,
    0.005203296289092464,
    0.006979315614847578,
    0.05638494413130804
  ],