{
  "hour": 5,
  "dispatch": 2,
  "load": 0.7328314170818966,
  "wind": 0.7970607534950223,
  "solar": 0.0005417454383222222,
  "gen": [
    47,
    1,
    2,
    3,
    4,
    5,
    6,
    7,
    8,
    9,
    10,
    11,
    12,
    13,
    14,
    15,
    16,
    17,
    18,
    19,
    20,
    21,
    22,
    23,
    24,
    25,
    26,
    27,
    28,
    29,
    30,
    31,
    32,
    33,
    34,
    35,
    36,
    37,
    38,
    39,
    40,
    41,
    42,
    43,
    44,
    45,
    46,
    48,
    49
  ],
  "pg": [
    1.4769259082743418,
    0.04507349601604087,
    0.04507349601842369,
    0.04507349601604151,
    0.04507349601842355,
    0.09024649600777902,
    0.6894575517731942,
    0.04676499615875098,
    0.06679369114288287,
    0.06679369114288287,
    0.06679369114288287,
    0.06679369114288287,
    0.06679369114288287,
    0.06679369114288287,
    0.0,
    0.02387999592908891,
    0.17909999591824466,
    0.17909999591405856,
    0.0318399958243165,
    0.04974999582790164,
    0.06268499582645612,
    0.17909999613973338,
    0.538813069362635,
    1.2338500464102944,
    0.011158850548930312,
    1.0640761059158548,
    0.0002113890700333311,
    0.0002113890700333311,
    0.0002113890700333311,
    0.00072550549100112,
    0.00072550549100112,
    0.7364841362294006,
    8.77627610082e-06,
    0.00012552241805925888,
    0.00012552241805925888,
    0.00012552241805925888,
    0.00012552241805925888,
    1.3790699956420511,
    0.11939999576621804,
    0.25869999574878116,
    0.09352999576541493,
    0.0935299957694355,
    0.09352999576491637,
    0.09352999576557072,
    0.093529995765337,
    0.17412499618712185,
    0.0,
    0.671624995620175,
    0.6716249956201784
  ],
  "qg": [
    -0.46669904087176034,
    0.004952761557535945,
    0.005727782677728475,
    0.005095966932843018,
    0.005684381149975323,
    0.009220492528027974,
    -0.10900009957811957,
    -0.005699428362984577,
    -0.034099412597902494,
    -0.03409942645042053,
    -0.034099410687021915,
    -0.034099432407314216,
    -0.03409943220221153,
    -0.03409940918674359,
    0.0011400714220827174,
    0.00164826555253881,
    0.010205828955056723,
    0.011939233900736621,
    -0.0035993540577742545,
    -0.0054993911401378555,
    -0.006999391509641724,
    -0.021999600342917078,
    -0.08252360010992409,
    -0.14687139040252228,
    0.0007531599680131089,
    0.095742012380597,
    0.02899491563173571,
    0.08798350332477907,
    0.13002107589483103,
    0.12068579715384216,
    0.120608278546396,
    -0.004618034673675263,
    -0.006596963530128955,
    -0.09419654019976914,
    -0.09419079787894895,
    -0.09419652204672921,
    -0.0941965207013244,
    0.10124172589614934,
    -0.013299741969939377,
    -0.02889973814707981,
    -0.010399739394145492,
    -0.01039974206496929,
    -0.010399738665918597,
    -0.010399739420846533,
    -0.010399739381330495,
    -0.01801827085393969,
    -0.032303997724718064,
    -0.020682280624612748,
    0.03120495837143597
  ],
  "pd": [
    0.05411960015149806,
    0.012421492519538146,
    0.05823811271549832,
    0.17395219347272978,
    0.3127871054388951,
    0.0022204791937581467,
    0.01849666496714707,
    0.3280006856575153,
    0.0052324163179647415,
    0.005635473597359784,
    0.00829565164136707,
    0.033754215070792154,
    0.01034025129502556,
    0.01756596906745306,
    0.009915209073118061,
    0.01709695696052065,
    0.43300077109700935,
    0.0037594251696301297,
    0.04718701494590332,
    0.15215045881454337,
    0.02617673821816535,
    0.21843506048960093,
    0.007511522025089441,
    0.04676197272399583,
    0.014986402479324784,
    0.28093092373834505,
    0.007819311220263837,
    0.06997074370297948,
    0.015286863360328362,
    0.006961898462278017,
    0.02344327703244987,
    0.04644685521465061,
    0.011314917079744484,
    0.013352188419232155,
    0.003268428120185259,
    0.016246872516705646,
    0.0055255488847975,
    0.004059886050633708,
    0.020658517647538666,
    0.007313657542477327,
    0.010193685011609182,
    0.013498754702648535,
    0.007115793059865216,
    0.027554461282279303,
    0.017170240102228836,
    0.010648040490199956,
    0.15063349778118384,
    0.06261311627547725,
    0.09425677686507354,
    0.024344659675460605,
    0.016114962861630906,
    0.018034981174385473,
    0.13748650215873462,
    0.02636727438660664,
    0.004338361989124828,
    0.006478229727003966,
    0.04025442974030859,
    0.01544075795791556,
    0.0065588411828829745,
    0.016422752056805302,
    0.027495834768912757,
    0.03542507070173887,
    0.06045126359508565,
    0.36157902118820784,
    0.06284762232894345,
    0.0167305412519797,
    0.016195574317509915,
    0.36477416616668484,
    0.015404116387061467,
    0.007035181603986206,
    0.01084590497281207,
    0.005349669344697845,
    0.005782039880776165,
    0.02166982500311168,
    0.006170440531829569,
    0.0052763862029896556,
    0.042262387823112986,
    0.08915627020218354,
    0.2740056668469211,
    0.0038033950546550433,
    0.015081670563545433,
    0.3851761928182449,
    0.003884006510534052,
    0.032933443883660436,
    0.03220794078074936,
    0.011564079761552328,
    0.02622803641736108,
    0.07957083526675233,
    0.06459908941576918,
    0.2497416186273395,
    0.02885157289051427,
    0.00638296164278332,
    0.1222582653117728,
    0.0131763088791325,
    0.004499584900882845,
    0.0014216929491388795,
    0.10721323631908149,
    0.5660682998107402,
    0.03224458235160345,
    0.22171081692395697,
    0.011109724282961551,
    0.011307588765573664,
    0.1751467086825733,
    0.00850084443815,
    0.015338161559524097,
    0.04163215280442254,
    0.00850084443815,
    0.06017278765659453,
    0.010428191065075388,
    0.27306031431888556,
    0.1962156119236778,
    0.06635055650259493,
    0.011014456198740906,
    0.11755348761410703,
    0.23467460469213575,
    0.10813660390460465,
    0.06569833654139202,
    0.010171700069096725,
    0.010604070605175044,
    0.33565877396602106,
    0.03039784718055707,
    0.027803623964087157,
    0.007899922676142845,
    0.01672321293780888,
    0.014773881368371036,
    0.007394268998356337,
    0.056442675743647676,
    0.011292932137232026,
    0.008984513173424052,
    0.015572667612990303,
    0.0379826523473547,
    0.13931858070143935,
    0.010296281410000647,
    0.022439297991047675,
    0.04997910264498535,
    0.17300684094469415,
    0.05675779325299289,
    0.010538115777637674,
    0.34108905476659795,
    0.003957289652242242,
    0.006903271948911466,
    0.06749377351324269,
    0.013909140296214397,
    0.00828099501302543,
    0.056882374593896806,
    0.015418773015403104,
    0.12303506661387963,
    0.005364325973039483,
    0.018811782476492286,
    0.002367045477174526,
    0.02641857258580237,
    0.38650261768316313,
    0.16113497198796742,
    0.2753614049685226,
    0.039375032039810305,
    0.01645206531348858,
    0.014729911483346122,
    0.005195774747110647,
    0.006969226776448836,
    0.05630343777440211
  ],