{
  "hour": 6,
  "dispatch": 0,
  "load": 0.7348649540539234,
  "wind": 0.8918973343311488,
  "solar": 0.0005184132106077778,
  "gen": [
    47,
    1,
    2,
    3,
    4,
    5,
    6,
    7,
    8,
    9,
    10,
    11,
    12,
    13,
    14,
    15,
    16,
    17,
    18,
    19,
    20,
    21,
    22,
    23,
    24,
    25,
    26,
    27,
    28,
    29,
    30,
    31,
    32,
    33,
    34,
    35,
    36,
    37,
    38,
    39,
    40,
    41,
    42,
    43,
    44,
    45,
    46,
    48,
    49
  ],
  "pg": [
    0.9534782470194798,
    0.045073499468999516,
    0.04507349946931636,
    0.045073499468999516,
    0.04507349946931636,
    0.09024649946789752,
    0.7714911941964437,
    0.04676499948925029,
    0.07474099661695029,
    0.07474099661695029,
    0.07474099661695029,
    0.07474099661695029,
    0.07474099661695029,
    0.07474099661695029,
    0.0,
    0.023879999458388902,
    0.17909999945693028,
    0.1790999994563731,
    0.031839999445713654,
    0.04974999944617597,
    0.06268499944598242,
    0.17909999948701047,
    0.6029225980078565,
    1.3806570735446184,
    0.012486562680636084,
    1.1906829413320836,
    0.00020228483477915488,
    0.00020228483477915488,
    0.00020228483477915488,
    0.0006942589716459359,
    0.0006942589716459359,
    0.8241131369219815,
    8.398294011845999e-06,
    0.0001201163408978221,
    0.0001201163408978221,
    0.0001201163408978221,
    0.0001201163408978221,
    1.3790699994208981,
    0.11939999943751448,
    0.2586999994351983,
    0.09352999943741101,
    0.09352999943794388,
    0.0935299994373458,
    0.09352999943743187,
    0.09352999943740059,
    0.17412499949358368,
    0.0,
    0.6716249994174368,
    0.6716249994174368
  ],
  "qg": [
    -0.46669987910441063,
    0.005462384733749822,
    0.006366677509664068,
    0.00560561464200736,
    0.006323197234831499,
    0.009864367812690355,
    -0.088514775485652,
    -0.0056999257138830835,
    -0.03409992359000475,
    -0.03409992531371715,
    -0.03409992334255877,
    -0.03409992606256662,
    -0.03409992603517328,
    -0.03409992314746404,
    0.0011278874613839672,
    0.0016508903339491905,
    0.010247786118831141,
    0.011969197421807586,
    -0.0035999179382154804,
    -0.005499922088359656,
    -0.0069999220816668985,
    -0.021999947449743953,
    -0.08018893772921942,
    -0.13399543153471888,
    0.0007120850853552841,
    0.10886344667431684,
    0.02911505619776188,
    0.08834953047011625,
    0.13056150224554958,
    0.12149920714477855,
    0.12142034126915335,
    0.012369225636882473,
    -0.006599780359510964,
    -0.09419976268910321,
    -0.09419961137383542,
    -0.09419976129723455,
    -0.09419976118686217,
    0.10059733891784672,
    -0.013299965976418335,
    -0.028899965478798438,
    -0.010399965649966831,
    -0.010399965993648256,
    -0.010399965557389989,
    -0.010399965653807746,
    -0.010399965648113524,
    -0.019108218677232894,
    -0.032490188969130716,
    -0.01959684705671642,
    0.03222342946301688
  ],
  "pd": [
    0.05426977685688224,
    0.012455960971214002,
    0.05839971789866529,
    0.1744348941437798,
    0.3136550596892956,
    0.002226640810783388,
    0.018547991440321026,
    0.328910856135455,
    0.005246935771945013,
    0.0056511114966746705,
    0.008318671279890413,
    0.03384787978372371,
    0.010368944501700858,
    0.017614712948672544,
    0.009942722828349584,
    0.017144399378078032,
    0.43420230675230115,
    0.003769857214296627,
    0.04731795439153213,
    0.15257266176067558,
    0.026249376158806143,
    0.21904119685485293,
    0.007532365779052715,
    0.046891732718180854,
    0.015027988310402732,
    0.2817104801365716,
    0.007841009059755363,
    0.0701649058130686,
    0.015329282941564841,
    0.006981217063512272,
    0.023508329880185006,
    0.04657574078793767,
    0.011346314890592577,
    0.013389239462862483,
    0.0032774976950804987,
    0.016291956031375482,
    0.0055408817535665825,
    0.004071151845458736,
    0.0207158430547801,
    0.007333952241458155,
    0.010221971510890075,
    0.013536212453673268,
    0.007135538703863596,
    0.02763092227242751,
    0.017217885873483423,
    0.010677587782403507,
    0.15105149130578396,
    0.06278686167436721,
    0.09451833039041563,
    0.024412213773671334,
    0.016159680339645776,
    0.018085026519267054,
    0.13786801403005655,
    0.02644044104686016,
    0.004350400527999227,
    0.006496206193836683,
    0.04036613192618202,
    0.015483604581916164,
    0.0065770413387826136,
    0.016468323620348422,
    0.027572133076103202,
    0.03552337187896665,
    0.06061901005990814,
    0.3625823683302059,
    0.06302201845966447,
    0.01677696690105107,
    0.016240515484591708,
    0.3657863795298809,
    0.01544686133421347,
    0.007054703558917664,
    0.010876001319998066,
    0.005364514164593641,
    0.005798084487485457,
    0.021729956691374515,
    0.006187562913134035,
    0.0052910276691882484,
    0.04237966190028977,
    0.08940367031020033,
    0.274766006320762,
    0.0038139491115398625,
    0.015123520754429744,
    0.38624501985074217,
    0.003894784256485794,
    0.03302483103518332,
    0.032297314730669935,
    0.01159616897497091,
    0.02630081670558992,
    0.07979163671117499,
    0.06477834569985334,
    0.25043462769203656,
    0.028931633241102966,
    0.0064006737498096735,
    0.12259752028481605,
    0.013212871873889542,
    0.004512070817891089,
    0.0014256380108646114,
    0.107510742778089,
    0.5676390851094126,
    0.032334057978372625,
    0.22232604319947397,
    0.011140552703457478,
    0.011338966241052037,
    0.1756327240188877,
    0.00852443346702551,
    0.015380723488348617,
    0.041747678039803386,
    0.00852443346702551,
    0.06033976137736765,
    0.01045712829618733,
    0.27381803053003245,
    0.19676009144793796,
    0.06653467294004223,
    0.011045020259430468,
    0.11787968727978984,
    0.2353258042366879,
    0.10843667262019693,
    0.06588064313093422,
    0.010199925562268456,
    0.010633495885160271,
    0.3365901949053185,
    0.030482198294156743,
    0.027880776356805855,
    0.007921844204701293,
    0.01676961825151053,
    0.014814877473727096,
    0.007414787386404087,
    0.05659929876123318,
    0.01132426894197096,
    0.009009444336701101,
    0.015615880273645874,
    0.03808805056861485,
    0.13970517641519137,
    0.010324852604457624,
    0.022501564893131133,
    0.05011778986647757,
    0.17348691835305025,
    0.05691529069147637,
    0.010567358039295418,
    0.3420355442148581,
    0.003968270751891187,
    0.006922427867187958,
    0.06768106226836636,
    0.013947736827943466,
    0.008303973980809334,
    0.05704021773366553,
    0.015461558633294547,
    0.1233764771361132,
    0.005379211463674719,
    0.018863983370564212,
    0.0023736138015941722,
    0.026491881593643938,
    0.38757512541757977,
    0.16158210609737667,
    0.2761255064857617,
    0.0394842939813173,
    0.01649771821851058,
    0.01477078557648386,
    0.005210192524242317,
    0.006988565713052811,
    0.05645967441996293
  ],