{
  "hour": 6,
  "dispatch": 1,
  "load": 0.7715639851842444,
  "wind": 0.9809896747919101,
  "solar": 0.0005237669760766666,
  "gen": [
    47,
    1,
    2,
    3,
    4,
    5,
    6,
    7,
    8,
    9,
    10,
    11,
    12,
    13,
    14,
    15,
    16,
    17,
    18,
    19,
    20,
    21,
    22,
    23,
    24,
    25,
    26,
    27,
    28,
    29,
    30,
    31,
    32,
    33,
    34,
    35,
    36,
    37,
    38,
    39,
    40,
    41,
    42,
    43,
    44,
    45,
    46,
    48,
    49
  ],
  "pg": [
    0.9827790018178413,
    0.045073499660260835,
    0.0450734996604629,
    0.045073499660260835,
    0.0450734996604629,
    0.09024649965955728,
    0.8485560686950022,
    0.04676499967390713,
    0.08220693474756208,
    0.08220693474756208,
    0.08220693474756208,
    0.08220693474756208,
    0.08220693474756208,
    0.08220693474756208,
    0.0,
    0.023879999654814098,
    0.1790999996538853,
    0.17909999965353174,
    0.0318399996461223,
    0.04974999964642258,
    0.06268499964629932,
    0.17909999967254375,
    0.6631490201593312,
    1.5185720165778769,
    0.013733855447086742,
    1.3096212158472,
    0.0002043738740651153,
    0.0002043738740651153,
    0.0002043738740651153,
    0.0007014287343618719,
    0.0007014287343618719,
    0.906434459507725,
    8.485025012441998e-06,
    0.00012135680835696365,
    0.00012135680835696365,
    0.00012135680835696365,
    0.00012135680835696365,
    1.379069999631223,
    0.11939999964090335,
    0.2586999996394433,
    0.09352999964084333,
    0.09352999964117872,
    0.09352999964080451,
    0.09352999964085702,
    0.09352999964083648,
    0.17412499967743852,
    0.0,
    0.6716249996278971,
    0.6716249996278971
  ],
  "qg": [
    -0.4666999204037366,
    0.00641233753379758,
    0.007555061095406182,
    0.006555709328338475,
    0.007511426562035426,
    0.011073409608452309,
    -0.06973899604830279,
    -0.0056999511646886455,
    -0.03409994966907286,
    -0.03409995087589137,
    -0.03409994951372104,
    -0.03409995138634225,
    -0.03409995136872939,
    -0.0340999493919219,
    0.0013710232969251388,
    0.0017640403695765442,
    0.011328015710507447,
    0.01282023170593359,
    -0.0035999460271511348,
    -0.0054999488451542,
    -0.006999948839909219,
    -0.02199996572465448,
    -0.0639212544039516,
    -0.09104325126223696,
    0.0013503054358102666,
    0.15435982747660804,
    0.03278268636599809,
    0.09950857344501457,
    0.14702563173336677,
    0.1492383621109544,
    0.14912001718872447,
    0.04089623976715665,
    -0.006599835165064122,
    -0.09419981786614538,
    -0.09419966360983933,
    -0.09419981679246157,
    -0.09419981670736305,
    0.11972842137332057,
    -0.013299978850357684,
    -0.028899978561457665,
    -0.010399978656519615,
    -0.010399978861606573,
    -0.010399978602438343,
    -0.010399978659079958,
    -0.01039997865528107,
    -0.011592852231611984,
    -0.03245116248758755,
    -0.014583065616423587,
    0.03701658299441221
  ],
  "pd": [
    0.05698000030585645,
    0.013078009548872942,
    0.061316189902591904,
    0.1831461431631841,
    0.32931894015633917,
    0.0023378388751082607,
    0.019474274986050328,
    0.3453366084887641,
    0.0055089668542155044,
    0.005933327046066839,
    0.008734104312285646,
    0.03553823715758629,
    0.010886767830949688,
    0.01849438872486634,
    0.010439260719542827,
    0.01800058777434842,
    0.4558862962859626,
    0.003958123243995174,
    0.0496810050060135,
    0.16019211460395283,
    0.027560265550781213,
    0.22998007706386772,
    0.007908530848138506,
    0.04923349789460664,
    0.015778483497017798,
    0.2957790537203801,
    0.008232587721915888,
    0.07366892930539165,
    0.016094824730943338,
    0.0073298578592503215,
    0.024682331886043976,
    0.048901725380977416,
    0.011912947931244734,
    0.014057895810056934,
    0.0034411753739217303,
    0.0171055735515347,
    0.0058175924482892025,
    0.004274464477920715,
    0.02175038874234385,
    0.007700208572138758,
    0.01073245503391284,
    0.01421220860709378,
    0.007491886296139013,
    0.02901080584292758,
    0.018077744172866846,
    0.011210824704727071,
    0.15859497715462145,
    0.06592242689414185,
    0.09923855977439752,
    0.0256313555878206,
    0.016966692034201532,
    0.018988189675384255,
    0.1447531192604161,
    0.027760872186929113,
    0.0045676587922907266,
    0.006820625629028721,
    0.04238200970617055,
    0.016256853167832028,
    0.006905497667398987,
    0.017290748907978916,
    0.028949080724112848,
    0.03729740304380637,
    0.06364631313784833,
    0.3806896702899063,
    0.0661693273694008,
    0.0176148057817563,
    0.0170515640725718,
    0.3840536892653095,
    0.016218274968572817,
    0.0074070142577687455,
    0.011419146980726817,
    0.0056324170918449845,
    0.006087639843103689,
    0.022815147041898107,
    0.006496568755251338,
    0.00555526069332656,
    0.04449609502557538,
    0.09386847443751518,
    0.288487774060389,
    0.004004417083106228,
    0.01587878681509175,
    0.40553403061283894,
    0.004089289121476495,
    0.03467408549417995,
    0.03391023714884754,
    0.012175279686207376,
    0.02761427502974411,
    0.08377641751130525,
    0.06801336529399114,
    0.2629412905109386,
    0.030376474096703705,
    0.00672032231095477,
    0.1287200196482875,
    0.013872720453612713,
    0.00473740286903126,
    0.0014968341312574342,
    0.11287981103245497,
    0.5959868847157178,
    0.03394881534810675,
    0.2334289680776413,
    0.011696910015393145,
    0.01190523229139289,
    0.1844037924590344,
    0.008950142228137234,
    0.016148834209906236,
    0.04383254999831693,
    0.008950142228137234,
    0.06335311882347831,
    0.010979355509171798,
    0.2874924565195014,
    0.20658625703308142,
    0.0698574032185815,
    0.011596606697319193,
    0.12376657886340464,
    0.24707793497555058,
    0.1138519816537871,
    0.06917071127176751,
    0.010709308114357313,
    0.011164530865616017,
    0.3533994521339395,
    0.03200447410544246,
    0.029273137597890235,
    0.008317459760286154,
    0.017607090141904456,
    0.015554729941314368,
    0.007785080610509026,
    0.05942585813889051,
    0.011889801011689207,
    0.009459374458358837,
    0.016395734685165194,
    0.03999016135209939,
    0.1466820292233767,
    0.010840473991838634,
    0.023625289226341564,
    0.05262066378956547,
    0.18215082562229643,
    0.05975763065251973,
    0.011095090106949436,
    0.3591167412641547,
    0.00416644551999492,
    0.007268132740435582,
    0.07106104303546892,
    0.01464428443879696,
    0.008718673032581961,
    0.059888796530001044,
    0.0162337062482765,
    0.1295378774725828,
    0.005647848371548669,
    0.01980604749967955,
    0.0024921516721451093,
    0.02781488166589201,
    0.40693056142602235,
    0.16965148906231164,
    0.2899151674329798,
    0.04145613292394945,
    0.017321611467386287,
    0.015508436102203312,
    0.005470388654956293,
    0.007337573499102164,
    0.059279260981705495
  ],