{
  "hour": 6,
  "dispatch": 3,
  "load": 0.7825457492278666,
  "wind": 1.1322893507747878,
  "solar": 0.0007274466390777779,
  "gen": [
    47,
    1,
    2,
    3,
    4,
    5,
    6,
    7,
    8,
    9,
    10,
    11,
    12,
    13,
    14,
    15,
    16,
    17,
    18,
    19,
    20,
    21,
    22,
    23,
    24,
    25,
    26,
    27,
    28,
    29,
    30,
    31,
    32,
    33,
    34,
    35,
    36,
    37,
    38,
    39,
    40,
    41,
    42,
    43,
    44,
    45,
    46,
    48,
    49
  ],
  "pg": [
    0.26640909426848036,
    0.04507349946279607,
    0.04507349946311428,
    0.045073499462796096,
    0.04507349946311427,
    0.09024649946168563,
    0.9794302884201914,
    0.046764999486297115,
    0.09488584759492723,
    0.09488584759492723,
    0.09488584759492723,
    0.09488584759492723,
    0.09488584759492723,
    0.09488584759492723,
    0.0,
    0.023879999455974257,
    0.1790999994544996,
    0.1790999994539431,
    0.03183999944382455,
    0.049749999444288415,
    0.06268499944409392,
    0.17909999948457744,
    0.7654276011237564,
    1.7527839149993716,
    0.01585205091084703,
    1.5116062832843413,
    0.0002838496785681489,
    0.0002838496785681489,
    0.0002838496785681489,
    0.0009741965390529601,
    0.0009741965390529601,
    1.046235360115904,
    1.1784635553060002e-05,
    0.00016854938627432108,
    0.00016854938627432108,
    0.00016854938627432108,
    0.00016854938627432108,
    1.3790699994198903,
    0.11939999943494742,
    0.25869999943267347,
    0.09352999943486406,
    0.09352999943538431,
    0.09352999943480772,
    0.09352999943488624,
    0.09352999943485296,
    0.17412499949289267,
    0.0,
    0.6716249994135013,
    0.6716249994135013
  ],
  "qg": [
    -0.46669987837236415,
    0.007521448027861038,
    0.008943465804339157,
    0.007664770185974771,
    0.008899693634487931,
    0.012478992175118138,
    -0.031929166396769036,
    -0.0056999232540338686,
    -0.03409992082522317,
    -0.034099922784521494,
    -0.03409992059973103,
    -0.03409992359193401,
    -0.034099923565326304,
    -0.034099920425079956,
    0.00143582538701089,
    0.0017918908121669738,
    0.01160413212175939,
    0.013030018725455233,
    -0.0035999173985056003,
    -0.005499921579213437,
    -0.006999921571354543,
    -0.021999945856340263,
    -0.050950794053210735,
    -0.047701752297092594,
    0.0015338549684296762,
    0.19278871021037158,
    0.03379296971284992,
    0.10258285690860115,
    0.1515609688783974,
    0.15735023424423406,
    0.15721917314961398,
    0.07886545782455913,
    -0.006599721713757789,
    -0.09419968469880331,
    -0.09419925852505423,
    -0.09419968286296364,
    -0.09419968271889861,
    0.1228579210122544,
    -0.013299967686303127,
    -0.028899967277110576,
    -0.010399967403520243,
    -0.010399967703907092,
    -0.01039996732613138,
    -0.010399967407678063,
    -0.010399967401505051,
    -0.010212661281952426,
    -0.03232261859972015,
    -0.011489792604953633,
    0.03993922861265499
  ],
  "pd": [
    0.057791003580477944,
    0.013264150449412338,
    0.062188910691138556,
    0.18575288449421867,
    0.33400617668543797,
    0.002371113620160436,
    0.019751454710511353,
    0.3502518264394085,
    0.005587376649486967,
    0.006017776811562294,
    0.00885841788125945,
    0.03604405720943553,
    0.011041720521605196,
    0.018757621608991963,
    0.010587843987053034,
    0.018256792329486127,
    0.4623749813887772,
    0.004014459693538955,
    0.05038812079278233,
    0.16247214845468966,
    0.027952534162419395,
    0.23325341147235018,
    0.008021093929585632,
    0.04993424425823017,
    0.01600306057170987,
    0.29998891296650265,
    0.008349763144261337,
    0.0747174681362767,
    0.016323904328893298,
    0.007434184617664733,
    0.02503363851779945,
    0.04959774958606219,
    0.01208250636807826,
    0.01425798355093173,
    0.0034901540415562854,
    0.0173490392603818,
    0.0059003949491781135,
    0.004335303450722382,
    0.022059964670733557,
    0.007809806577294108,
    0.010885211371759624,
    0.014414492700777302,
    0.007598519225002584,
    0.029423720170967775,
    0.018335046904408913,
    0.0113703897362809,
    0.160852278753788,
    0.06686070881402892,
    0.10065103426568821,
    0.025996169789349727,
    0.017208181025520786,
    0.019258450888497796,
    0.14681340801264003,
    0.02815599605721864,
    0.00463267083542897,
    0.006917704423174341,
    0.04298523800508672,
    0.016488238936231147,
    0.0070037844555894055,
    0.01753685024019649,
    0.02936111651102955,
    0.03782826151767506,
    0.06455219885380672,
    0.38610807266902947,
    0.06711112345378184,
    0.017865519454872192,
    0.017294261057935852,
    0.38951997213566286,
    0.016449111648769756,
    0.007512439192587518,
    0.011581677088572426,
    0.005712583969363426,
    0.006174285961407868,
    0.023139877804668012,
    0.006589035208498637,
    0.005634329394440639,
    0.04512941335797108,
    0.09520451585106225,
    0.2925938556362993,
    0.004061412438492628,
    0.016104791519109495,
    0.41130604579416674,
    0.004147492470907693,
    0.035167605970300324,
    0.03439288567856474,
    0.012348571922815734,
    0.028007312364865346,
    0.08496881745116175,
    0.06898140779443643,
    0.26668376587936465,
    0.03080882614710111,
    0.006815973475774719,
    0.130552107343685,
    0.014070172571117041,
    0.0048048309002591,
    0.0015181387535020611,
    0.11448644311203689,
    0.6044696385335733,
    0.034432012966026125,
    0.23675139097139875,
    0.011863393558294457,
    0.01207468091058598,
    0.1870284340654601,
    0.009077530691043252,
    0.01637868253133925,
    0.0444564240136351,
    0.009077530691043252,
    0.06425483146910013,
    0.011135626011512542,
    0.29158437161979545,
    0.20952662435576128,
    0.07085169213509104,
    0.011761662610894834,
    0.12552816363364208,
    0.25059462527523974,
    0.115472450756064,
    0.07015522641827823,
    0.010861734999282788,
    0.01132343699132723,
    0.3584294295188397,
    0.032459997677971905,
    0.02968978572570526,
    0.008435843176676401,
    0.017857693997379916,
    0.01577612230443379,
    0.007895886609709173,
    0.06027167360553029,
    0.012059029995601423,
    0.009594010885533645,
    0.016629097171092167,
    0.040559346182480326,
    0.1487697723857097,
    0.010994767776651525,
    0.023961550841357277,
    0.053369620097340496,
    0.18474340047771476,
    0.06060816827769827,
    0.011253007873896721,
    0.36422809352061825,
    0.004225747045830479,
    0.007371580957726503,
    0.07207246350388652,
    0.014852718320344908,
    0.008842766966274892,
    0.060741201055067,
    0.01646476256375431,
    0.13138160583786654,
    0.005728234884347983,
    0.020087949382679333,
    0.002527622770006009,
    0.02821077425966459,
    0.41272245360026916,
    0.1720661593402233,
    0.29404156527237085,
    0.04204618310601327,
    0.017568152070165606,
    0.01572916955948012,
    0.005548249362025574,
    0.007442010075157011,
    0.06012298991317699
  ],