{
  "hour": 7,
  "dispatch": 0,
  "load": 0.778356432027559,
  "wind": 1.0659185187908433,
  "solar": 0.0026360291747344446,
  "gen": [
    47,
    1,
    2,
    3,
    4,
    5,
    6,
    7,
    8,
    9,
    10,
    11,
    12,
    13,
    14,
    15,
    16,
    17,
    18,
    19,
    20,
    21,
    22,
    23,
    24,
    25,
    26,
    27,
    28,
    29,
    30,
    31,
    32,
    33,
    34,
    35,
    36,
    37,
    38,
    39,
    40,
    41,
    42,
    43,
    44,
    45,
    46,
    48,
    49
  ],
  "pg": [
    0.5797577123233459,
    0.045073499653801676,
    0.04507349965400711,
    0.04507349965380168,
    0.04507349965400711,
    0.09024649965308545,
    0.9220195187540796,
    0.04676499966840228,
    0.08932397187467268,
    0.08932397187467268,
    0.08932397187467268,
    0.08932397187467268,
    0.08932397187467268,
    0.08932397187467268,
    0.0,
    0.023879999648866224,
    0.17909999964791726,
    0.17909999964755785,
    0.03183999964061644,
    0.04974999964091835,
    0.0626849996407929,
    0.1790999996671706,
    0.72056091870261,
    1.6500418670882255,
    0.014922859263071808,
    1.4230012225857758,
    0.0010285785839813802,
    0.0010285785839813802,
    0.0010285785839813802,
    0.003530170270804368,
    0.003530170270804368,
    0.9849087113627393,
    4.2703672630698e-05,
    0.0006107679597859708,
    0.0006107679597859708,
    0.0006107679597859708,
    0.0006107679597859708,
    1.3790699996252913,
    0.11939999963507722,
    0.2586999996336001,
    0.09352999963501961,
    0.09352999963535823,
    0.09352999963498158,
    0.09352999963503372,
    0.09352999963501256,
    0.1741249996723596,
    0.0,
    0.6716249996214961,
    0.6716249996214961
  ],
  "qg": [
    -0.4666999206232281,
    0.00702461167077594,
    0.00832159001872411,
    0.007167933777530703,
    0.008277888992344573,
    0.011848996612501604,
    -0.04874564773849346,
    -0.005699950299760372,
    -0.03409994874327925,
    -0.03409994999746688,
    -0.03409994859183983,
    -0.03409995052000007,
    -0.03409995050245225,
    -0.034099948473855723,
    0.0014106890380930312,
    0.001781297876464732,
    0.011498423434667544,
    0.012950405382085178,
    -0.0035999460266999245,
    -0.005499948791022372,
    -0.0069999487852296476,
    -0.02199996504730672,
    -0.05725054680863853,
    -0.06828807850557003,
    0.0014434587193356456,
    0.17494742084260875,
    0.033380022480873614,
    0.10132562453322742,
    0.1497060968895698,
    0.15365508178835144,
    0.15352981740806096,
    0.06151024537359794,
    -0.0065998291353903445,
    -0.09419981010712322,
    -0.0941996286982324,
    -0.09419980902195352,
    -0.09419980893573915,
    0.12167848881855986,
    -0.013299978805029016,
    -0.028899978525494183,
    -0.010399978615067225,
    -0.010399978816495504,
    -0.010399978562528157,
    -0.010399978617713112,
    -0.010399978613785983,
    -0.01075623902110687,
    -0.03241915042603653,
    -0.012856357681969249,
    0.03864716253779368
  ],
  "pd": [
    0.05748162250523523,
    0.013193141522867125,
    0.06185598565323011,
    0.18475846627038167,
    0.3322180923180027,
    0.002358419989043504,
    0.019645716344375588,
    0.34837677184689486,
    0.005557464924676771,
    0.0059855609622919284,
    0.008810994810551968,
    0.03585109725918936,
    0.010982609255908857,
    0.01865720367570059,
    0.010531162525332873,
    0.01815905555920295,
    0.45989968142780346,
    0.003992968496301378,
    0.05011837065825452,
    0.1616023624175618,
    0.027802891752024408,
    0.2320047016944545,
    0.00797815342828248,
    0.04966692392767855,
    0.01591738903496358,
    0.29838293821776474,
    0.008305063129734055,
    0.07431747212999133,
    0.01623651517209488,
    0.00739438610426181,
    0.02489962226056161,
    0.049332230661906694,
    0.01201782331050551,
    0.014181654191542124,
    0.0034714696868429133,
    0.017256162098050983,
    0.005868807497487795,
    0.004312094633432678,
    0.02194186781885689,
    0.007767997191635038,
    0.010826937969503346,
    0.014337325477947636,
    0.007557840954987597,
    0.029266201844236207,
    0.01823689120240571,
    0.011309518957360432,
    0.15999116460326476,
    0.06650277355243464,
    0.10011220428738465,
    0.02585700067195551,
    0.017116057940286023,
    0.019155351792198228,
    0.14602745021269034,
    0.02800526442435157,
    0.00460787007760315,
    0.006880670859123622,
    0.04275511881127382,
    0.016399970022820665,
    0.006966290066646653,
    0.017442967641737597,
    0.02920393332967401,
    0.03762574992421219,
    0.06420662207795334,
    0.3840410635623977,
    0.06675184761068347,
    0.01776987734318917,
    0.017201677147809055,
    0.38743469760603777,
    0.016361052201219292,
    0.007472221747464565,
    0.011519675194007874,
    0.005682001953801181,
    0.006141232248697441,
    0.02301599969505492,
    0.006553761157672047,
    0.005604166310598424,
    0.044887815435029337,
    0.09469484352047283,
    0.2910274699351043,
    0.004039669882223032,
    0.016018575371127164,
    0.40910414067368506,
    0.004125289089746063,
    0.0349793380553185,
    0.03420876518761122,
    0.01228246449739488,
    0.02785737670226634,
    0.08451394138955236,
    0.06861211948322932,
    0.26525608847067184,
    0.030643892728925,
    0.0067794845229600395,
    0.12985320355515767,
    0.01399484864785551,
    0.004779108492649212,
    0.0015100114781334646,
    0.11387354600563189,
    0.6012336423553677,
    0.0342476830092126,
    0.2354839549456177,
    0.011799883509537794,
    0.012010039746185235,
    0.18602718725458658,
    0.009028934611519684,
    0.01629100012233681,
    0.044218428903485624,
    0.009028934611519684,
    0.06391084663378287,
    0.011076012027752165,
    0.29002339013778883,
    0.2084049346753789,
    0.0704723913557752,
    0.011698697173374212,
    0.12485615526154073,
    0.24925308022818524,
    0.11485427510998661,
    0.06977965413127066,
    0.01080358727654252,
    0.01126281757143878,
    0.35651059656158285,
    0.03228622480050315,
    0.02953084303112559,
    0.008390682337257085,
    0.017762093778868896,
    0.01569166566967559,
    0.00785361639915807,
    0.0599490123947626,
    0.011994472617544685,
    0.009542649856657873,
    0.01654007418058563,
    0.040342213871988386,
    0.14797334129275924,
    0.010935907869987204,
    0.02383327394868386,
    0.05308390866427952,
    0.18375438647306613,
    0.060283705660534447,
    0.011192765492556298,
    0.3622782177229071,
    0.004203124732948819,
    0.007332117589699605,
    0.07168662738973819,
    0.01477320507988307,
    0.008795427681911416,
    0.06041602625397913,
    0.01637661932985984,
    0.1306782613731069,
    0.005697569082441732,
    0.019980409610147437,
    0.0025140912754490156,
    0.0280597493745935,
    0.41051296581565494,
    0.17114501227421966,
    0.29246742933435527,
    0.04182109109284075,
    0.017474101899018702,
    0.015644964283753934,
    0.005518547103075393,
    0.007402169668582086,
    0.059801124672677355
  ],