{
  "hour": 7,
  "dispatch": 1,
  "load": 0.78521558680691,
  "wind": 1.0761654517954833,
  "solar": 0.009227048955406667,
  "gen": [
    47,
    1,
    2,
    3,
    4,
    5,
    6,
    7,
    8,
    9,
    10,
    11,
    12,
    13,
    14,
    15,
    16,
    17,
    18,
    19,
    20,
    21,
    22,
    23,
    24,
    25,
    26,
    27,
    28,
    29,
    30,
    31,
    32,
    33,
    34,
    35,
    36,
    37,
    38,
    39,
    40,
    41,
    42,
    43,
    44,
    45,
    46,
    48,
    49
  ],
  "pg": [
    0.5902721580063097,
    0.0450734992522788,
    0.04507349925272222,
    0.045073499252278826,
    0.045073499252722214,
    0.09024649925073289,
    0.9308831158030929,
    0.04676499928395914,
    0.09018266486046152,
    0.09018266486046152,
    0.09018266486046152,
    0.09018266486046152,
    0.09018266486046152,
    0.09018266486046152,
    0.0,
    0.02387999924173096,
    0.17909999923968228,
    0.17909999923890677,
    0.03183999922392599,
    0.04974999922458235,
    0.06268499922431174,
    0.1790999992813106,
    0.7274878454137466,
    1.6659041193794082,
    0.015066316325136766,
    1.4366808781469702,
    0.0036003945023996816,
    0.0036003945023996816,
    0.0036003945023996816,
    0.012356863961080608,
    0.012356863961080608,
    0.9943768774590267,
    0.000149478193077588,
    0.0021379072429677246,
    0.0021379072429677246,
    0.0021379072429677246,
    0.0021379072429677246,
    1.3790699991910782,
    0.11939999921201515,
    0.25869999920882575,
    0.09352999921189052,
    0.09352999921262177,
    0.09352999921180837,
    0.09352999921192097,
    0.0935299992118753,
    0.17412499929265915,
    0.0,
    0.6716249991826024,
    0.6716249991826024
  ],
  "qg": [
    -0.4666998266529472,
    0.007173546184111293,
    0.008507842912893956,
    0.007316864120599878,
    0.008464124220919184,
    0.012038478855805645,
    -0.04567141183577859,
    -0.005699891277831207,
    -0.03409988780821479,
    -0.03409989061445713,
    -0.03409988748113942,
    -0.03409989177465663,
    -0.03409989173654263,
    -0.03409988722668788,
    0.0014535142210396288,
    0.001801013048555415,
    0.011685804406383407,
    0.013097719489695741,
    -0.0035998822189621414,
    -0.00549988835337338,
    -0.006999888345799666,
    -0.021999923851554984,
    -0.05461828339176798,
    -0.06159924865768265,
    0.0015373323724202997,
    0.18144302750420527,
    0.03397618640045462,
    0.10313601217468378,
    0.15237548654381292,
    0.15722711465045075,
    0.1570954060994946,
    0.06559927478070975,
    -0.006599565567205933,
    -0.09419950209770117,
    -0.09419851644885528,
    -0.09419949946978753,
    -0.09419949926272048,
    0.12499648848685699,
    -0.013299954219623968,
    -0.028899953615650856,
    -0.01039995380802468,
    -0.010399954243859038,
    -0.01039995369423335,
    -0.010399953813706873,
    -0.010399953805274057,
    -0.009430330580192159,
    -0.03210255566186169,
    -0.012022224433751066,
    0.03944243910335195
  ],
  "pd": [
    0.0579881710856903,
    0.013309404196377123,
    0.062401082683545134,
    0.1863866238403562,
    0.3351457167609253,
    0.0023792032280249373,
    0.019818841411006406,
    0.3514467923430367,
    0.005606439289801337,
    0.0060383078625451374,
    0.00888864044265422,
    0.036167029928326266,
    0.011079391929845498,
    0.01882161761576163,
    0.010623966889497492,
    0.01831907964020521,
    0.4639524816207308,
    0.004028155960319448,
    0.05056003163449693,
    0.16302646013285063,
    0.028047900760742824,
    0.23404920995953565,
    0.008048459764770827,
    0.05010460659414893,
    0.016057658750201306,
    0.30101239520242895,
    0.00837825031122973,
    0.07497238422832375,
    0.01637959714079214,
    0.007459548074665644,
    0.025119046621953047,
    0.049766963891821954,
    0.01212372866029869,
    0.0143066279916219,
    0.0035020615171588187,
    0.017408229559509193,
    0.005920525524524101,
    0.004350094350910281,
    0.02213522739208679,
    0.00783645155633296,
    0.010922348812484118,
    0.01446367110898328,
    0.007624443347895095,
    0.029524106063939803,
    0.0183976011988859,
    0.0114091824763044,
    0.16140106386816036,
    0.06708881973678239,
    0.10099442877510477,
    0.026084861793725548,
    0.01726689075388395,
    0.019324155591318053,
    0.14731429624084438,
    0.02825205681331262,
    0.004648476273896907,
    0.006941305787373084,
    0.04313189218330357,
    0.016544492414021592,
    0.007027679501921844,
    0.01759668130034285,
    0.02946128881699526,
    0.037957321466246016,
    0.064772433755702,
    0.38742537053052944,
    0.0673400887245606,
    0.017926471846801753,
    0.01735326446843271,
    0.3908489104890075,
    0.016505231634681247,
    0.007538069633346335,
    0.011621190684742268,
    0.005732073783690442,
    0.00619535097990652,
    0.023218824901880326,
    0.006611515240914182,
    0.005653552225009751,
    0.04528338289115451,
    0.09552932829092867,
    0.29359210790710366,
    0.004075268895527863,
    0.016159736776486206,
    0.4127093124257119,
    0.004161642610076623,
    0.035287588471102534,
    0.0345102250401637,
    0.012390701959813039,
    0.028102865851819307,
    0.08525870841549428,
    0.0692167539770291,
    0.26759361982792684,
    0.030913937652588045,
    0.006839227761088186,
    0.1309975163469968,
    0.01411817625078824,
    0.004821223702994427,
    0.0015233182384054053,
    0.11487704034985094,
    0.6065319278731295,
    0.03454948581950404,
    0.2375591236325625,
    0.011903868295992754,
    0.01211587650443062,
    0.18766652524685146,
    0.009108500806960155,
    0.016434562231868625,
    0.044608097486500554,
    0.009108500806960155,
    0.06447405183271537,
    0.011173617800262329,
    0.2925791798001228,
    0.21024147336755014,
    0.07109341922949763,
    0.011801790269707856,
    0.1259564322796964,
    0.2514495873631768,
    0.11586641198922763,
    0.07039457735723947,
    0.01089879234487991,
    0.011362069541095986,
    0.35965229522516895,
    0.032570742540750625,
    0.029791079363454164,
    0.00846462402577849,
    0.017918619690933685,
    0.015829946230027304,
    0.007922825270881721,
    0.06047730449586821,
    0.012100172192694483,
    0.009626743094252717,
    0.016685831219646837,
    0.040697723864202145,
    0.14927733520786166,
    0.011032278994637084,
    0.024043301268027582,
    0.05355170302023125,
    0.1853736957333753,
    0.06081494719819518,
    0.011291400138283366,
    0.3654707427234082,
    0.004240164168757314,
    0.007396730827721091,
    0.07231835554491642,
    0.014903391837595151,
    0.008872936130918082,
    0.060948433847952344,
    0.016520935946417386,
    0.1318298448690121,
    0.005747778095426581,
    0.020156484113333376,
    0.002536246345386319,
    0.028307021904389103,
    0.41413055263783244,
    0.17265320322710334,
    0.29504475674269637,
    0.04218963347913527,
    0.017628089923815128,
    0.01578283329481889,
    0.005567178510460991,
    0.007467400230533713,
    0.06032811353437489
  ],