{
  "hour": 7,
  "dispatch": 2,
  "load": 0.8079909069464533,
  "wind": 0.9744287023493556,
  "solar": 0.02421398929277667,
  "gen": [
    47,
    1,
    2,
    3,
    4,
    5,
    6,
    7,
    8,
    9,
    10,
    11,
    12,
    13,
    14,
    15,
    16,
    17,
    18,
    19,
    20,
    21,
    22,
    23,
    24,
    25,
    26,
    27,
    28,
    29,
    30,
    31,
    32,
    33,
    34,
    35,
    36,
    37,
    38,
    39,
    40,
    41,
    42,
    43,
    44,
    45,
    46,
    48,
    49
  ],
  "pg": [
    1.4498016258713333,
    0.04507349944231001,
    0.04507349944264127,
    0.045073499442310025,
    0.04507349944264127,
    0.09024649944115733,
    0.8428808275321926,
    0.046764999464503736,
    0.08165712525687602,
    0.08165712525687602,
    0.08165712525687602,
    0.08165712525687602,
    0.08165712525687602,
    0.08165712525687602,
    0.0,
    0.023879999433667667,
    0.17909999943215066,
    0.1790999994315733,
    0.03183999941801436,
    0.049749999418530644,
    0.06268499941832953,
    0.1790999994620915,
    0.6587138027881643,
    1.5084156312368027,
    0.01364200183289098,
    1.3008623176363898,
    0.009448298622041456,
    0.009448298622041456,
    0.009448298622041456,
    0.03242737446088651,
    0.03242737446088651,
    0.9003721209708047,
    0.000392266626542982,
    0.005610381319136354,
    0.005610381319136354,
    0.005610381319136354,
    0.005610381319136354,
    1.379069999395253,
    0.11939999940998212,
    0.25869999940758964,
    0.09352999940988299,
    0.09352999941043351,
    0.0935299994098193,
    0.09352999940990546,
    0.09352999940987175,
    0.1741249994707102,
    0.0,
    0.6716249993888213,
    0.6716249993888213
  ],
  "qg": [
    -0.4666998564597392,
    0.006813726988116893,
    0.00805654292206602,
    0.006957353636092062,
    0.008012779325340766,
    0.011588029588434,
    -0.07074669652919377,
    -0.005699914876748069,
    -0.03409991203305593,
    -0.03409991433004743,
    -0.03409991176750729,
    -0.03409991527888952,
    -0.03409991524848619,
    -0.03409991155943151,
    0.0016063790166307753,
    0.0018740407008469941,
    0.01237386835404011,
    0.013646342551388356,
    -0.003599904063200479,
    -0.005499909573356713,
    -0.006999909570456268,
    -0.021999941455108578,
    -0.05142294011305082,
    -0.0649495582971875,
    0.00195110094353639,
    0.18141206881986438,
    0.036192396213927176,
    0.1098631356423331,
    0.16229118798488743,
    0.17163594088276515,
    0.17147462202146443,
    0.04958460066008288,
    -0.006599527387873881,
    -0.09419937762574808,
    -0.0941944632072662,
    -0.09419937444759348,
    -0.09419937420891954,
    0.138218053231073,
    -0.013299965228963238,
    -0.02889996475448229,
    -0.010399964909763935,
    -0.010399965247155578,
    -0.01039996482076387,
    -0.010399964913959163,
    -0.010399964907735,
    -0.004194153207255502,
    -0.028255224948257718,
    -0.010585022400045385,
    0.04085593153099964
  ],
  "pd": [
    0.05967012847799557,
    0.013695445872742382,
    0.06421103737503464,
    0.1917928015818796,
    0.34486667890288514,
    0.0024482124480477534,
    0.02039369049132848,
    0.3616405701310935,
    0.005769055075597676,
    0.006213450074418226,
    0.009146457066633851,
    0.03721606117395364,
    0.011400751697014455,
    0.019367542039506486,
    0.010932116970985513,
    0.018850427859060756,
    0.47740950727838133,
    0.004144993352635305,
    0.05202653449828213,
    0.1677550721002226,
    0.02886143519612731,
    0.24083784963352933,
    0.008281906796201147,
    0.05155789977225319,
    0.016523414047054968,
    0.3097433141779229,
    0.008621262977118656,
    0.07714697179524735,
    0.016854690318903014,
    0.007675913615991306,
    0.025847629113217037,
    0.051210463682266213,
    0.012475379603253239,
    0.014721594324564378,
    0.0036036394449811817,
    0.017913158407002867,
    0.006092251438376257,
    0.004476269624483352,
    0.022777263666820518,
    0.008063749251325603,
    0.011239153515625166,
    0.014883192505953668,
    0.00784559170645006,
    0.03038045810118663,
    0.018931226949755398,
    0.011740107877931965,
    0.16608253092284347,
    0.06903474308950497,
    0.10392379045145282,
    0.026841457928761178,
    0.017767720043752506,
    0.019884656219952213,
    0.1515871740522241,
    0.029071512831933388,
    0.004783306169123003,
    0.007142639617406648,
    0.044382940518568684,
    0.017024368409361768,
    0.0072315186171707565,
    0.01810707622467002,
    0.030315818828630926,
    0.03905828044179154,
    0.06665116991401293,
    0.39866271348738014,
    0.06929330017972783,
    0.018446432405587528,
    0.017856599043516618,
    0.40218555384166654,
    0.01698396886401445,
    0.007756712706685951,
    0.011958265422807509,
    0.005898333620709109,
    0.006375048255807517,
    0.02389229111840662,
    0.006803283436489137,
    0.005817534530014463,
    0.04659683560360197,
    0.0983001737391055,
    0.3021078001072789,
    0.004193472807052093,
    0.01662845286495801,
    0.42468002069105587,
    0.004282351806816203,
    0.03631111135817361,
    0.035511200360296626,
    0.012750096511615032,
    0.028917994559613563,
    0.08773165267624589,
    0.07122439844732985,
    0.2753552211782818,
    0.031810602006481864,
    0.007037600799503608,
    0.1347971230058768,
    0.014527676506897229,
    0.004961064168651223,
    0.0015675023594761194,
    0.11820906968626613,
    0.6241244961617184,
    0.03555159990564394,
    0.24444956898757994,
    0.012249142149308232,
    0.012467299694183772,
    0.19310982676020233,
    0.009372694520578857,
    0.016911249682389266,
    0.04590196342362801,
    0.009372694520578857,
    0.06634413336937328,
    0.01149771060584803,
    0.301065491837318,
    0.21633956533491286,
    0.07315549671493189,
    0.012144103331405193,
    0.12960982138328056,
    0.2587429281314627,
    0.11922713822901863,
    0.07243638480774953,
    0.011214913788416771,
    0.011691628423515179,
    0.37008407510868396,
    0.03351546282013888,
    0.030655175009548438,
    0.008710141976882765,
    0.018438352496518064,
    0.016289096684040497,
    0.008152628251089714,
    0.06223145965301583,
    0.012451139876044844,
    0.009905968519163517,
    0.017169806772612133,
    0.041878168707034674,
    0.15360715131959024,
    0.011352272242597668,
    0.0247406815707004,
    0.05510497985374811,
    0.1907504933119187,
    0.06257889574300281,
    0.011618909241889998,
    0.3760712877291572,
    0.004363150897510847,
    0.007611274343435589,
    0.07441596252976836,
    0.015335667413843682,
    0.009130297248494922,
    0.0627162541971837,
    0.017000128682153375,
    0.13565359336724003,
    0.005914493438848038,
    0.020741126581315453,
    0.002609810629437044,
    0.02912807219541964,
    0.42614248423262896,
    0.17766104061938615,
    0.3036025832851298,
    0.043413351430232935,
    0.018139395860947878,
    0.01624061722962371,
    0.005728655530250353,
    0.00768399352506077,
    0.062077941380696
  ],