{
  "hour": 7,
  "dispatch": 3,
  "load": 0.8800353841356544,
  "wind": 0.7629090569085578,
  "solar": 0.049406136570518885,
  "gen": [
    47,
    1,
    2,
    3,
    4,
    5,
    6,
    7,
    8,
    9,
    10,
    11,
    12,
    13,
    14,
    15,
    16,
    17,
    18,
    19,
    20,
    21,
    22,
    23,
    24,
    25,
    26,
    27,
    28,
    29,
    30,
    31,
    32,
    33,
    34,
    35,
    36,
    37,
    38,
    39,
    40,
    41,
    42,
    43,
    44,
    45,
    46,
    48,
    49
  ],
  "pg": [
    3.653049809096859,
    0.045073496997826104,
    0.04507349699961431,
    0.04507349699782624,
    0.04507349699961427,
    0.0902464969916323,
    0.6599163342259025,
    0.046764997100944145,
    0.06393177896893716,
    0.06393177896893716,
    0.06393177896893716,
    0.06393177896893716,
    0.06393177896893716,
    0.06393177896893716,
    0.0,
    0.0238799969483022,
    0.1790999969403088,
    0.1790999969372395,
    0.0318399968276631,
    0.049749996830980414,
    0.06268499682991859,
    0.1790999970823616,
    0.515726522470185,
    1.1809832200944475,
    0.01068072679671981,
    1.0184835909729246,
    0.01927827448981647,
    0.01927827448981647,
    0.01927827448981647,
    0.0661646980952389,
    0.0661646980952389,
    0.7049279685835075,
    0.0008003794124424059,
    0.011447401843389226,
    0.011447401843389226,
    0.011447401843389226,
    0.011447401843389226,
    1.3790699967339004,
    0.1193999967956484,
    0.2586999967830536,
    0.09352999679518356,
    0.09352999679809361,
    0.09352999679487983,
    0.09352999679531053,
    0.09352999679512006,
    0.17412499713440624,
    0.0,
    0.6716249966924301,
    0.6716249966924308
  ],
  "qg": [
    -0.4666984872667426,
    0.006583431421885,
    0.007764417333590548,
    0.006727948478933854,
    0.007720424487484299,
    0.01131700655956731,
    -0.12460407058109052,
    -0.005699494419068376,
    -0.03409947604110737,
    -0.034099490998485624,
    -0.03409947434747717,
    -0.03409949715423486,
    -0.03409949696755577,
    -0.034099473005838814,
    0.00208752819140752,
    0.0020978519376464613,
    0.014501998799070043,
    0.015325067667828509,
    -0.003599221166490303,
    -0.005499291864061955,
    -0.006999292118265732,
    -0.02199966334418993,
    -0.007938795183578706,
    0.010756327082305665,
    0.0033054442128184077,
    0.23831759531688962,
    0.04364313882066932,
    0.1324923642440595,
    0.19563260411372224,
    0.22623956550998814,
    0.22594942524183248,
    0.03904237048753844,
    -0.006570988855391258,
    -0.09410706871946534,
    -0.06858056179198102,
    -0.09410733583638944,
    -0.0941073643467322,
    0.16725029432043975,
    -0.013299818215541614,
    -0.028899816002140855,
    -0.010399816654265981,
    -0.01039981831239077,
    -0.010399816231891908,
    -0.010399816678186857,
    -0.010399816642667094,
    0.00652475395721652,
    -0.0032061635629896034,
    -0.0015012081288037393,
    0.04966578272009701
  ],
  "pd": [
    0.06499061311841808,
    0.014916599761099342,
    0.06993641197726046,
    0.2088939991322803,
    0.37561670265678,
    0.002666507213931033,
    0.022212093095583915,
    0.3938862372314362,
    0.006283452642728572,
    0.006767472104003182,
    0.009962000548415608,
    0.04053442979328824,
    0.012417299270154083,
    0.02109444815773164,
    0.011906878747355404,
    0.020531225511884816,
    0.5199777070703927,
    0.004514581520615907,
    0.05666547838449479,
    0.18271294645424457,
    0.03143486392132558,
    0.2623121469493145,
    0.009020362687390458,
    0.05615505786169611,
    0.01799672360557413,
    0.33736156450840316,
    0.009389977548727432,
    0.08402577847727227,
    0.01835753811306975,
    0.008360336149288716,
    0.028152331938499583,
    0.05577664264651778,
    0.013587746331054504,
    0.016034244698951622,
    0.003924957813245019,
    0.01951038446628746,
    0.006635466796382834,
    0.004875396028111526,
    0.024808197478784096,
    0.00878275313367383,
    0.012241292193326953,
    0.016210251775778752,
    0.008545143579957204,
    0.0330893304435006,
    0.020619229050298383,
    0.012786914131491058,
    0.18089127320908377,
    0.07519022322055031,
    0.11319015110752788,
    0.029234775460986438,
    0.01935197809714304,
    0.021657670803578454,
    0.16510343841769012,
    0.031663673121200844,
    0.005209809474083074,
    0.007779512795759186,
    0.0483403436505715,
    0.018542345543738237,
    0.007876316688014107,
    0.019721592958480014,
    0.03301892761276975,
    0.042540910469117524,
    0.07259411883735013,
    0.434209458532532,
    0.07547183454347373,
    0.02009120781981699,
    0.019448781989397965,
    0.43804641280736334,
    0.018498343774531457,
    0.008448339687702281,
    0.013024523685207685,
    0.0064242583041902775,
    0.006943479180830314,
    0.0260226463088913,
    0.00740989793442221,
    0.0063362547657767115,
    0.0507516406031032,
    0.10706510483394371,
    0.3290452301283212,
    0.004567383643664047,
    0.018111128205511768,
    0.4625465979017,
    0.004664187535918968,
    0.03954879016305631,
    0.03867755513276201,
    0.013886958361660626,
    0.03149646639821507,
    0.09555424200944936,
    0.07757511911155793,
    0.29990725855958966,
    0.034646993073420715,
    0.00766510819582155,
    0.14681630313535124,
    0.015823036206759067,
    0.005403417258592918,
    0.0017072686452231697,
    0.12874917669904626,
    0.6797745321217449,
    0.03872155690196879,
    0.26624590511640084,
    0.013341336423496521,
    0.013578945977213147,
    0.21032845680842138,
    0.01020841045597359,
    0.01841914058995925,
    0.049994810172746526,
    0.01020841045597359,
    0.07225970539137859,
    0.012522903516250362,
    0.3279099844827863,
    0.23562947410232146,
    0.07967840367964216,
    0.013226931823558885,
    0.14116647596920032,
    0.2818137310617606,
    0.12985802128305715,
    0.07889517218776142,
    0.012214891131802883,
    0.012734112008442919,
    0.4030826069956538,
    0.03650386773394695,
    0.033388542474106726,
    0.009486781440982354,
    0.020082407465975633,
    0.017741513344174793,
    0.008879557025928754,
    0.06778032528612811,
    0.013561345269530435,
    0.010789233809503123,
    0.018700751912882656,
    0.04561223395975097,
    0.16730352687802927,
    0.012364497147105944,
    0.02694668346223374,
    0.06001841319805163,
    0.2077587534867453,
    0.06815874050130644,
    0.01265490882387071,
    0.409603669192099,
    0.004752191074332534,
    0.008289933318557863,
    0.08105125887889378,
    0.016703071590894722,
    0.009944399840732894,
    0.0683083465166095,
    0.018515944482214167,
    0.14774914064253503,
    0.006441859011872991,
    0.022590508310762248,
    0.0028425142907581636,
    0.03172527559809034,
    0.4641394619469855,
    0.1935021802637477,
    0.3306732955889721,
    0.04728430118960871,
    0.019756794373845442,
    0.017688711221126655,
    0.006239450873521789,
    0.008369136503130073,
    0.06761311856314232
  ],