{
  "hour": 8,
  "dispatch": 2,
  "load": 1.07257835572234,
  "wind": 0.38697366708624337,
  "solar": 0.19785472542511223,
  "gen": [
    47,
    1,
    2,
    3,
    4,
    5,
    6,
    7,
    8,
    9,
    10,
    11,
    12,
    13,
    14,
    15,
    16,
    17,
    18,
    19,
    20,
    21,
    22,
    23,
    24,
    25,
    26,
    27,
    28,
    29,
    30,
    31,
    32,
    33,
    34,
    35,
    36,
    37,
    38,
    39,
    40,
    41,
    42,
    43,
    44,
    45,
    46,
    48,
    49
  ],
  "pg": [
    8.099192357248944,
    0.04507349810136714,
    0.04507349810251235,
    0.04507349810136715,
    0.04507349810251235,
    0.09024649809743991,
    0.3347322220296005,
    0.04676499814690515,
    0.0324283933018272,
    0.0324283933018272,
    0.0324283933018272,
    0.0324283933018272,
    0.0324283933018272,
    0.0324283933018272,
    0.0,
    0.02387999806067114,
    0.17909999805577775,
    0.17909999805388865,
    0.03183999794513698,
    0.049749997947860815,
    0.06268499794721302,
    0.1790999981286714,
    0.2615941989503005,
    0.5990352366495048,
    0.005417631339207407,
    0.5166098455601349,
    0.0772029138608788,
    0.0772029138608788,
    0.0772029138608788,
    0.2649670482893103,
    0.2649670482893103,
    0.3575636683876889,
    0.0032052465518868176,
    0.0458429398809985,
    0.0458429398809985,
    0.0458429398809985,
    0.0458429398809985,
    1.379069997922391,
    0.11939999793919444,
    0.25869999793267634,
    0.09352999793935143,
    0.09352999794083901,
    0.09352999793937722,
    0.0935299979394614,
    0.09352999793929648,
    0.17412499816830976,
    0.0,
    0.6716249978858496,
    0.67162499788585
  ],
  "qg": [
    0.2462785350096406,
    0.0062002282146270075,
    0.007274899492168726,
    0.006347996333116215,
    0.007229961992776704,
    0.010893555467064329,
    -0.21659598472597494,
    -0.005699710518550558,
    -0.034099702249344305,
    -0.034099709104851945,
    -0.03409970115314684,
    -0.03409971217655229,
    -0.03409971206250646,
    -0.03409970027391422,
    0.0033734205684825664,
    0.002695918994143925,
    0.02021323138763404,
    0.019827192801266096,
    -0.0035921749288884454,
    -0.005498116991247267,
    -0.006998159019635065,
    -0.02199980027033412,
    0.13751606285427406,
    0.23078929499554468,
    0.003598256813938044,
    0.2970749630694788,
    0.0637874156197977,
    0.19270580309327148,
    0.2839638695624423,
    0.3632252611366148,
    0.36220013167729825,
    0.06744215093739142,
    -0.005393132202204556,
    -0.053692712103587364,
    -0.024208178776582785,
    -0.053861798224145795,
    -0.05387534626943542,
    0.2032876925107778,
    -0.013299912613850842,
    -0.028899912314988216,
    -0.010399912185525339,
    -0.010399912671996603,
    -0.010399912107414396,
    -0.010399912202974934,
    -0.010399912176976086,
    0.018258755731242752,
    0.024832813092327898,
    0.012305845753845397,
    0.06302728256879915
  ],
  "pd": [
    0.07920991157009481,
    0.018180203129493665,
    0.08523780192925437,
    0.25459792429781186,
    0.45779789378940916,
    0.0032499124178386905,
    0.027071877698431862,
    0.48006462045420495,
    0.007658209459857508,
    0.008248127555504794,
    0.01214158698677689,
    0.04940295906457098,
    0.015134080599242218,
    0.025709703186664493,
    0.01451198515292326,
    0.025023253039002193,
    0.6337436472621018,
    0.005502326964855604,
    0.06906332032496149,
    0.22268871821507225,
    0.03831249886640199,
    0.3197034304901579,
    0.010993928146153987,
    0.06844122487864253,
    0.021934227374521855,
    0.4111729126661591,
    0.01144441105555737,
    0.10240978140436903,
    0.022373984500368014,
    0.01018949437936223,
    0.03431178159955765,
    0.06798001618568192,
    0.016560609812352932,
    0.019542377641261037,
    0.004783699466521637,
    0.02377906214636428,
    0.008087240802146444,
    0.005942084090701765,
    0.030235983847812765,
    0.010704331990108952,
    0.014919564928097751,
    0.019756893312405502,
    0.010414735834063922,
    0.040328946175159974,
    0.02513051087457443,
    0.0155845635086456,
    0.220468481018727,
    0.09164109471291673,
    0.1379550281130074,
    0.035631052977096137,
    0.023585998042334258,
    0.02639615333432679,
    0.20122642531706822,
    0.03859136923888979,
    0.006349663865876253,
    0.009481592664585486,
    0.058916729079828145,
    0.022599225955069704,
    0.009599576283714942,
    0.02403648095173764,
    0.0402431399067022,
    0.0518484377156179,
    0.08847698856353584,
    0.5292101607134027,
    0.09198431978674788,
    0.024486963861141024,
    0.023703981661463716,
    0.5338866023443519,
    0.02254559703728359,
    0.010296752214934464,
    0.015874159664690635,
    0.007829821996773083,
    0.008462643226649264,
    0.031716141978709596,
    0.009031109755182103,
    0.007722564161200848,
    0.06185559377450737,
    0.1304898827571799,
    0.40103704720458294,
    0.005566681666198945,
    0.02207366256076576,
    0.563747183767662,
    0.005684665285328403,
    0.048201671306161965,
    0.04713981873399685,
    0.016925286453298525,
    0.038387579351302555,
    0.11646055786433168,
    0.09454778205692427,
    0.3655239778466163,
    0.04222740986478853,
    0.009342157478341582,
    0.178938247085158,
    0.019284958835887673,
    0.006585631104135167,
    0.00208080201010134,
    0.15691821344217838,
    0.8285024250941644,
    0.04719344765178296,
    0.32449785574023676,
    0.016260287872750676,
    0.016549884028795706,
    0.25634622701763926,
    0.012441908926379143,
    0.02244906498526858,
    0.06093317638858614,
    0.012441908926379143,
    0.08806940878836135,
    0.015262790001928898,
    0.39965342112570124,
    0.28718285474465655,
    0.09711124432710068,
    0.01612085268650677,
    0.17205229404142056,
    0.343471766852965,
    0.1582696621703885,
    0.09615664959050778,
    0.01488738757742608,
    0.01552020880730226,
    0.4912730642715034,
    0.04449055019536267,
    0.040693622816105585,
    0.011562394674686826,
    0.0244762380775838,
    0.021623179651362377,
    0.01082231560923841,
    0.08260998495773464,
    0.016528432461681262,
    0.013149810641155888,
    0.02279229005909973,
    0.05559173617708889,
    0.20390787120637408,
    0.015069725897898878,
    0.03284234925221805,
    0.07314984386026359,
    0.25321429821893005,
    0.08307119365069525,
    0.01542367675528725,
    0.499220869887406,
    0.005791923120900637,
    0.010103688110904443,
    0.09878446656202754,
    0.020357537191610015,
    0.012120135419662443,
    0.08325353197116803,
    0.022567048604398034,
    0.18007518014222368,
    0.00785127356388753,
    0.02753308639139247,
    0.0034644280889831584,
    0.03866644972379036,
    0.5656885505915195,
    0.23583852885622814,
    0.40302131716266926,
    0.05762963505296133,
    0.024079384085966535,
    0.021558824950019036,
    0.007604580542071391,
    0.010200220162919453,
    0.08240619507014738
  ],