{
  "hour": 8,
  "dispatch": 3,
  "load": 1.0931120515497568,
  "wind": 0.39360323956063553,
  "solar": 0.2620556201838622,
  "gen": [
    47,
    1,
    2,
    3,
    4,
    5,
    6,
    7,
    8,
    9,
    10,
    11,
    12,
    13,
    14,
    15,
    16,
    17,
    18,
    19,
    20,
    21,
    22,
    23,
    24,
    25,
    26,
    27,
    28,
    29,
    30,
    31,
    32,
    33,
    34,
    35,
    36,
    37,
    38,
    39,
    40,
    41,
    42,
    43,
    44,
    45,
    46,
    48,
    49
  ],
  "pg": [
    8.049345891880186,
    0.04507349803993523,
    0.04507349804111464,
    0.045073498039935295,
    0.045073498041114615,
    0.09024649803588895,
    0.34046680221994974,
    0.046764998086723276,
    0.03298395147518126,
    0.03298395147518126,
    0.03298395147518126,
    0.03298395147518126,
    0.03298395147518126,
    0.03298395147518126,
    0.0,
    0.023879997991824668,
    0.1790999979867334,
    0.17909999798477932,
    0.03183999787808729,
    0.04974999788095606,
    0.06268499788028917,
    0.17909999806790253,
    0.2660757899429896,
    0.6092978148398638,
    0.005510445353848897,
    0.5254603248134484,
    0.10225410299574303,
    0.10225410299574303,
    0.10225410299574303,
    0.3509448865502282,
    0.3509448865502282,
    0.3636893933540272,
    0.004245301046978568,
    0.06071828719660087,
    0.06071828719660087,
    0.06071828719660087,
    0.06071828719660087,
    1.3790699978534187,
    0.119399997872885,
    0.25869999786593806,
    0.09352999787297189,
    0.09352999787456567,
    0.09352999787296393,
    0.09352999787308085,
    0.09352999787291742,
    0.17412499810748686,
    0.0,
    0.6716249978162893,
    0.6716249978162895
  ],
  "qg": [
    0.2657658371138931,
    0.00762343538444595,
    0.009053498136335898,
    0.007772041664852191,
    0.009008108524403657,
    0.012714999993789748,
    -0.21622355645584468,
    -0.005699676455164141,
    -0.03409966602302171,
    -0.034099674644991994,
    -0.0340996648062395,
    -0.034099678383718794,
    -0.03409967825698269,
    -0.034099663830580586,
    0.003491428442027027,
    0.0027506848187147355,
    0.020737162806283085,
    0.02024042476012092,
    -0.0035804286815950283,
    -0.005497404363775229,
    -0.0069975306681384,
    -0.021999782346769275,
    0.1380279447588396,
    0.22045261062810126,
    0.00359824491204418,
    0.2884601693032443,
    0.06546551260672187,
    0.19683060893901946,
    0.2897742380336521,
    0.36341331007920724,
    0.3621214934055532,
    0.06955554875410301,
    -0.005199664789713959,
    -0.05097488956829806,
    -0.02280643471130208,
    -0.05118757887686771,
    -0.05120462093880224,
    0.20761844327061538,
    -0.013299906090884592,
    -0.028899905673588373,
    -0.010399905589323967,
    -0.010399906151699834,
    -0.010399905489502516,
    -0.010399905607316417,
    -0.010399905580516249,
    0.018885159059292764,
    0.026341697834536784,
    0.015087375637916893,
    0.06571042391487977
  ],
  "pd": [
    0.08072632500694954,
    0.018528249273768376,
    0.08686961473665918,
    0.25947200767636575,
    0.46656208584246717,
    0.0033121295161957632,
    0.02759014818111586,
    0.4892550920326401,
    0.007804820048065263,
    0.00840603167641763,
    0.012374028423543246,
    0.050348741094381796,
    0.015423811047367068,
    0.026201895875647672,
    0.01478980605746821,
    0.025502304162655826,
    0.6458761867786892,
    0.005607664824450252,
    0.07038548499928884,
    0.2269519241427605,
    0.03904596248135731,
    0.325823909205436,
    0.011204398528385007,
    0.06975148000938998,
    0.022354141454192525,
    0.4190445049615993,
    0.011663505590035905,
    0.10437033868197076,
    0.022802317395327926,
    0.010384564489722688,
    0.034968654529076715,
    0.0692814418272236,
    0.016877650075928244,
    0.019916501579236568,
    0.004875279749911915,
    0.024234294182858107,
    0.008242064868685166,
    0.006055840765585653,
    0.03081482873318764,
    0.010909258274466573,
    0.015205188637057117,
    0.02013512398954652,
    0.010614118020548138,
    0.04110101313827084,
    0.0256116153678108,
    0.015882918109017964,
    0.22468918219605252,
    0.09339549368441122,
    0.14059607207032973,
    0.03631318235248292,
    0.02403753401357915,
    0.026901487588639514,
    0.20507875199124986,
    0.03933017161476025,
    0.00647122334517456,
    0.00966311053569985,
    0.06004464499162815,
    0.023031870926153372,
    0.009783352861370323,
    0.024496641075230047,
    0.04101356417414687,
    0.05284103657191523,
    0.09017081313233945,
    0.5393414862346502,
    0.09374528954090715,
    0.024955748136880947,
    0.024157776339249627,
    0.5441074547794069,
    0.022977215323575887,
    0.010493875694877664,
    0.016178058362936402,
    0.007979717976313224,
    0.008624654086727582,
    0.032323323364326306,
    0.009204003474048952,
    0.007870406771158248,
    0.06303977201287449,
    0.1329880121915434,
    0.40871459607445404,
    0.005673251547543238,
    0.022496246020893996,
    0.5745396942945522,
    0.005793493873213711,
    0.04912445559664607,
    0.04804227466561181,
    0.01724930817345516,
    0.0391224803249658,
    0.11869010655727258,
    0.09635782734411105,
    0.3725216560476416,
    0.04303582146951393,
    0.009521005968998382,
    0.18236388356004593,
    0.019654154686864628,
    0.006711707996515506,
    0.0021206373800065283,
    0.15992229314172943,
    0.8443634730990941,
    0.04809693026818929,
    0.33071012007586337,
    0.016571578701494314,
    0.016866718955412745,
    0.26125378032039187,
    0.012680099797977178,
    0.02287883523893641,
    0.06209969564854168,
    0.012680099797977178,
    0.08975543055275054,
    0.015554984493553038,
    0.407304481527955,
    0.29268075180244735,
    0.09897036514731498,
    0.016429474134792843,
    0.1753461041890965,
    0.35004727226777865,
    0.1612996143266821,
    0.09799749542143568,
    0.015172395275510625,
    0.01581733138592498,
    0.5006781129713351,
    0.045342287898283914,
    0.04147267123579777,
    0.011783747915706378,
    0.024944817016365448,
    0.022037138959243096,
    0.011029500600137045,
    0.08419149021036228,
    0.016844856714381753,
    0.013401553752000018,
    0.023228631095432332,
    0.05665599763182389,
    0.20781153212012426,
    0.015358224324274083,
    0.03347109101845355,
    0.07455024191569341,
    0.2580618931298666,
    0.08466152839252866,
    0.015718951301285502,
    0.5087780732733188,
    0.005902805078368687,
    0.010297115525598708,
    0.10067561994773261,
    0.020747266738414386,
    0.012352166182512251,
    0.08484735744129211,
    0.022999077564606882,
    0.18352258233468868,
    0.00800158021734422,
    0.028060186363282256,
    0.003530751926505714,
    0.039406689458368734,
    0.5765182271078573,
    0.2403534778947605,
    0.4107368533698211,
    0.05873291052976843,
    0.02454036555729204,
    0.02197155223615011,
    0.0077501644454877755,
    0.010395495610238186,
    0.0839837989205678
  ],