{
  "hour": 9,
  "dispatch": 0,
  "load": 1.09911969395935,
  "wind": 0.42207527888520996,
  "solar": 0.33258430197971445,
  "gen": [
    47,
    1,
    2,
    3,
    4,
    5,
    6,
    7,
    8,
    9,
    10,
    11,
    12,
    13,
    14,
    15,
    16,
    17,
    18,
    19,
    20,
    21,
    22,
    23,
    24,
    25,
    26,
    27,
    28,
    29,
    30,
    31,
    32,
    33,
    34,
    35,
    36,
    37,
    38,
    39,
    40,
    41,
    42,
    43,
    44,
    45,
    46,
    48,
    49
  ],
  "pg": [
    7.611806088017721,
    0.04507348545836811,
    0.04507348546708645,
    0.045073485458370734,
    0.04507348546708559,
    0.09024648542844396,
    0.3650951162357066,
    0.046764985811591255,
    0.0353699083705806,
    0.0353699083705806,
    0.0353699083705806,
    0.0353699083705806,
    0.0353699083705806,
    0.0353699083705806,
    0.0,
    0.02387998504198459,
    0.17909998500366067,
    0.1790999849890991,
    0.03183998427850183,
    0.04974998429978814,
    0.06268498429486156,
    0.17909998567580188,
    0.2853228885264019,
    0.6533725317143051,
    0.00590905390439294,
    0.5634704973117552,
    0.12977439463248458,
    0.12977439463248458,
    0.12977439463248458,
    0.44539689721123354,
    0.44539689721123354,
    0.38999755768993405,
    0.0053878656920713745,
    0.07705978276869983,
    0.07705978276869983,
    0.07705978276869983,
    0.07705978276869983,
    1.3790699840565177,
    0.1193999842395916,
    0.2586999841852774,
    0.09352998423930609,
    0.09352998425185027,
    0.09352998423881484,
    0.09352998424005689,
    0.09352998423893072,
    0.17412498594917325,
    0.0,
    0.6716249837987882,
    0.6716249837988214
  ],
  "qg": [
    0.1697704804571783,
    0.008100084452760172,
    0.009645940464879963,
    0.008247587860313862,
    0.00960093320112273,
    0.013316362717179987,
    -0.20006294524448123,
    -0.005697329502881473,
    -0.03409721940801214,
    -0.03409730282026006,
    -0.03409720931422105,
    -0.03409733768583974,
    -0.03409733662329667,
    -0.03409720119621936,
    0.0034992471944706983,
    0.002732485080719935,
    0.02075181220979855,
    0.020245283522548306,
    -0.0034133293455379443,
    -0.0054557279898450285,
    -0.006960332522318217,
    -0.02199827501757272,
    0.11141225739941352,
    0.21924303386014665,
    0.0035819191153459353,
    0.28699003928409783,
    0.06544754201683023,
    0.1953421099287653,
    0.28724820643122795,
    0.3474272478137778,
    0.34583370999170227,
    0.06569346231259111,
    -0.0046473509776890675,
    -0.05290882681958613,
    -0.02346724461034915,
    -0.0532019101971467,
    -0.05322536532194124,
    0.20964748067282613,
    -0.013299252367839747,
    -0.028899247432513323,
    -0.01039924690361866,
    -0.01039925247031111,
    -0.01039924571547224,
    -0.010399247012118373,
    -0.010399246851405917,
    0.01867984463990036,
    0.025872705442850058,
    0.015192647784924872,
    0.06572504535461983
  ],
  "pd": [
    0.081169989398898,
    0.01863007881261098,
    0.08734704207894954,
    0.26089804175513087,
    0.46912626777572974,
    0.0033303326726968306,
    0.027741781075533992,
    0.4919439926223258,
    0.007847714614869758,
    0.008452230446547401,
    0.012442034935619841,
    0.050625453103767655,
    0.015508578881766428,
    0.02634589906420562,
    0.014871089459270005,
    0.025642462460071635,
    0.6494258623728214,
    0.0056384840300114656,
    0.07077231709404254,
    0.22819923085984023,
    0.03926055546822798,
    0.3276146071784634,
    0.011265976863083338,
    0.07013482767154612,
    0.022476997741468704,
    0.42134753467931685,
    0.011727607134546264,
    0.10494394837923873,
    0.02292763681599204,
    0.010441637092613825,
    0.0351608390097596,
    0.0696622062031436,
    0.016970408074732365,
    0.020025960823939357,
    0.004902073835058701,
    0.024367483615078785,
    0.008287362492453498,
    0.006089123104534799,
    0.030984184172714074,
    0.010969214545714312,
    0.015288754942974558,
    0.020245784762731225,
    0.010672452228345288,
    0.04132690049287154,
    0.025752374429467567,
    0.015970209153229355,
    0.2259240530933444,
    0.09390878665188686,
    0.1413687750370516,
    0.036512756233329606,
    0.024169642070166104,
    0.027049335668339603,
    0.20620584578371365,
    0.03954632658865741,
    0.006506788588239352,
    0.009716218094600654,
    0.0603746447891871,
    0.023158451951723502,
    0.009837121260936181,
    0.02463127234162903,
    0.04123897091735481,
    0.05313144600599496,
    0.09066638355470678,
    0.5423056569995434,
    0.09426050495395386,
    0.02509290261309196,
    0.024290545236501634,
    0.547097818865206,
    0.023103495967025538,
    0.010551549062009759,
    0.01626697147059838,
    0.008023573765903255,
    0.008672054385339273,
    0.032500969350377974,
    0.009254587823137726,
    0.007913661796507319,
    0.06338623275063572,
    0.13371890196709452,
    0.41096085357140094,
    0.005704431211649027,
    0.02261988330168342,
    0.5776973111450344,
    0.005825334377984555,
    0.049394439046533185,
    0.04830631054951343,
    0.017344108770678542,
    0.039337493846805134,
    0.11934241637010622,
    0.0968874010225167,
    0.37456900050440683,
    0.04327234235117961,
    0.009573332534385939,
    0.18336613854323836,
    0.019762172097389112,
    0.006748594920910408,
    0.002132292206281139,
    0.1608012112262529,
    0.8490040164019603,
    0.0483612665342114,
    0.3325276722104617,
    0.016662654560423745,
    0.01695941687779277,
    0.2626896068562846,
    0.012749788449928459,
    0.023004575194569193,
    0.06244098981383067,
    0.012749788449928459,
    0.09024871807100222,
    0.015640473245041548,
    0.4095429891661935,
    0.29428929805761594,
    0.09951429709107955,
    0.01651976900020903,
    0.1763097901080193,
    0.35197109959660267,
    0.16218610204064168,
    0.09853608056345571,
    0.015255781352155778,
    0.015904261971591793,
    0.503429793424201,
    0.04559148490543384,
    0.041700601188817736,
    0.011848510300881791,
    0.025081911416152364,
    0.022158253030220496,
    0.011090117712049841,
    0.08465419882874914,
    0.016937434483913584,
    0.013475207447941631,
    0.023356293496636187,
    0.05696737373791311,
    0.20895364501861202,
    0.015442631700128866,
    0.033655045029035296,
    0.07495996312802766,
    0.25948017734992335,
    0.08512682029715166,
    0.01580534119913545,
    0.5115742703564399,
    0.00593524634738049,
    0.010353707517097075,
    0.10122892381365614,
    0.020861291791348463,
    0.012420052541740653,
    0.08531367064512474,
    0.02312547836090472,
    0.18453120541883528,
    0.008045556159782441,
    0.02821440254393651,
    0.0035501566114887,
    0.03962326496723456,
    0.5796867177911008,
    0.24167443830778185,
    0.4129942250052257,
    0.05905570115643587,
    0.024675237129387406,
    0.022092305848582933,
    0.007792758630171791,
    0.010452628289553418,
    0.08444536608689684
  ],