{
  "hour": 9,
  "dispatch": 1,
  "load": 1.0942148267073233,
  "wind": 0.4959088067789622,
  "solar": 0.4279187023427056,
  "gen": [
    47,
    1,
    2,
    3,
    4,
    5,
    6,
    7,
    8,
    9,
    10,
    11,
    12,
    13,
    14,
    15,
    16,
    17,
    18,
    19,
    20,
    21,
    22,
    23,
    24,
    25,
    26,
    27,
    28,
    29,
    30,
    31,
    32,
    33,
    34,
    35,
    36,
    37,
    38,
    39,
    40,
    41,
    42,
    43,
    44,
    45,
    46,
    48,
    49
  ],
  "pg": [
    6.610872673873242,
    0.04507349221371644,
    0.0450734922183502,
    0.04507349221371809,
    0.04507349221834964,
    0.09024649219777152,
    0.4289611178638023,
    0.04676499241433177,
    0.04155715800807704,
    0.04155715800807704,
    0.04155715800807704,
    0.04155715800807704,
    0.04155715800807704,
    0.04155715800807704,
    0.0,
    0.023879991945889762,
    0.17909999192491963,
    0.17909999191704093,
    0.031839991614519475,
    0.04974999162586584,
    0.062684991623224,
    0.17909999234674948,
    0.3352343533825784,
    0.7676668328938335,
    0.00694272329490547,
    0.6620382570499145,
    0.16697387765412372,
    0.16697387765412372,
    0.16697387765412372,
    0.5730687261773514,
    0.5730687261773514,
    0.4582197374637611,
    0.006932282977951831,
    0.0991487633328049,
    0.0991487633328049,
    0.0991487633328049,
    0.0991487633328049,
    1.3790699914530067,
    0.119399991589101,
    0.2586999915571337,
    0.09352999158799469,
    0.09352999159545253,
    0.09352999158728455,
    0.09352999158833705,
    0.09352999158782349,
    0.17412499247495122,
    0.0,
    0.6716249913322099,
    0.6716249913322259
  ],
  "qg": [
    -0.041144296899234115,
    0.00839525358509776,
    0.010021837637358765,
    0.008542110938288978,
    0.009976918133499109,
    0.013667182736387085,
    -0.16508975030920012,
    -0.005698214905285286,
    -0.034098124348381886,
    -0.03409820082018761,
    -0.03409811811187455,
    -0.03409823025083369,
    -0.03409822958767451,
    -0.034098113139509154,
    0.0034136890583122666,
    0.002704437178358279,
    0.020374006836044886,
    0.01994641375954819,
    -0.003531700932317989,
    -0.005486539860044925,
    -0.006987768515243709,
    -0.021998952518870234,
    0.07527844178567442,
    0.17483905314397633,
    0.0035795872808572922,
    0.29508718565433273,
    0.06433493210778808,
    0.18951442094700474,
    0.27802654065163385,
    0.31837359180063135,
    0.3161975446523576,
    0.06029498699204571,
    -0.005157061320510181,
    -0.058481791855566706,
    -0.025606164363621346,
    -0.05892997340046206,
    -0.05896586418047146,
    0.2108326199649024,
    -0.01329953467125209,
    -0.02889952948833425,
    -0.010399530775055586,
    -0.010399534878725332,
    -0.010399529752662052,
    -0.010399530837321916,
    -0.01039953074489095,
    0.017808466759874613,
    0.023800463890763294,
    0.015584957336950226,
    0.06604510926513321
  ],
  "pd": [
    0.08080776495233583,
    0.01854694131268913,
    0.08695725227843099,
    0.25973377341551734,
    0.4670327723352197,
    0.0033154709249231897,
    0.027617982226092838,
    0.4897486721376637,
    0.007812693862690288,
    0.008414512017379316,
    0.0123865118383269,
    0.05039953491813931,
    0.01543937120484033,
    0.026228329396174543,
    0.014804726605350085,
    0.025528031907081854,
    0.646527772508289,
    0.0056133220610085684,
    0.07045649269168455,
    0.22718088232097447,
    0.03908535360998559,
    0.32615261339665186,
    0.011215701973750065,
    0.0698218480921943,
    0.022376693206164762,
    0.4194672538182524,
    0.011675272200967141,
    0.10447563165401522,
    0.022825321285114764,
    0.01039504085371957,
    0.035003932306367266,
    0.06935133571671015,
    0.01689467692436107,
    0.01993659414260743,
    0.004880198127114662,
    0.024258742708101355,
    0.008250379793373218,
    0.006061950139958572,
    0.030845915964879442,
    0.010920263970539086,
    0.015220528239498867,
    0.020155437107948895,
    0.01062482596732811,
    0.04114247748419534,
    0.025637453389752585,
    0.015898941432057407,
    0.22491585762969032,
    0.0934897147938737,
    0.14073791101109592,
    0.03634981654321728,
    0.02406178403929404,
    0.026928626885267225,
    0.20528564363856092,
    0.03936984946492949,
    0.006477751774107354,
    0.009672859068092739,
    0.06010522043103327,
    0.0230551063987233,
    0.009793222699030543,
    0.024521354266511114,
    0.04105494029805877,
    0.05289434472303199,
    0.0902617810550871,
    0.5398855954973935,
    0.09383986353842005,
    0.024980924493728192,
    0.024182147670231847,
    0.5446563721418373,
    0.023000395657387936,
    0.010504462336390302,
    0.016194379435268386,
    0.00798776823496346,
    0.008633354982720783,
    0.03235593242573555,
    0.009213288840875663,
    0.007878346752292728,
    0.06310336905621135,
    0.13312217581721295,
    0.4091269237058682,
    0.005678974950611008,
    0.022518941133636713,
    0.5751193129173692,
    0.005799338581548814,
    0.04917401431222711,
    0.04809074163378686,
    0.01726670996544156,
    0.039161948647855105,
    0.11880984588388116,
    0.09645503697425054,
    0.3728974707935887,
    0.04307923772746732,
    0.009530611140620787,
    0.18254785953958275,
    0.019673982584197672,
    0.006718479035982964,
    0.0021227767638122073,
    0.16008362914728141,
    0.8452153007418048,
    0.04814545237512222,
    0.33104375367203354,
    0.01658829677288302,
    0.016883734776094,
    0.26151734358305023,
    0.01269289198980495,
    0.022901916322984276,
    0.062162344305243034,
    0.01269289198980495,
    0.08984597942093832,
    0.01557067698404521,
    0.40771538657941586,
    0.2929760198508858,
    0.09907021041008106,
    0.01644604884541107,
    0.17552300035212173,
    0.35040041395648613,
    0.16146233982893263,
    0.09809635921431152,
    0.015187701794697648,
    0.015833288542454967,
    0.5011832170767553,
    0.04538803101181977,
    0.04151451052527585,
    0.011795635831904945,
    0.024969982345461116,
    0.02205937090641964,
    0.011040627601476892,
    0.08427642595299804,
    0.01686185047955985,
    0.013415073775431784,
    0.023252065067530622,
    0.056713154468240566,
    0.20802118070532924,
    0.015373718315237893,
    0.03350485799377824,
    0.07462545118143944,
    0.2583222362890649,
    0.0847469383284822,
    0.015734809208051308,
    0.5092913489426566,
    0.005908760064219546,
    0.010307503667582985,
    0.10077718553974449,
    0.020768197410904996,
    0.012364627541792753,
    0.08493295484902243,
    0.02302227995392208,
    0.18370772725589252,
    0.008009652531497607,
    0.028088494601576988,
    0.003534313890264654,
    0.039446444502799,
    0.5770998417537094,
    0.24059595609640624,
    0.4111512211352767,
    0.05879216263898448,
    0.02456512285957941,
    0.0219937180168172,
    0.007757983121354922,
    0.010405983001986644,
    0.08406852513592364
  ],