{
  "hour": 9,
  "dispatch": 2,
  "load": 1.0925522818880744,
  "wind": 0.5882375357546666,
  "solar": 0.5200801989654544,
  "gen": [
    47,
    1,
    2,
    3,
    4,
    5,
    6,
    7,
    8,
    9,
    10,
    11,
    12,
    13,
    14,
    15,
    16,
    17,
    18,
    19,
    20,
    21,
    22,
    23,
    24,
    25,
    26,
    27,
    28,
    29,
    30,
    31,
    32,
    33,
    34,
    35,
    36,
    37,
    38,
    39,
    40,
    41,
    42,
    43,
    44,
    45,
    46,
    48,
    49
  ],
  "pg": [
    5.571435657112598,
    0.04507349713287947,
    0.0450734971345734,
    0.045073497132880086,
    0.04507349713457312,
    0.090246497127037,
    0.5088254684277866,
    0.046764997212303976,
    0.04929430549624107,
    0.04929430549624107,
    0.04929430549624107,
    0.04929430549624107,
    0.04929430549624107,
    0.04929430549624107,
    0.0,
    0.023879997019949407,
    0.17909999701206536,
    0.17909999700913765,
    0.031839996926215405,
    0.04974999693043282,
    0.06268499692946113,
    0.17909999718954853,
    0.39764857417015453,
    0.910591705348224,
    0.008235325500565334,
    0.78529711023248,
    0.20293529363632032,
    0.20293529363632032,
    0.20293529363632032,
    0.6964914024545366,
    0.6964914024545366,
    0.543531483037312,
    0.008425299223240361,
    0.1205025821002958,
    0.1205025821002958,
    0.1205025821002958,
    0.1205025821002958,
    1.3790699968518032,
    0.11939999691481232,
    0.2586999969020638,
    0.09352999691408137,
    0.09352999691707789,
    0.09352999691366795,
    0.09352999691418709,
    0.0935299969140285,
    0.17412499723099154,
    0.0,
    0.6716249968122243,
    0.6716249968122283
  ],
  "qg": [
    -0.22501258719691525,
    0.00876657223715701,
    0.010491545871430898,
    0.008912792596256481,
    0.010446721270106617,
    0.014116875995513202,
    -0.1287572900337058,
    -0.005699087054405951,
    -0.034099005056598984,
    -0.034099074767048466,
    -0.03409900243378412,
    -0.034099098295332565,
    -0.034099098040647306,
    -0.034099000515767135,
    0.003361463649435842,
    0.0026841010095221317,
    0.020141573398251924,
    0.01975817012957528,
    -0.003577224400398421,
    -0.005495678059022712,
    -0.00699602053559204,
    -0.02199955376488242,
    0.053351495396498264,
    0.13191852499014098,
    0.003563885535400753,
    0.30010765187223565,
    0.06412676071287507,
    0.185963862990584,
    0.27204339096114183,
    0.29892485606254815,
    0.2960074335316029,
    0.06205954331197249,
    -0.005528224110802174,
    -0.06265644602952648,
    -0.027027444810477776,
    -0.0632830184322154,
    -0.06333321130971116,
    0.2124046884542754,
    -0.013299798275245148,
    -0.028899794870825817,
    -0.010399796352121023,
    -0.010399798443037945,
    -0.010399795784158852,
    -0.010399796379479173,
    -0.010399796338741874,
    0.017225234421137967,
    0.022420935273393516,
    0.017102353242073157,
    0.06746639632120693
  ],
  "pd": [
    0.08068498601743429,
    0.01851876117800286,
    0.08682512984164527,
    0.2593391351517722,
    0.4663231649554679,
    0.0033104334141208654,
    0.027576019594854995,
    0.4890045503274643,
    0.007800823292680851,
    0.008401727047719292,
    0.012367691830973002,
    0.050322958103764706,
    0.015415912697440729,
    0.026188478196857146,
    0.014782232373945646,
    0.025489244736448775,
    0.6455454412763876,
    0.005604793206085821,
    0.07034944143077311,
    0.226835704765602,
    0.03902596750904202,
    0.3256570586623783,
    0.011198660889352762,
    0.06971576110727803,
    0.02234269416461112,
    0.41882991726179336,
    0.011657532847745756,
    0.10431689187467334,
    0.022790640600185232,
    0.010379246677936707,
    0.0349507474975995,
    0.06924596362606616,
    0.01686900723235187,
    0.019906302576000717,
    0.004872783177220812,
    0.02422188408945861,
    0.00823784420543608,
    0.006052739641659933,
    0.030799048826424816,
    0.010903671773242982,
    0.015197402241063116,
    0.02012481303237833,
    0.010608682657133202,
    0.041079965798991584,
    0.025598499964637582,
    0.01587478465583372,
    0.22457412154209372,
    0.09334766696451707,
    0.14052407449644413,
    0.03629458680432183,
    0.024025224678718756,
    0.02688771165726551,
    0.20497373360502164,
    0.039310031102332915,
    0.0064679095087774,
    0.009658162171890578,
    0.06001389684411194,
    0.023020076579381727,
    0.009778342922898265,
    0.024484096637111746,
    0.04099256161644055,
    0.0528139773064695,
    0.09012463773294727,
    0.539065295883576,
    0.09369728369472126,
    0.02494296859550474,
    0.024145405429726447,
    0.5438288238326079,
    0.022965448965287325,
    0.010488501906125514,
    0.0161697737719435,
    0.007975631657782943,
    0.008620237504096908,
    0.03230677097543036,
    0.009199290213497587,
    0.007866376429594136,
    0.06300749009648526,
    0.13291991061450315,
    0.408505298197951,
    0.005670346342999106,
    0.02248472596125657,
    0.574245479360372,
    0.005790527094006795,
    0.04909929954805006,
    0.04801767278898087,
    0.017240475008193812,
    0.03910244616877419,
    0.11862932676740712,
    0.09630848364843375,
    0.3723308921446369,
    0.043013783337933494,
    0.00951613037524513,
    0.18227049718738747,
    0.019644090028347577,
    0.006708271010792776,
    0.0021195514268628644,
    0.1598403988402253,
    0.8439310846216243,
    0.04807230040307527,
    0.330540767362418,
    0.016563092593423208,
    0.01685808170953299,
    0.26111999537124975,
    0.012673606469901661,
    0.0228671192599174,
    0.0620678951340615,
    0.012673606469901661,
    0.0897094678658298,
    0.015547018971267298,
    0.40709590575431553,
    0.2925308734755319,
    0.09891968360214627,
    0.01642106079677776,
    0.17525631153766602,
    0.34986801722901806,
    0.16121701471540426,
    0.09794731207126586,
    0.015164625672606473,
    0.015809231518920438,
    0.5004217216731948,
    0.04531906865271733,
    0.041451433574833545,
    0.011777713598753441,
    0.02493204307268586,
    0.022025854002863582,
    0.011023852524250671,
    0.0841483767510195,
    0.016836230663895228,
    0.013394690975947792,
    0.023216735990121584,
    0.0566269847702589,
    0.20770511430974184,
    0.015350359560527445,
    0.03345395087141284,
    0.07451206562476667,
    0.2579297427081366,
    0.08461817423223136,
    0.01571090181355051,
    0.5085175340819854,
    0.005899782322195602,
    0.01029184249538566,
    0.10062406516189167,
    0.020736642310235653,
    0.01234584078533524,
    0.08480390812015233,
    0.022987300010925086,
    0.18342860260618882,
    0.007997482703420706,
    0.02804581707606687,
    0.0035289438704984803,
    0.03938650976206508,
    0.5762229989905894,
    0.24023039574154978,
    0.41052651991944394,
    0.05870283410584624,
    0.02452779872838727,
    0.021960300865950296,
    0.0077461956785864474,
    0.010390172200755587,
    0.08394079181746075
  ],