{
  "ace_integral": -7.119624832591537,
  "ace_raw": 0.018074632452525795
}