{
  "ace_integral": -1009.6337720326907,
  "ace_raw": 10.094809951070536
}