{
  "ace_integral": -1.6464456070023368,
  "ace_raw": 0.0024688058509947566
}