{
  "hour": 5,
  "dispatch": 0,
  "load": 0.6671748030635265,
  "wind": 0.587881855129764,
  "solar": 0.00044211532423658005,
  "gen": [
    47,
    1,
    2,
    3,
    4,
    5,
    6,
    7,
    8,
    9,
    10,
    11,
    12,
    13,
    14,
    15,
    16,
    17,
    18,
    19,
    20,
    21,
    22,
    23,
    24,
    25,
    26,
    27,
    28,
    29,
    30,
    31,
    32,
    33,
    34,
    35,
    36,
    37,
    38,
    39,
    40,
    41,
    42,
    43,
    44,
    45,
    46,
    48,
    49
  ],
  "pg": [
    1.720301499172983,
    0.04507349782989845,
    0.04507349783120535,
    0.045073497829898536,
    0.045073497831205345,
    0.09024649782537511,
    0.5085178046872458,
    0.04676499789686796,
    0.04926449945987423,
    0.04926449945987423,
    0.04926449945987423,
    0.04926449945987423,
    0.04926449945987423,
    0.04926449945987423,
    0.0,
    0.02387999776502634,
    0.1790999977590624,
    0.17909999775674743,
    0.03183999771154536,
    0.04974999771345219,
    0.06268499771265561,
    0.17909999788508757,
    0.3974081340677204,
    0.9100411117408747,
    0.008230345971816697,
    0.7848222765982349,
    0.00017251339951711352,
    0.00017251339951711352,
    0.00017251339951711352,
    0.000592080842217628,
    0.000592080842217628,
    0.543202834139902,
    7.162268252632597e-06,
    0.0001024381206256156,
    0.0001024381206256156,
    0.0001024381206256156,
    0.0001024381206256156,
    1.379069997602375,
    0.11939999768057988,
    0.2586999976708935,
    0.09352999768009397,
    0.09352999768233214,
    0.0935299976797995,
    0.09352999768017649,
    0.09352999768005271,
    0.17412499790273453,
    0.0,
    0.6716249976043384,
    0.6716249976043389
  ],
  "qg": [
    -0.4666994979026736,
    0.003284924880581424,
    0.003640547956450761,
    0.003428804211621257,
    0.0035970578068033206,
    0.007105696186601327,
    -0.14534413313096214,
    -0.005699711547493988,
    -0.03409970467629056,
    -0.03409971050263157,
    -0.03409970362249862,
    -0.03409971320193407,
    -0.03409971309114943,
    -0.03409970278277346,
    0.0007017993997131221,
    0.0014507146801514598,
    0.00832503299588082,
    0.010458284005699292,
    -0.0035996635199823323,
    -0.005499680970213661,
    -0.006999681036115149,
    -0.02199979350554972,
    -0.10758519836784938,
    -0.21482493744342693,
    -0.0002442911518271859,
    0.02108503971053293,
    0.02267167964517718,
    0.06876055066907341,
    0.10164568226369936,
    0.0741625229943879,
    0.07413297340033538,
    -0.052871718794644994,
    -0.006599299599032949,
    -0.09419926479420945,
    -0.09419897201512029,
    -0.09419926023066255,
    -0.09419925987081922,
    0.06172619230725811,
    -0.013299853900913,
    -0.0288998515527728,
    -0.010399852384729222,
    -0.01039985396039838,
    -0.01039985194665619,
    -0.010399852398911195,
    -0.01039985237793451,
    -0.021348519635500603,
    -0.0324949176599415,
    -0.03017123060947522,
    0.022164182153165672
  ],
  "pd": [
    0.049270859206241434,
    0.011308612911926775,
    0.053020381599458453,
    0.15836728300318928,
    0.28476354944357435,
    0.0020215396532824855,
    0.01683949202932341,
    0.29861409835517316,
    0.004763628093873579,
    0.005130574235558519,
    0.00755241877067912,
    0.03073007142910603,
    0.009413836471226358,
    0.015992180029432732,
    0.009026875085449514,
    0.015565188155472073,
    0.3942069041381152,
    0.003422606739715891,
    0.042959385569260475,
    0.13851883261204936,
    0.023831483965429168,
    0.19886479354914535,
    0.006838541731401147,
    0.04257242418348363,
    0.013643724722649117,
    0.2557614607544029,
    0.007118755148687829,
    0.06370185019650551,
    0.013917266391905162,
    0.006338160629103502,
    0.02134292195000221,
    0.04228553901816631,
    0.01030117895930085,
    0.012155924911817453,
    0.0029755996216633287,
    0.014791265383918381,
    0.005030498015098989,
    0.0036961484089719373,
    0.018807657698360812,
    0.006658404534573994,
    0.009280401510613654,
    0.012289359872430157,
    0.006478267337746842,
    0.02508577259518859,
    0.015631905635778424,
    0.009694049888513039,
    0.13713778076970787,
    0.057003415173747705,
    0.08581202317003078,
    0.02216354695777035,
    0.014671173919366946,
    0.016419171903393388,
    0.12516866480274821,
    0.024004949414225683,
    0.003949674834136076,
    0.0058978252590815745,
    0.036647911932279516,
    0.014057373100548502,
    0.005971214487418562,
    0.014951387336653629,
    0.025032398610943512,
    0.03225122998009086,
    0.05503524950471031,
    0.32918404783154404,
    0.05721691111072803,
    0.01523160075394031,
    0.014744563147703936,
    0.33209292997290096,
    0.014024014360395328,
    0.006404878109409854,
    0.009874187085340193,
    0.0048703760623637436,
    0.005264009196171225,
    0.019728358926588477,
    0.005617611841794893,
    0.004803658582057391,
    0.03847597089267358,
    0.08116848654070864,
    0.24945665886545257,
    0.0034626372278997028,
    0.013730457447047376,
    0.3506670764901896,
    0.0035360264562366906,
    0.029982835649674883,
    0.02932233259464199,
    0.010528018392342447,
    0.023878186201643614,
    0.0724418401166377,
    0.05881145889004986,
    0.2273665011360192,
    0.02626667199661104,
    0.005811092534683316,
    0.11130477239508813,
    0.011995802959082206,
    0.004096453290810052,
    0.0012943191179432415,
    0.09760767368819394,
    0.5153525048783905,
    0.029355691334795164,
    0.2018470649188393,
    0.010114370014443062,
    0.010294507211270213,
    0.15945477793218282,
    0.007739227715536907,
    0.01396396862811961,
    0.03790220056203894,
    0.007739227715536907,
    0.054781723079546166,
    0.009493897447593982,
    0.2485960033695007,
    0.1786360535202592,
    0.060406006669371695,
    0.010027637290044803,
    0.10702151015942028,
    0.2136493871850331,
    0.09844831394005397,
    0.059812221094645145,
    0.009260386266521748,
    0.009654019400329228,
    0.30558607504718704,
    0.02767441083107508,
    0.025312612028230198,
    0.007192144377024815,
    0.015224929005909675,
    0.013450244029760694,
    0.0067317937629109825,
    0.05138580333195281,
    0.010281163715208944,
    0.008179563085558835,
    0.01417746456509994,
    0.034579670042782576,
    0.126836601810407,
    0.009373805983042547,
    0.02042889246980518,
    0.0455013215689325,
    0.15750662750723735,
    0.05167268849727013,
    0.00959397366805351,
    0.3105298403378878,
    0.0036027439365430435,
    0.006284786644858419,
    0.0614467993621508,
    0.012662977762145733,
    0.0075390752746178485,
    0.05178610821379093,
    0.014037357856456597,
    0.11201197768633547,
    0.0048837195584250145,
    0.017126377194640725,
    0.0021549746138951904,
    0.02405165165044013,
    0.35187466288373453,
    0.1466983956976082,
    0.25069093225112005,
    0.03584730216860328,
    0.01497807432877617,
    0.013410213541576883,
    0.004730269353720403,
    0.006344832377134136,
    0.05125904011937074
  ],