{
  "ace_integral": 27.027748167551827,
  "ace_raw": -1.689753626111295
}