{
  "ace_integral": -859.546130422494,
  "ace_raw": 8.594805604014638
}