{
  "ace_integral": 31.96125575888737,
  "ace_raw": -0.09955678003894852
}