label,cold_end_first_hz,cold_start_second_hz,cold_jump_hz,hot_end_first_hz,hot_start_second_hz,hot_jump_hz,hot_step_0_to_1_hz,hot_min_hz,hot_max_hz
h5_apply_memory,0.0062024831135554,0.0,-0.0062024831135554,0.006202483113555424,0.006202483113555424,0.0,-0.3629073774422964,-4.696409410120821,0.9118344679289292
