{
  "ace_integral": -11.635090845368362,
  "ace_raw": 0.03476465884409563
}