{
  "ace_integral": -2.2109356389558807,
  "ace_raw": 0.005878193226610427
}