{
  "ace_integral": -503.63874067268716,
  "ace_raw": 5.035043085317679
}