{
  "ace_integral": -744.8599382494289,
  "ace_raw": 7.447384255795184
}