{
  "ace_integral": -413.0103066255954,
  "ace_raw": 4.132333225895556
}