{
  "ace_integral": 42.79783797701899,
  "ace_raw": -0.12890967577604204
}