{
  "ace_integral": -832.6460016586485,
  "ace_raw": 8.326188368983306
}