{
  "ace_integral": -528.3924602696549,
  "ace_raw": 5.284848241898876
}