{
  "ace_integral": -827.0838737798027,
  "ace_raw": 8.270289168269894
}