{
  "ace_integral": 42.6858332173447,
  "ace_raw": -0.1310788857352317
}