{
  "ace_integral": -582.3564707465263,
  "ace_raw": 5.823523730879
}