{
  "ace_integral": 50.857816838689864,
  "ace_raw": -0.15168362453331768
}