{
  "ace_integral": 16.16014795182838,
  "ace_raw": -0.04716894256147032
}