{
  "ace_integral": -471.38899752644613,
  "ace_raw": 4.71575259628703
}