{
  "hour": 13,
  "dispatch": 2,
  "load": 0.9311623456895101,
  "wind": 0.23020571769909662,
  "solar": 0.9086331857063973,
  "gen": [
    47,
    1,
    2,
    3,
    4,
    5,
    6,
    7,
    8,
    9,
    10,
    11,
    12,
    13,
    14,
    15,
    16,
    17,
    18,
    19,
    20,
    21,
    22,
    23,
    24,
    25,
    26,
    27,
    28,
    29,
    30,
    31,
    32,
    33,
    34,
    35,
    36,
    37,
    38,
    39,
    40,
    41,
    42,
    43,
    44,
    45,
    46,
    48,
    49
  ],
  "pg": [
    3.349222241536861,
    0.045073499313366606,
    0.04507349931377394,
    0.04507349931336661,
    0.04507349931377393,
    0.09024649931195942,
    0.19912794580971854,
    0.04676499932537355,
    0.0192912391431843,
    0.0192912391431843,
    0.0192912391431843,
    0.0192912391431843,
    0.0192912391431843,
    0.0192912391431843,
    0.0,
    0.023879999255196904,
    0.17909999925311376,
    0.1790999992523693,
    0.03183999925950607,
    0.04974999926039196,
    0.06268499926014924,
    0.1790999993200675,
    0.1556190651645893,
    0.35635845099820157,
    0.0032228800477873526,
    0.307324633128294,
    0.35454866906263616,
    0.35454866906263616,
    0.35454866906263616,
    1.216841562298007,
    1.216841562298007,
    0.21271008315396528,
    0.014719857608443637,
    0.21053030912817225,
    0.21053030912817225,
    0.21053030912817225,
    0.21053030912817225,
    1.379069999221242,
    0.11939999925614476,
    0.2586999992526594,
    0.09352999925584257,
    0.09352999925666806,
    0.0935299992556828,
    0.09352999925586028,
    0.09352999925583372,
    0.17412499931731518,
    0.0,
    0.6716249992289088,
    0.6716249992289088
  ],
  "qg": [
    -0.4666991735621384,
    0.006565866551185819,
    0.007742171828443353,
    0.006710765608180597,
    0.007698054962200136,
    0.011299134312144393,
    -0.12740459421736752,
    -0.005699757312065424,
    -0.03409973497746829,
    -0.03409975304022773,
    -0.034099734077104385,
    -0.03409975936155917,
    -0.034099759269591794,
    -0.03409973335514147,
    0.0021619220005688576,
    0.0021102398251842376,
    0.01473543617641934,
    0.015431443717765508,
    -0.0035996670633343195,
    -0.0054997216265203035,
    -0.006999721864264507,
    -0.021999884918584803,
    -0.03775080013470416,
    -0.07906877928169793,
    0.0021201122788643556,
    0.10525144130792972,
    0.0541745334804076,
    0.1371668588910658,
    0.19539985372268373,
    0.19435914982553767,
    0.18656875827306962,
    -0.0174098990234066,
    -0.006582192595636277,
    -0.09406635188904038,
    -0.05040432443201822,
    -0.09408399230347256,
    -0.09408526586504387,
    0.1843500123091583,
    -0.013299930702255026,
    -0.028899928309388378,
    -0.010399929458634301,
    -0.010399930714063636,
    -0.010399929042523372,
    -0.010399929455600327,
    -0.010399929460285794,
    0.006099549667005566,
    -0.00387061644456089,
    -0.005464300304024656,
    0.04548623071784139
  ],
  "pd": [
    0.06876633922917032,
    0.015783201759437194,
    0.07399947161194537,
    0.221030005996319,
    0.3974387123871967,
    0.0028214219074392155,
    0.02350253760520323,
    0.4167696426837109,
    0.006648499148223102,
    0.007160638438352332,
    0.010540757753205255,
    0.04288933764245883,
    0.013138700697678985,
    0.022319961426177558,
    0.012598626537179072,
    0.02172401752493627,
    0.5501865835741039,
    0.004776862833387186,
    0.059957543438947554,
    0.19332792621205608,
    0.0332611189880293,
    0.27755156037967227,
    0.00954441404331748,
    0.05941746927844764,
    0.01904226996935048,
    0.3569610852200737,
    0.009935502228507073,
    0.08890738076643441,
    0.01942404653108318,
    0.008846042284050346,
    0.029787883438607426,
    0.059017069469801155,
    0.014377146617446036,
    0.016965777938462875,
    0.004152984061775215,
    0.020643869203936436,
    0.0070209640864989055,
    0.005158639395119886,
    0.02624946652498729,
    0.00929300020998131,
    0.012952468228541085,
    0.017152010407600775,
    0.009041586376645143,
    0.03501170419792557,
    0.02181713375950522,
    0.013529788882868581,
    0.1914004201564788,
    0.07955851081571175,
    0.1197661009025848,
    0.030933213123805522,
    0.020476259981712326,
    0.022915905327418842,
    0.17469536767480898,
    0.03350322119790857,
    0.005512481086481899,
    0.00823147513589527,
    0.05114874764872479,
    0.019619590623677977,
    0.008333902993921114,
    0.02086734816690192,
    0.034937211210270415,
    0.0450123877906309,
    0.0768115818959277,
    0.4594355013632044,
    0.07985648276633238,
    0.021258436352091514,
    0.020578687839738173,
    0.4634953691904105,
    0.0195730325063935,
    0.008939158518619296,
    0.01378120271620475,
    0.006797485123533424,
    0.007346870907490236,
    0.027534470562038813,
    0.007840386950705675,
    0.006704368888964472,
    0.053700132475914056,
    0.1132852109765858,
    0.34816160105330785,
    0.004832732574128557,
    0.01916332107429012,
    0.4894189288944065,
    0.0049351604321544035,
    0.04184643581528658,
    0.04092458509305397,
    0.014693741814980468,
    0.03332630035222757,
    0.101105607494967,
    0.0820819607725303,
    0.31733081578752814,
    0.036659861549796016,
    0.008110424030955634,
    0.15534581413138096,
    0.01674229897549739,
    0.005717336802533592,
    0.0018064549506376496,
    0.13622905117437534,
    0.7192670423044052,
    0.04097114321033844,
    0.28171385606490434,
    0.014116421160652972,
    0.014367834993989139,
    0.2225478006197929,
    0.010801483209998316,
    0.019489227895281448,
    0.05289933285862106,
    0.010801483209998316,
    0.07645774020456568,
    0.013250440179161728,
    0.34696040162736846,
    0.2493187180583663,
    0.08430743877872825,
    0.013995370055713337,
    0.1493677518720543,
    0.2981861179601518,
    0.1374023157299441,
    0.08347870429106458,
    0.0129245333581704,
    0.01347391914212721,
    0.4265002891961663,
    0.03862461409920088,
    0.03532829939546001,
    0.010037930086532918,
    0.02124912472863462,
    0.018772232889100522,
    0.009395428068007156,
    0.07171812386500608,
    0.01434921174707535,
    0.011416050358153393,
    0.01978719984590209,
    0.048262144377087306,
    0.17702327353903277,
    0.013082830956937616,
    0.0285121910250128,
    0.06350527197602458,
    0.21982880657037954,
    0.07211852367365255,
    0.013390114531015155,
    0.43340020217772557,
    0.005028276666723354,
    0.008771549296395184,
    0.0857600520380039,
    0.0176734613211869,
    0.010522134506291463,
    0.07227682127241977,
    0.01959165575330729,
    0.15633284621781185,
    0.006816108370447214,
    0.02390293741384972,
    0.0030076543765771174,
    0.03356840256210684,
    0.49110433274010457,
    0.20474397657020946,
    0.34988425139283336,
    0.050031352833897376,
    0.0209045946607295,
    0.01871636314835915,
    0.006601941030938627,
    0.00885535390750724,
    0.07154120301932505
  ],