{
  "ace_integral": -685.483505208109,
  "ace_raw": 6.854992445776602
}