{
  "ace_integral": -29.2499234366617,
  "ace_raw": 0.08530633475153361
}