{
  "ace_integral": -388.4273445474015,
  "ace_raw": 3.883493336288115
}