{
  "ace_integral": -577.9176077239955,
  "ace_raw": 5.779115891809073
}