{
  "ace_integral": -717.2322657396445,
  "ace_raw": 7.172109052298502
}