{
  "ace_integral": -425.6933376240107,
  "ace_raw": 4.2576415997876875
}