{
  "ace_integral": -532.288013242941,
  "ace_raw": 1.5910933042184756
}