{
  "ace_integral": -308.446414514502,
  "ace_raw": 3.085414656899106
}