{
  "ace_integral": 21.200021293661933,
  "ace_raw": -0.06603225567737879
}