{
  "ace_integral": 15.758400141872283,
  "ace_raw": -0.15751039339843098
}