{
  "ace_integral": -9.446731397119695,
  "ace_raw": 0.025276640448407335
}