{
  "ace_integral": 18.083364189794338,
  "ace_raw": -0.0549474255785174
}