{
  "ace_integral": -481.4400256986629,
  "ace_raw": 4.812908803473853
}