{
  "ace_integral": -22.533061250828922,
  "ace_raw": 0.07244020102455148
}