{
  "hour": 0,
  "dispatch": 1,
  "load": 0.7310635597667295,
  "wind": 0.7203226596401452,
  "solar": 7.083874301047402e-05,
  "gen": [
    47,
    1,
    2,
    3,
    4,
    5,
    6,
    7,
    8,
    9,
    10,
    11,
    12,
    13,
    14,
    15,
    16,
    17,
    18,
    19,
    20,
    21,
    22,
    23,
    24,
    25,
    26,
    27,
    28,
    29,
    30,
    31,
    32,
    33,
    34,
    35,
    36,
    37,
    38,
    39,
    40,
    41,
    42,
    43,
    44,
    45,
    46,
    48,
    49
  ],
  "pg": [
    1.9023936901358223,
    0.045073495871846475,
    0.045073495874320156,
    0.04507349587184706,
    0.04507349587432003,
    0.09024649586328078,
    0.6230791005887256,
    0.04676499601194808,
    0.06036303887784418,
    0.06036303887784418,
    0.06036303887784418,
    0.06036303887784418,
    0.06036303887784418,
    0.06036303887784418,
    0.0,
    0.023879995775698583,
    0.17909999576449734,
    0.17909999576015584,
    0.031839995658869004,
    0.049749995662672804,
    0.06268499566117604,
    0.1790999959903896,
    0.4869381179167381,
    1.1150594771229447,
    0.010084517234962034,
    0.9616307506195938,
    2.7641277522686962e-05,
    2.7641277522686962e-05,
    2.7641277522686962e-05,
    9.48672446396268e-05,
    9.48672446396268e-05,
    0.6655781375074942,
    1.147587636769679e-06,
    1.641333675552683e-05,
    1.641333675552683e-05,
    1.641333675552683e-05,
    1.641333675552683e-05,
    1.37906999547333,
    0.11939999560149711,
    0.25869999558340584,
    0.09352999560065575,
    0.09352999560483263,
    0.09352999560013654,
    0.0935299956008173,
    0.09352999560057498,
    0.17412499603797923,
    0.0,
    0.6716249954540836,
    0.6716249954540872
  ],
  "qg": [
    -0.4666989505677395,
    0.004581359754081849,
    0.005262362226319082,
    0.004724825696913466,
    0.005218915590631151,
    0.008752799736600191,
    -0.12460444040824324,
    -0.005699404687060539,
    -0.0340993883570643,
    -0.03409940272232841,
    -0.03409938632284633,
    -0.03409940894140301,
    -0.034099408726418735,
    -0.03409938472281241,
    0.001129742801015653,
    0.0016449475581720408,
    0.01017074857871162,
    0.011913490571544805,
    -0.003599304720927212,
    -0.005499346630577725,
    -0.006999347105922406,
    -0.021999584697401427,
    -0.08221946413472661,
    -0.15193668779668681,
    0.0008254010712221986,
    0.08821005049822483,
    0.02890051867816024,
    0.08769655596169328,
    0.12959753721646286,
    0.12033837971665896,
    0.12026127172808118,
    -0.016314757162532504,
    -0.006596609557801946,
    -0.09419605925505295,
    -0.09418910195582923,
    -0.09419603830430898,
    -0.09419603676329387,
    0.10280787000566677,
    -0.01329973138523753,
    -0.028899727392931052,
    -0.010399728694828464,
    -0.010399731482280364,
    -0.010399727933957013,
    -0.010399728722448588,
    -0.010399728681577302,
    -0.017642589415252458,
    -0.032277763340667384,
    -0.021339872582662983,
    0.0305964634532934
  ],
  "pd": [
    0.05398904388877298,
    0.012391527338046066,
    0.058097621094661996,
    0.17353255718182858,
    0.31203254857963547,
    0.002215122586093191,
    0.018452044248512253,
    0.3272094280803928,
    0.005219793816734449,
    0.00562187877460615,
    0.008275639496559378,
    0.03367278756285556,
    0.010315306828308553,
    0.01752359352760851,
    0.009891289963643852,
    0.0170557128493578,
    0.4319562149237698,
    0.0037503560616033225,
    0.04707318261337972,
    0.15178341627876837,
    0.026113590354867582,
    0.21790811525966908,
    0.007493401487608978,
    0.04664916574871501,
    0.014950249797229618,
    0.2802532156365758,
    0.007800448182711005,
    0.06980194868652734,
    0.015249985856733978,
    0.00694510381778393,
    0.023386723276937676,
    0.04633480841801532,
    0.011287621362798305,
    0.013319978058949812,
    0.003260543476559614,
    0.016207679120028393,
    0.00551221924064114,
    0.004050092121107682,
    0.020608681749824106,
    0.0072960143264719605,
    0.010169094116355209,
    0.013466190770903157,
    0.007098627165334943,
    0.02748798984722902,
    0.01712881920533447,
    0.01062235352341058,
    0.15027011471005128,
    0.06246207054646937,
    0.09402939505719676,
    0.024285931455450754,
    0.016076087679270382,
    0.017991474205859215,
    0.13715483444783613,
    0.026303666880406928,
    0.004327896273819039,
    0.0064626018683378895,
    0.04015732133798646,
    0.015403509204284991,
    0.006543018859912229,
    0.01638313437437241,
    0.027429504762447692,
    0.0353396124791237,
    0.06030543304515753,
    0.3607067603889044,
    0.06269601088559473,
    0.016690181069474435,
    0.016156504670844726,
    0.36389419750948726,
    0.015366956026296655,
    0.007018210173760603,
    0.010819740684547597,
    0.005336763986297126,
    0.005768091486559497,
    0.021617549462302193,
    0.006155555173235863,
    0.005263657630320453,
    0.0421604354917473,
    0.08894119268122032,
    0.2733446649967802,
    0.0037942198751893265,
    0.015045288059999294,
    0.3842470070133931,
    0.003874636866763667,
    0.03285399637591683,
    0.03213024345174777,
    0.01153618297311899,
    0.026164764804051253,
    0.07937888131947149,
    0.0644432527934372,
    0.24913915053290375,
    0.028781972348016143,
    0.006367563605568215,
    0.1219633336758835,
    0.013144522804605797,
    0.0044887302569677195,
    0.0014182633059474554,
    0.10695459879387254,
    0.5647027361062126,
    0.0321667966297361,
    0.22117596937182635,
    0.01108292356606362,
    0.011280310727200637,
    0.17472419078424836,
    0.008480337293294062,
    0.01530116030591765,
    0.0415317208303479,
    0.008480337293294062,
    0.060027628892446165,
    0.010403034455480561,
    0.2724015930046812,
    0.19574226812754184,
    0.0661904947012797,
    0.010987885303293945,
    0.11726990562218108,
    0.23410848374409982,
    0.1078757388791786,
    0.0655398481330873,
    0.010147162209562206,
    0.010578489709824576,
    0.3348490422799551,
    0.030324516459123943,
    0.02773655145754972,
    0.007880865174285344,
    0.016682870433876767,
    0.014738241364897268,
    0.007376431318046301,
    0.056306515373233515,
    0.011265689456005302,
    0.008962839242740104,
    0.015535100645043005,
    0.037891024302709596,
    0.13898249334725296,
    0.01027144301472255,
    0.02238516620005726,
    0.04985853477609095,
    0.17258948518972952,
    0.056620872703933206,
    0.01051269398944557,
    0.3402662232578266,
    0.00394774322274034,
    0.006886618733002592,
    0.0673309538545158,
    0.013875586364372527,
    0.008261018225364044,
    0.056745153509093545,
    0.01538157729749199,
    0.12273826104923623,
    0.005351385257492461,
    0.018766401579211948,
    0.0023613352980465362,
    0.026354841329590598,
    0.38557023205657087,
    0.16074625552150848,
    0.2746971325823486,
    0.03928004506626638,
    0.016412376916763078,
    0.014694377551311264,
    0.005183240638746113,
    0.0069524144533815975,
    0.056167613296877826
  ],