{
  "hour": 0,
  "dispatch": 3,
  "load": 0.7437478377852421,
  "wind": 0.5716012562106191,
  "solar": 0.00012551027812176386,
  "gen": [
    47,
    1,
    2,
    3,
    4,
    5,
    6,
    7,
    8,
    9,
    10,
    11,
    12,
    13,
    14,
    15,
    16,
    17,
    18,
    19,
    20,
    21,
    22,
    23,
    24,
    25,
    26,
    27,
    28,
    29,
    30,
    31,
    32,
    33,
    34,
    35,
    36,
    37,
    38,
    39,
    40,
    41,
    42,
    43,
    44,
    45,
    46,
    48,
    49
  ],
  "pg": [
    2.968371458871457,
    0.0450734996490793,
    0.04507349964929017,
    0.0450734996490793,
    0.04507349964929017,
    0.09024649964834972,
    0.4944350866221855,
    0.0467649996596759,
    0.04790018527044989,
    0.04790018527044989,
    0.04790018527044989,
    0.04790018527044989,
    0.04790018527044989,
    0.04790018527044989,
    0.0,
    0.023879999640245616,
    0.1790999996392964,
    0.17909999963892814,
    0.03183999962831977,
    0.04974999962866609,
    0.06268499962853893,
    0.179099999657488,
    0.38640244919837846,
    0.8848387446140383,
    0.008002417586948668,
    0.7630876770411764,
    4.897411052311226e-05,
    4.897411052311226e-05,
    4.897411052311226e-05,
    0.00016808336446066615,
    0.00016808336446066615,
    0.528159560738612,
    2.0332665055725744e-06,
    2.9080731440812682e-05,
    2.9080731440812682e-05,
    2.9080731440812682e-05,
    2.9080731440812682e-05,
    1.3790699996137108,
    0.11939999962404539,
    0.25869999962251944,
    0.09352999962397764,
    0.09352999962433045,
    0.09352999962393546,
    0.09352999962399171,
    0.0935299996239706,
    0.17412499966155143,
    0.0,
    0.6716249996122666,
    0.6716249996122666
  ],
  "qg": [
    -0.46669988898153636,
    0.004166320288052734,
    0.004741471705074813,
    0.004310767628750073,
    0.004697740304707925,
    0.008239298982358168,
    -0.15351244986626145,
    -0.005699949542625117,
    -0.03409994813921695,
    -0.03409994927722269,
    -0.034099947953994916,
    -0.03409994978923969,
    -0.03409994976962263,
    -0.03409994780595124,
    0.0011961909284201333,
    0.0016845942487671685,
    0.010561027444234346,
    0.01222229903191731,
    -0.0035999328799486995,
    -0.005499937163774906,
    -0.006999937162656629,
    -0.021999964616994314,
    -0.06678042645197002,
    -0.12819707252793372,
    0.0014393549804750465,
    0.09878187627491006,
    0.030357257893437847,
    0.09212886248133327,
    0.1361378156178813,
    0.13265547921830317,
    0.1325614553649666,
    -0.027887761020030037,
    -0.006599815085772849,
    -0.09419979258523056,
    -0.09419955411699579,
    -0.09419979142981941,
    -0.09419979133838416,
    0.11758092793538844,
    -0.013299977446196804,
    -0.02889997712581712,
    -0.010399977234223893,
    -0.010399977457966758,
    -0.010399977174513839,
    -0.0103999772368567,
    -0.010399977232951892,
    -0.012373758045530724,
    -0.032463616633427714,
    -0.019730753335581455,
    0.032188957244882174
  ],
  "pd": [
    0.05492577782044013,
    0.012606525850459854,
    0.05910564066879319,
    0.17654342425508293,
    0.31744645212349704,
    0.0022535559484892836,
    0.01877219542569951,
    0.33288665723591865,
    0.005310359561786628,
    0.005719420872568512,
    0.008419225523728941,
    0.03425702540838825,
    0.010494281991149766,
    0.017827635671712253,
    0.010062908245234327,
    0.0173516370555297,
    0.4394508474337881,
    0.003815426407838292,
    0.04788992327499174,
    0.15441692608097196,
    0.02656667276568885,
    0.22168891800864712,
    0.007623415337298732,
    0.047458549529076306,
    0.0152096432827082,
    0.2851157336149726,
    0.007935789429168534,
    0.07101304355173492,
    0.015514579896200151,
    0.0070656044589598,
    0.023792493330749894,
    0.04713873795882865,
    0.011483466615404139,
    0.013551085604447111,
    0.00331711535652218,
    0.016488889563698816,
    0.005607858696900726,
    0.0041203630213302415,
    0.020966251547165974,
    0.0074226034210967155,
    0.010345532423592717,
    0.01369983517200416,
    0.007221791504894701,
    0.027964918700725094,
    0.017426011839308222,
    0.010806656083019568,
    0.15287736805675653,
    0.06354581526037109,
    0.09566084689593785,
    0.024707303171225742,
    0.016355014952897474,
    0.018303634287894808,
    0.13953453184688927,
    0.02676004720351301,
    0.004402987199688633,
    0.006574730886021541,
    0.04085406872954336,
    0.01567076694213505,
    0.006656543148177917,
    0.016667389044767274,
    0.027905418873702282,
    0.03595277047853859,
    0.06135175913890463,
    0.36696518316323856,
    0.06378381456846237,
    0.01697976313663708,
    0.01643682721505385,
    0.3702079237359821,
    0.015633579550245788,
    0.007139979242738324,
    0.011007467999221584,
    0.005429359215832268,
    0.005868170440125561,
    0.02199262356330961,
    0.006262356794151739,
    0.005354984432053743,
    0.04289193780507492,
    0.09048436194495256,
    0.27808731654790203,
    0.0038600512781054065,
    0.015306330501620283,
    0.3909138635399233,
    0.0039418635402617835,
    0.03342402783006878,
    0.03268771747066139,
    0.01173634088025112,
    0.026618735114333818,
    0.08075614022672159,
    0.06556137190076909,
    0.2534618256388326,
    0.029281352373604984,
    0.006478043667109459,
    0.12407945177771194,
    0.013372586123378653,
    0.0045666117240013866,
    0.0014428708053033697,
    0.10881030866798093,
    0.5745005798188324,
    0.03272490486255065,
    0.22501347084354714,
    0.011275217220824271,
    0.011476029137026285,
    0.17775573323067287,
    0.008627474918308809,
    0.015566642244845118,
    0.042252314664579606,
    0.008627474918308809,
    0.06106913496054623,
    0.010583531731683995,
    0.27712788183715914,
    0.19913848356699856,
    0.06733892923307583,
    0.011178530001912188,
    0.11930459065913068,
    0.2381703700939681,
    0.10974743094359032,
    0.06667699365744695,
    0.01032321998845916,
    0.010762031212752453,
    0.3406588221407744,
    0.030850660311331844,
    0.028217792965572086,
    0.00801760169132491,
    0.016972325658259225,
    0.014993956409750481,
    0.007504415683253093,
    0.05728345846621935,
    0.011461154180270581,
    0.00911834849124707,
    0.015804641552936396,
    0.0385484504324091,
    0.1413939014413524,
    0.010449657120882652,
    0.022773558792984115,
    0.05072360253695351,
    0.17558398954433996,
    0.05760327003646701,
    0.010695093907351782,
    0.3461699936187631,
    0.004016238324040308,
    0.00700610463193698,
    0.06849917586002081,
    0.014116333961163895,
    0.008404350566973235,
    0.05772970716889049,
    0.015648454507001495,
    0.1248678244857643,
    0.005444234172587973,
    0.019092006995947163,
    0.002402305516046332,
    0.026812109552157976,
    0.39226004712631457,
    0.16353527457221903,
    0.2794632500478047,
    0.039961571324201056,
    0.016697138958278686,
    0.014949331539483366,
    0.005273172169897367,
    0.007073041937337652,
    0.05714214637704015
  ],