{
  "hour": 10,
  "dispatch": 1,
  "load": 0.9956662720703917,
  "wind": 0.3710170391769002,
  "solar": 0.5862227776665623,
  "gen": [
    47,
    1,
    2,
    3,
    4,
    5,
    6,
    7,
    8,
    9,
    10,
    11,
    12,
    13,
    14,
    15,
    16,
    17,
    18,
    19,
    20,
    21,
    22,
    23,
    24,
    25,
    26,
    27,
    28,
    29,
    30,
    31,
    32,
    33,
    34,
    35,
    36,
    37,
    38,
    39,
    40,
    41,
    42,
    43,
    44,
    45,
    46,
    48,
    49
  ],
  "pg": [
    5.064750485274803,
    0.04507349038706372,
    0.045073490392767465,
    0.0450734903870678,
    0.045073490392766334,
    0.09024649036744734,
    0.3209297388880186,
    0.046764990600650674,
    0.031091227883024243,
    0.031091227883024243,
    0.031091227883024243,
    0.031091227883024243,
    0.031091227883024243,
    0.031091227883024243,
    0.0,
    0.02387998986317129,
    0.1790999898361203,
    0.17909998982607636,
    0.03183998964473823,
    0.049749989658750556,
    0.06268498965547731,
    0.17909999052116382,
    0.2508075184835845,
    0.5743343766458415,
    0.005194238548476603,
    0.4953077473011618,
    0.22874412784549258,
    0.22874412784549258,
    0.22874412784549258,
    0.7850695438510601,
    0.7850695438510601,
    0.3428197441994558,
    0.009496808998198308,
    0.1358278175853425,
    0.1358278175853425,
    0.1358278175853425,
    0.1358278175853425,
    1.3790699892955336,
    0.11939998960389935,
    0.25869998955904105,
    0.09352998960082543,
    0.0935299896114074,
    0.09352998959914735,
    0.09352998960114454,
    0.09352998960066584,
    0.1741249905945833,
    0.0,
    0.671624989261923,
    0.6716249892619507
  ],
  "qg": [
    -0.33653331968755673,
    0.007240448900187898,
    0.008581691388487904,
    0.007385214805414703,
    0.008537603839544394,
    0.012168630417752967,
    -0.14140022151987758,
    -0.00569675475225755,
    -0.034096473318361416,
    -0.03409674896761053,
    -0.03409646282573707,
    -0.03409683994684025,
    -0.03409683921981418,
    -0.03409645581922978,
    0.0026604923915056113,
    0.002346197296016087,
    0.01696748089121795,
    0.017235788524041114,
    -0.0035622303586623836,
    -0.005489395496408076,
    -0.006990337158969134,
    -0.0219984740301387,
    0.016697687088210376,
    0.0427096559160226,
    0.003183849242391816,
    0.21759700785994165,
    0.05450005852628668,
    0.15408240574427864,
    0.22446610924959376,
    0.22389017617096013,
    0.22046802688460082,
    0.014132787995622438,
    -0.005711688700896858,
    -0.08247778816155212,
    -0.036294991996843294,
    -0.08297424980899586,
    -0.08301294822783906,
    0.19603269498322973,
    -0.013299242083377906,
    -0.02889922561926276,
    -0.01039923045036108,
    -0.010399241529961481,
    -0.010399227024823045,
    -0.010399230432021173,
    -0.010399230462078225,
    0.011824998192477353,
    0.009627063857072448,
    0.006600159741235756,
    0.05729071605296214
  ],
  "pd": [
    0.07352995419239843,
    0.01687654331159314,
    0.07912559864143402,
    0.23634130300134887,
    0.42497027824508454,
    0.003016868804373287,
    0.025130616707056685,
    0.4456403100532659,
    0.007109057182582597,
    0.007656673632221312,
    0.011270942199836834,
    0.04586038849156224,
    0.014048851098913226,
    0.02386612054152729,
    0.0134713646611124,
    0.023228894127402238,
    0.5882993735155115,
    0.00510776797572111,
    0.06411095125861252,
    0.20672023140725473,
    0.03556519923835439,
    0.2967782457160217,
    0.010205579288721515,
    0.0635334648208117,
    0.02036137526383951,
    0.3816886653981847,
    0.01062375912299108,
    0.095066215657281,
    0.02076959843538837,
    0.009458829584668722,
    0.03185136404353183,
    0.06310532832382143,
    0.015373087240766848,
    0.018141039477122537,
    0.004440671573433947,
    0.022073921251800584,
    0.007507323691410753,
    0.005515991147269971,
    0.028067832209664342,
    0.009936749395262508,
    0.013849717844499149,
    0.018340172731536614,
    0.009667919501803504,
    0.03743705182984672,
    0.023328460754609277,
    0.01446703093318279,
    0.20465920222406903,
    0.08506972628569427,
    0.1280625959136938,
    0.03307603355817841,
    0.021894701322827913,
    0.02450334695565234,
    0.18679694930312618,
    0.035824072469092694,
    0.005894344330656719,
    0.008801689845102264,
    0.05469194832482662,
    0.020978688352523152,
    0.008911213135030006,
    0.022312881157097477,
    0.03735739852808109,
    0.04813050759188272,
    0.08213251078308662,
    0.4912617386395314,
    0.0853883394927568,
    0.02273106099136704,
    0.022004224612755658,
    0.4956028435857582,
    0.020928905038919633,
    0.00955839621187576,
    0.014735860826641798,
    0.00726836378611386,
    0.007855806886635392,
    0.02944185166512148,
    0.008383510010832698,
    0.00716879715890682,
    0.057420073910299504,
    0.12113275866008386,
    0.3722796191271195,
    0.005167507952045333,
    0.020490811879208662,
    0.523322192600198,
    0.005277031241973076,
    0.044745242266843406,
    0.043759532657493716,
    0.01571161377327078,
    0.03563489587739932,
    0.10810944382140313,
    0.08776798188300503,
    0.3393131088588688,
    0.039199381131411325,
    0.008672253229733112,
    0.16610700416950344,
    0.017902079571825644,
    0.0061133909105122045,
    0.00193159256781656,
    0.14566597560389832,
    0.7690924551980534,
    0.04380931597109723,
    0.3012288739521763,
    0.015094300684587138,
    0.015363130578046143,
    0.2379642390248236,
    0.011549728756016543,
    0.0208392950744333,
    0.056563800916318956,
    0.011549728756016543,
    0.08175415759969987,
    0.014168331051561674,
    0.37099520963614874,
    0.26658964434684734,
    0.09014762427325328,
    0.014964864069217987,
    0.15971482670281154,
    0.31884221030510157,
    0.146920515106707,
    0.08926148129111061,
    0.013819847856337037,
    0.014407290956858568,
    0.4560450225964015,
    0.04130023696547985,
    0.03777557836235066,
    0.010733282412918823,
    0.022721104328646338,
    0.020072632044939098,
    0.010046272685190252,
    0.07668621627486158,
    0.015343217252604737,
    0.012206868495583003,
    0.021157908281495826,
    0.0516053828814084,
    0.18928611498330217,
    0.013989111122589003,
    0.030487301250795396,
    0.06790443975520072,
    0.2350568935103781,
    0.07711435277185184,
    0.014317680992372234,
    0.46342290967244315,
    0.005376597869180115,
    0.00937917628290309,
    0.0917008636576831,
    0.018897745843896033,
    0.011251028874395426,
    0.0772836160381038,
    0.020948818364361042,
    0.1671624104178981,
    0.007288277111555268,
    0.025558753204046953,
    0.003216002058787365,
    0.03589376910813762,
    0.5251243485526453,
    0.21892709990283774,
    0.37412160173044967,
    0.053497148798342144,
    0.022352707807980297,
    0.02001289206861487,
    0.0070592738689790775,
    0.009468786247389425,
    0.07649703968316819
  ],