{
  "hour": 11,
  "dispatch": 0,
  "load": 0.9721736693441357,
  "wind": 0.2819247000640929,
  "solar": 0.7592352452073876,
  "gen": [
    47,
    1,
    2,
    3,
    4,
    5,
    6,
    7,
    8,
    9,
    10,
    11,
    12,
    13,
    14,
    15,
    16,
    17,
    18,
    19,
    20,
    21,
    22,
    23,
    24,
    25,
    26,
    27,
    28,
    29,
    30,
    31,
    32,
    33,
    34,
    35,
    36,
    37,
    38,
    39,
    40,
    41,
    42,
    43,
    44,
    45,
    46,
    48,
    49
  ],
  "pg": [
    4.38751452168038,
    0.04507349888858274,
    0.04507349888924099,
    0.045073498888582766,
    0.04507349888924098,
    0.0902464988863104,
    0.2438648655554404,
    0.046764998910048844,
    0.023625289865370994,
    0.023625289865370994,
    0.023625289865370994,
    0.023625289865370994,
    0.023625289865370994,
    0.023625289865370994,
    0.0,
    0.023879998810564147,
    0.179099998807315,
    0.17909999880613137,
    0.03183999880068908,
    0.04974999880221775,
    0.06268499880183104,
    0.1790999989009527,
    0.1905810972433268,
    0.4364194356992159,
    0.003946945800897301,
    0.37636947458556397,
    0.29625359267992263,
    0.29625359267992263,
    0.29625359267992263,
    1.0167678403817335,
    1.0167678403817335,
    0.26049842285922187,
    0.012299610972359678,
    0.1759148063145517,
    0.1759148063145517,
    0.1759148063145517,
    0.1759148063145517,
    1.3790699987503077,
    0.11939999879609077,
    0.2586999987906062,
    0.09352999879564519,
    0.09352999879694388,
    0.09352999879540796,
    0.09352999879567657,
    0.09352999879562951,
    0.17412499890298805,
    0.0,
    0.6716249987544579,
    0.671624998754458
  ],
  "qg": [
    -0.4274357486765142,
    0.007047034089772543,
    0.00834328670025408,
    0.007192238335050883,
    0.008299013418750343,
    0.011915982208259812,
    -0.1321015899513682,
    -0.0056995964469272135,
    -0.03409955739942326,
    -0.03409958924807899,
    -0.034099555951644635,
    -0.03409960021257405,
    -0.03409960006502599,
    -0.034099554801848,
    0.002451462406674096,
    0.0022517350688082095,
    0.01605120788000266,
    0.016492438639184766,
    -0.003598962220622423,
    -0.005499302126033795,
    -0.006999304890016,
    -0.021999810466615054,
    -0.0028776553256068486,
    -0.0024356068350322706,
    0.0031176802846561726,
    0.1665529922520542,
    0.054654243328381445,
    0.1468426449704376,
    0.21179463931603487,
    0.206818816544751,
    0.20129324379559255,
    -0.0002454181565589283,
    -0.006451703588029217,
    -0.08829771655172797,
    -0.03735208492721443,
    -0.08909449830371247,
    -0.0891536141949645,
    0.1938294924111719,
    -0.013299897207491512,
    -0.02889989416733272,
    -0.01039989556760767,
    -0.01039989723051362,
    -0.010399895032707097,
    -0.010399895566932525,
    -0.010399895568148165,
    0.009930364084385362,
    0.005184283720940306,
    0.003413463627387065,
    0.05415745228745326
  ],
  "pd": [
    0.07179502548106442,
    0.0164783436953831,
    0.07725864150277846,
    0.2307648638922175,
    0.414943165549464,
    0.0029456862181127313,
    0.024537663414245986,
    0.43512549092504826,
    0.006941319999117129,
    0.007476015517256403,
    0.011005005936975617,
    0.04477831920999089,
    0.013717370474445755,
    0.023303002854178936,
    0.013153509746226156,
    0.022680811705798685,
    0.574418534268676,
    0.004987250923735417,
    0.0625982625690689,
    0.20184269722922946,
    0.03472604346897253,
    0.28977580562140653,
    0.009964780110777392,
    0.06203440184084931,
    0.019880951538087575,
    0.37268277614307443,
    0.010373093051901929,
    0.09282314194897807,
    0.020279542742518673,
    0.009235649858769289,
    0.0310998356823189,
    0.06161636716303133,
    0.015010361454673457,
    0.01771300425545015,
    0.004335894565274846,
    0.02155309024935949,
    0.007330189466854783,
    0.005385842128166513,
    0.027405575738811187,
    0.009702293220054474,
    0.013522935740576928,
    0.01790743898931898,
    0.009439806329331557,
    0.03655372996733949,
    0.0227780290727331,
    0.014125683415570292,
    0.1998302977336871,
    0.08306251830876296,
    0.12504097735104275,
    0.03229560929561219,
    0.021378098988877544,
    0.02392519400255918,
    0.1823895021056533,
    0.034978808623002004,
    0.005755268122517284,
    0.008594015237002161,
    0.05340149965707338,
    0.02048369921308094,
    0.008700954340630014,
    0.02178641193000208,
    0.03647595607379197,
    0.04699487517609551,
    0.08019460598419777,
    0.4796704884543967,
    0.08337361388295308,
    0.022194724871126618,
    0.0214850380925054,
    0.483909165652737,
    0.020435090529613734,
    0.009332867225703702,
    0.01438817030629321,
    0.007096867786212191,
    0.007670450251125232,
    0.028747175402506094,
    0.008185702295877624,
    0.006999650419277777,
    0.05606525551107632,
    0.11827464861240755,
    0.3634957349677724,
    0.005045581343896065,
    0.020007334115102315,
    0.5109744806072778,
    0.00515252044752392,
    0.04368948470032546,
    0.04272703276767477,
    0.015340900502250461,
    0.034794095625826624,
    0.10555861701738625,
    0.08569710895268556,
    0.331307064775788,
    0.038274477362078625,
    0.008467632659987423,
    0.16218773325668218,
    0.01747968257480756,
    0.0059691463297729935,
    0.0018860169185276234,
    0.14222900782504708,
    0.7509458291481842,
    0.04277564145114197,
    0.2941214219233748,
    0.014738152827257097,
    0.015000639717980014,
    0.23234950697324844,
    0.011277214564391973,
    0.02034759489937276,
    0.05522918615544035,
    0.011277214564391973,
    0.07982517998984699,
    0.013834031314767051,
    0.36224163093431855,
    0.26029949996689233,
    0.08802060402241806,
    0.01461177025024236,
    0.15594637829949282,
    0.3113191741340726,
    0.14345394664842068,
    0.08715536945670176,
    0.013493770530496604,
    0.014067352995409644,
    0.4452847057696945,
    0.04032576380439475,
    0.03688426901491651,
    0.010480032155529784,
    0.022185003134433178,
    0.019599021173977778,
    0.00980923232368233,
    0.07487681601288534,
    0.014981196244593133,
    0.011918849186159104,
    0.020658690473562887,
    0.050387761282106557,
    0.18481993627901364,
    0.013659040054285107,
    0.029767957755317438,
    0.06630224424927006,
    0.22951075985876357,
    0.07529485069070332,
    0.013979857365168673,
    0.45248851265953455,
    0.005249737814458333,
    0.009157875965221758,
    0.08953719494659491,
    0.018451856244151698,
    0.010985562463588732,
    0.0754601202144918,
    0.020454534003000617,
    0.16321823734618696,
    0.007116311259599073,
    0.024955698092063962,
    0.0031401209519815584,
    0.035046860779856095,
    0.5127341149487906,
    0.21376154641538855,
    0.365294256256059,
    0.05223489125386041,
    0.02182529887677585,
    0.01954069075381713,
    0.006892711315649922,
    0.00924537159546273,
    0.07469210301570994
  ],