{
  "hour": 15,
  "dispatch": 0,
  "load": 0.9335669344540782,
  "wind": 0.41961588989850007,
  "solar": 0.6612480037542744,
  "gen": [
    47,
    1,
    2,
    3,
    4,
    5,
    6,
    7,
    8,
    9,
    10,
    11,
    12,
    13,
    14,
    15,
    16,
    17,
    18,
    19,
    20,
    21,
    22,
    23,
    24,
    25,
    26,
    27,
    28,
    29,
    30,
    31,
    32,
    33,
    34,
    35,
    36,
    37,
    38,
    39,
    40,
    41,
    42,
    43,
    44,
    45,
    46,
    48,
    49
  ],
  "pg": [
    3.4682234745177074,
    0.0450734950983074,
    0.045073495101209324,
    0.04507349509830851,
    0.045073495101209005,
    0.09024649508828504,
    0.36296774476220256,
    0.046764995212497454,
    0.03516381157349431,
    0.03516381157349431,
    0.03516381157349431,
    0.03516381157349431,
    0.03516381157349431,
    0.03516381157349431,
    0.0,
    0.023879994788942045,
    0.1790999947747273,
    0.17909999476950503,
    0.031839994748865945,
    0.04974999475521182,
    0.06268499475350081,
    0.1790999951769232,
    0.28366034157138603,
    0.6495653975628781,
    0.0058746224585790015,
    0.5601872130144976,
    0.2580189710649179,
    0.2580189710649179,
    0.2580189710649179,
    0.8855433266277243,
    0.8855433266277243,
    0.3877250822662141,
    0.010712217660819246,
    0.15321116246986538,
    0.15321116246986538,
    0.15321116246986538,
    0.15321116246986538,
    1.3790699945179354,
    0.11939999471779865,
    0.2586999946935231,
    0.09352999471581165,
    0.09352999472154816,
    0.09352999471475161,
    0.09352999471594722,
    0.09352999471574386,
    0.17412499519239083,
    0.0,
    0.6716249945292838,
    0.6716249945292877
  ],
  "qg": [
    -0.4666937927313179,
    0.006599324943446632,
    0.007784849479599367,
    0.006743296513675295,
    0.0077410439813209555,
    0.011330443804793602,
    -0.11868898055675418,
    -0.005698076135079112,
    -0.034097827627679184,
    -0.03409804015966877,
    -0.03409782111176795,
    -0.03409810781541751,
    -0.03409810728114335,
    -0.03409781645150853,
    0.002219323351633653,
    0.0021429916139946562,
    0.01500084392086088,
    0.015673502973432837,
    -0.003597251322556857,
    -0.005497968420069887,
    -0.006997988085481055,
    -0.021999184456427682,
    -0.025753624061110137,
    -0.04724669832382907,
    0.0024129718911573925,
    0.1398436842597429,
    0.0491644074047779,
    0.13465497706199933,
    0.19501750799902984,
    0.17969854018224518,
    0.17547484530168084,
    -0.005241366766621437,
    -0.006355867050267507,
    -0.09307255776424544,
    -0.05351350873085648,
    -0.09311715191569378,
    -0.09312061569253118,
    0.18257375606767368,
    -0.013299542449905362,
    -0.028899528560684486,
    -0.0103995347961351,
    -0.01039954245753945,
    -0.010399532309145332,
    -0.010399534785117364,
    -0.010399534802613018,
    0.007054958790419568,
    -0.0017059142799040678,
    -0.0010205833366614214,
    0.0498833646225686
  ],
  "pd": [
    0.06894391810943368,
    0.015823959538996627,
    0.0741905642810656,
    0.22160078323136456,
    0.3984650389636897,
    0.0028287078113958574,
    0.023563229425620932,
    0.4178458885229563,
    0.006665667912002118,
    0.007179129725951861,
    0.010567977698020165,
    0.043000093000954843,
    0.013172629445147042,
    0.022377599418864257,
    0.01263116062316368,
    0.021780116580813646,
    0.5516073588915366,
    0.004789198373749422,
    0.0601123749094981,
    0.1938271669313557,
    0.033347010898699674,
    0.2782682961527271,
    0.009569061078154303,
    0.05957090608751474,
    0.019091443809585898,
    0.35788288432297094,
    0.009961159190625015,
    0.08913697090167538,
    0.01947420625271207,
    0.008868885877313742,
    0.02986480623318596,
    0.05916947230569949,
    0.01441427346797097,
    0.017009589545753306,
    0.00416370852766519,
    0.020697178936846913,
    0.007039094685783749,
    0.005171960816875594,
    0.026317251882260466,
    0.0093169980058517,
    0.012985916058256228,
    0.01719630293264412,
    0.0090649349335491,
    0.03510211673547333,
    0.021873473274259054,
    0.013564727557617756,
    0.1918946833770358,
    0.07976395887975644,
    0.12007537910948356,
    0.03101309356256448,
    0.020529136888645178,
    0.022975082256914865,
    0.1751464925729296,
    0.033589738301657734,
    0.0055267162519681435,
    0.008252731700574053,
    0.051280831709562526,
    0.019670255308947428,
    0.008355424063364,
    0.020921235001115892,
    0.03502743138071701,
    0.04512862561151013,
    0.07700993642311692,
    0.4606219254596423,
    0.08006270029878175,
    0.021313333113586606,
    0.02063182925143513,
    0.464692277293862,
    0.019623576962224724,
    0.00896224257075915,
    0.013816790629920358,
    0.006815038621514771,
    0.007365843112842678,
    0.027605574251807093,
    0.00786063358810334,
    0.006721681928069363,
    0.053838805109966706,
    0.11357775324568316,
    0.34906067679237984,
    0.004845212389816667,
    0.019212807511064932,
    0.4906827807490636,
    0.0049479047526066145,
    0.041954498034366274,
    0.041030266769256744,
    0.014731686225685353,
    0.03341236058411146,
    0.10136669774302381,
    0.08229392527212699,
    0.3181502755926053,
    0.03675453020945706,
    0.008131367999095022,
    0.15574697167497387,
    0.016785533481484326,
    0.00573210097754804,
    0.001811119852840912,
    0.13658084251063166,
    0.7211244428497082,
    0.04107694511597944,
    0.2824413403497368,
    0.014152874726323825,
    0.014404937798626427,
    0.2231224973345247,
    0.010829376439667306,
    0.019539555938123856,
    0.05303593754633618,
    0.010829376439667306,
    0.07665518098802436,
    0.013284657477281532,
    0.3478563754469342,
    0.24996254670007945,
    0.08452515024547225,
    0.014031511024844796,
    0.14975347195577868,
    0.29895613942022947,
    0.13775713684804378,
    0.0836942756738081,
    0.012957909050222606,
    0.013508713541550513,
    0.42760166298800145,
    0.03872435644115517,
    0.03541952949318773,
    0.010063851553414964,
    0.021303997444242065,
    0.018820709398594218,
    0.00941969036864165,
    0.07190332529165311,
    0.014386266459937345,
    0.011445530616406999,
    0.019838297357149162,
    0.04838677421275488,
    0.1774804099090648,
    0.0131166154290798,
    0.028585819532983878,
    0.06366926492976813,
    0.2203964818859188,
    0.07230475907346837,
    0.013424692517449646,
    0.4345193939723062,
    0.005041261446052023,
    0.008794200522557416,
    0.08598151466322063,
    0.017719100415938407,
    0.010549306359331084,
    0.07246346545232554,
    0.019642248300913805,
    0.1567365526254952,
    0.0068337099602038525,
    0.023964663207436187,
    0.0030154211982866726,
    0.03365508798706952,
    0.49237253690042543,
    0.20527269754776273,
    0.35078777562111985,
    0.05016055138821762,
    0.02095857767849406,
    0.018764695382526973,
    0.006618989565279415,
    0.008878221546658283,
    0.07172594757410683
  ],