{
  "hour": 18,
  "dispatch": 0,
  "load": 0.7867610284056317,
  "wind": 0.4565094399039158,
  "solar": 0.15532059864109854,
  "gen": [
    47,
    1,
    2,
    3,
    4,
    5,
    6,
    7,
    8,
    9,
    10,
    11,
    12,
    13,
    14,
    15,
    16,
    17,
    18,
    19,
    20,
    21,
    22,
    23,
    24,
    25,
    26,
    27,
    28,
    29,
    30,
    31,
    32,
    33,
    34,
    35,
    36,
    37,
    38,
    39,
    40,
    41,
    42,
    43,
    44,
    45,
    46,
    48,
    49
  ],
  "pg": [
    3.528637165534752,
    0.04507349578478084,
    0.04507349578730717,
    0.045073495784781176,
    0.04507349578730711,
    0.09024649577605866,
    0.39488066551688716,
    0.04676499589684054,
    0.03825549106394815,
    0.03825549106394815,
    0.03825549106394815,
    0.03825549106394815,
    0.03825549106394815,
    0.03825549106394815,
    0.0,
    0.023879995634293702,
    0.17909999562275442,
    0.17909999561831053,
    0.03183999550788043,
    0.04974999551254622,
    0.0626849955110402,
    0.17909999586748454,
    0.30860038137504703,
    0.7066766129712617,
    0.006391132158654821,
    0.6094401022717275,
    0.06060609758975665,
    0.06060609758975665,
    0.06060609758975665,
    0.20800534570015916,
    0.20800534570015916,
    0.42181472247121815,
    0.0025161936979857962,
    0.03598778270514253,
    0.03598778270514253,
    0.03598778270514253,
    0.03598778270514253,
    1.3790699953307877,
    0.11939999546542011,
    0.2586999954463945,
    0.09352999546435965,
    0.09352999546879243,
    0.09352999546374335,
    0.09352999546451485,
    0.09352999546428205,
    0.17412499590650107,
    0.0,
    0.6716249953233578,
    0.6716249953233598
  ],
  "qg": [
    -0.4666979589759069,
    0.004483854844744833,
    0.0051378661246467335,
    0.004628142107769117,
    0.0050941747754417455,
    0.008644331138787504,
    -0.1553248936225554,
    -0.005699256782756818,
    -0.0340992290515734,
    -0.034099252360525856,
    -0.034099226345075215,
    -0.03409926197518842,
    -0.0340992617000949,
    -0.03409922420766071,
    0.0014102970322278751,
    0.00177775261382378,
    0.011454174559192927,
    0.012914941571275556,
    -0.0035989297454652592,
    -0.0054990319156192876,
    -0.0069990331358033685,
    -0.021999514877477283,
    -0.04908653935155355,
    -0.09592193882969528,
    0.0018328342909667145,
    0.10771468029638281,
    0.032980584386881485,
    0.09925397246982696,
    0.1464283430775396,
    0.1316555413593081,
    0.1313342455457899,
    -0.02991424516204097,
    -0.006581833423747931,
    -0.09417009602021148,
    -0.09380228394694039,
    -0.09416994586816255,
    -0.09416993561017933,
    0.140323718004891,
    -0.013299703189227624,
    -0.02889969801595516,
    -0.010399699934000292,
    -0.010399703300583039,
    -0.010399698977028513,
    -0.01039969995960436,
    -0.010399699921799321,
    -0.0042354588826421045,
    -0.027175084883400803,
    -0.014691549868632863,
    0.03697464791829672
  ],
  "pd": [
    0.0581023019477559,
    0.013335599431475456,
    0.06252389892739554,
    0.18675346531264478,
    0.3358053421440917,
    0.002383885916069064,
    0.01985784835695814,
    0.3521385010937926,
    0.00561747374281621,
    0.006050192308439307,
    0.008906134841551751,
    0.036238212968363395,
    0.011101198110803462,
    0.01885866185088299,
    0.010644876714328197,
    0.018355134792703388,
    0.46486562124375147,
    0.00403608407572089,
    0.05065954261903863,
    0.16334732471757724,
    0.028103103934649164,
    0.23450985973686664,
    0.008064300541157724,
    0.05020322122256336,
    0.016089263030895168,
    0.3016048402392989,
    0.00839474017308809,
    0.0751199429921697,
    0.016411835052541478,
    0.007474229769853501,
    0.025168485298696155,
    0.04986491398034894,
    0.012147590278582953,
    0.01433478593755061,
    0.0035089541866891176,
    0.017442491999752854,
    0.005932178154178462,
    0.0043586560973672,
    0.022178793390754757,
    0.007851875063488204,
    0.010943845905122337,
    0.014492138143231734,
    0.007639449585818683,
    0.02958221466805174,
    0.01843381089554395,
    0.011431637742733827,
    0.1617187293887776,
    0.06722086226697717,
    0.10119320347353236,
    0.026136201363635085,
    0.017300875014639838,
    0.019362188909062595,
    0.14760423653918056,
    0.028307661802034628,
    0.00465762528816134,
    0.006954967491105785,
    0.04321678329032135,
    0.01657705486850666,
    0.007041511204230403,
    0.017631314646570206,
    0.029519273785779298,
    0.038032028113128225,
    0.06489991723318056,
    0.38818789141533877,
    0.06747262579606697,
    0.01796175427850057,
    0.01738741872776446,
    0.3916181694991872,
    0.01653771681708638,
    0.007552905872694063,
    0.01164406322040335,
    0.005743355507361111,
    0.006207544514120435,
    0.023264523609954527,
    0.006624527859175419,
    0.005664679404520548,
    0.04537250850815279,
    0.09571734671582915,
    0.2941699485208657,
    0.004083289737425229,
    0.0161915419645879,
    0.41352159653000004,
    0.004169833450549848,
    0.03535704061654909,
    0.034578147198427514,
    0.012415089028240867,
    0.02815817720663756,
    0.08542651246428348,
    0.06935298465395642,
    0.2681202908703552,
    0.03097478168832972,
    0.006852688557413052,
    0.13125534236891154,
    0.014145963290733256,
    0.0048307127144105785,
    0.0015263163951069255,
    0.11510313845574392,
    0.6077256887816461,
    0.03461748524984779,
    0.2380266815338398,
    0.011927297190629377,
    0.012139722668298896,
    0.18803588578894595,
    0.009126427929505326,
    0.01646690832452987,
    0.04469589402372393,
    0.009126427929505326,
    0.06460094804238642,
    0.011195609434212139,
    0.2931550267942225,
    0.21065526535560786,
    0.0712333435118459,
    0.011825018256936643,
    0.12620433656654736,
    0.25194448412633547,
    0.11609445735153501,
    0.07053312619656488,
    0.010920243074270168,
    0.01138443208102949,
    0.36036015384063147,
    0.0326348474582656,
    0.029849713417709665,
    0.008481283886212708,
    0.017953886668216516,
    0.015861102332657535,
    0.007938418776612824,
    0.06059633440780175,
    0.012123987447730784,
    0.009645690208253043,
    0.016718671853619676,
    0.04077782410226389,
    0.14957113911019465,
    0.011053992449099125,
    0.024090622689780444,
    0.05365710213726408,
    0.18573854358600153,
    0.06093464165001618,
    0.011313623588472984,
    0.36619005306111724,
    0.004248509553390411,
    0.00741128888758105,
    0.07246069071615868,
    0.014932724319138889,
    0.008890399620983638,
    0.061068391024845126,
    0.01655345203765449,
    0.1320893090590215,
    0.0057590907279292235,
    0.020196155599172563,
    0.00254123812175019,
    0.02836273507402302,
    0.4149456339914142,
    0.17299301492583027,
    0.2956254564234161,
    0.04227267005623459,
    0.017662785087706433,
    0.015813896670953197,
    0.005578135691395929,
    0.007482097380137557,
    0.060446849812404675
  ],