{
  "hour": 19,
  "dispatch": 1,
  "load": 0.7915846696230724,
  "wind": 0.3883841058405535,
  "solar": 0.017695254978178438,
  "gen": [
    47,
    1,
    2,
    3,
    4,
    5,
    6,
    7,
    8,
    9,
    10,
    11,
    12,
    13,
    14,
    15,
    16,
    17,
    18,
    19,
    20,
    21,
    22,
    23,
    24,
    25,
    26,
    27,
    28,
    29,
    30,
    31,
    32,
    33,
    34,
    35,
    36,
    37,
    38,
    39,
    40,
    41,
    42,
    43,
    44,
    45,
    46,
    48,
    49
  ],
  "pg": [
    4.692367616469346,
    0.045073498263340284,
    0.04507349826438587,
    0.045073498263340304,
    0.04507349826438587,
    0.09024649825973707,
    0.33595225155207875,
    0.04676499830742866,
    0.03254658806943839,
    0.03254658806943839,
    0.03254658806943839,
    0.03254658806943839,
    0.03254658806943839,
    0.03254658806943839,
    0.0,
    0.02387999821687134,
    0.17909999821225078,
    0.17909999821044842,
    0.0318399981416525,
    0.049749998143686185,
    0.06268499814307044,
    0.1790999982939688,
    0.26254765554821413,
    0.6012185958411769,
    0.005437377481767749,
    0.5184927812971389,
    0.006904688492485226,
    0.006904688492485226,
    0.006904688492485226,
    0.023697485466776566,
    0.023697485466776566,
    0.35886691379667146,
    0.0002866631306464907,
    0.004099990578443944,
    0.004099990578443944,
    0.004099990578443944,
    0.004099990578443944,
    1.3790699980816694,
    0.11939999812550425,
    0.25869999811820776,
    0.09352999812524337,
    0.09352999812693205,
    0.09352999812507244,
    0.09352999812531838,
    0.09352999812520588,
    0.17412499831606174,
    0.0,
    0.6716249980725777,
    0.6716249980725779
  ],
  "qg": [
    -0.4666983859419816,
    0.004260409249264197,
    0.0048557485125407755,
    0.004405781149597336,
    0.00481173530262902,
    0.008378842305545912,
    -0.18689867594055104,
    -0.005699732258235857,
    -0.03409972437317004,
    -0.03409973090918132,
    -0.0340997233635154,
    -0.03409973381011643,
    -0.034099733705175835,
    -0.03409972255422241,
    0.0014966363631727755,
    0.0018206960664102533,
    0.011870788688065938,
    0.013243425764508375,
    -0.003599470541810794,
    -0.005499527678180569,
    -0.006999528032786941,
    -0.021999814659901043,
    -0.011176609559811096,
    -0.016887527947647026,
    0.0029854406362437406,
    0.16674685037622422,
    0.035245275358182386,
    0.10698965476324367,
    0.15805659254432103,
    0.17066453684616242,
    0.17050770977490204,
    -0.019089938461372892,
    -0.006588060555116442,
    -0.09417504895007553,
    -0.08879310063536343,
    -0.09417504433989167,
    -0.09417504485539027,
    0.14853326256448351,
    -0.013299894683708373,
    -0.028899893442668217,
    -0.010399893790094625,
    -0.0103998947377882,
    -0.010399893550517812,
    -0.010399893804091525,
    -0.010399893783307676,
    0.0006016685503750644,
    -0.017220242729641587,
    -0.011006824148790032,
    0.04060559534228608
  ],
  "pd": [
    0.058458527851663895,
    0.013417360150111076,
    0.06290723369494557,
    0.1878984530284287,
    0.33786416868851976,
    0.0023985015489579094,
    0.019979597061286346,
    0.35429746642989474,
    0.005651914541108737,
    0.006087286109401426,
    0.00896073846013318,
    0.036460389882838715,
    0.01116925968838155,
    0.018974284530865047,
    0.01071014058000017,
    0.01846767034230628,
    0.4677157178934885,
    0.004060829355166362,
    0.050970136877029636,
    0.16434880910714228,
    0.02827540439893615,
    0.2359476424745492,
    0.008113742863636492,
    0.050511017768648254,
    0.01618790649379183,
    0.3034539831000048,
    0.008446208424878183,
    0.07558050425561094,
    0.01651245620833729,
    0.007520054361419187,
    0.025322793581242085,
    0.050170636360710334,
    0.012222067298980238,
    0.01442267268053238,
    0.0035304676265189034,
    0.017549432125543513,
    0.005968548408957965,
    0.004385379069711821,
    0.02231477183667441,
    0.007900015002838262,
    0.011010942754456937,
    0.014580989614456993,
    0.0076862871420400325,
    0.02976358357782751,
    0.018546828809268584,
    0.011501725249623241,
    0.16271022884102254,
    0.0676329941725953,
    0.10181362020691959,
    0.026296442724878466,
    0.017406946885011362,
    0.019480898719423812,
    0.1485091998679846,
    0.028481216413038142,
    0.004686181244168588,
    0.006997608479467961,
    0.04348174590239537,
    0.016678688988958135,
    0.007084682793126498,
    0.01773941244625305,
    0.029700256804257676,
    0.03826520292957931,
    0.06529781939720725,
    0.390567875992024,
    0.06788630126687469,
    0.018071878007494744,
    0.017494021198669902,
    0.3940191851515805,
    0.016639109755476982,
    0.007599212828381495,
    0.011715453110421471,
    0.005778568088248428,
    0.006245603043326042,
    0.02340715868075425,
    0.00666514291822627,
    0.005699409621286121,
    0.045650687897162597,
    0.09630419090634298,
    0.2959735079720668,
    0.004108324435343745,
    0.01629081250084283,
    0.4160569023538869,
    0.004195398749002283,
    0.03557381505286088,
    0.03479014622993403,
    0.01249120608665208,
    0.028330815325809763,
    0.0859502634276732,
    0.06977818862727382,
    0.2697641395608468,
    0.031164688443060362,
    0.006894702472416961,
    0.13206007043321716,
    0.014232692359822842,
    0.004860329871485664,
    0.0015356742590687605,
    0.11580883716585551,
    0.611451662203646,
    0.03482972546341518,
    0.2394860259477643,
    0.012000423591485777,
    0.012214151452284007,
    0.1891887360399143,
    0.009182382167627639,
    0.016567867135210905,
    0.04496992508128674,
    0.009182382167627639,
    0.06499701722275047,
    0.01126424984873632,
    0.29495236374825307,
    0.21194679529157762,
    0.07167007598767298,
    0.011897517584434778,
    0.12697809685423703,
    0.2534891587533965,
    0.11680623384958055,
    0.07096556563170843,
    0.010987195214368245,
    0.011454230169445858,
    0.36256952622745586,
    0.032834932095965046,
    0.030032722365499368,
    0.00853328273853672,
    0.018063962160798513,
    0.01595834693960114,
    0.0079870893164968,
    0.060967851254369036,
    0.012198319758891546,
    0.009704828049578867,
    0.01682117422949029,
    0.04102783342656384,
    0.15048816154204228,
    0.011121764608204167,
    0.02423832258385848,
    0.05398607446829354,
    0.18687730880461495,
    0.06130823266230696,
    0.01138298754917978,
    0.3684351686293628,
    0.004274557215964591,
    0.007456727587849342,
    0.07290494807228498,
    0.015024277029445914,
    0.008944906766740717,
    0.06144280205614287,
    0.01665494144886944,
    0.13289915018301762,
    0.00579439978164089,
    0.020319978469224266,
    0.0025568184828825237,
    0.02853662733991176,
    0.41748967060590464,
    0.17405363715672115,
    0.29743793961086945,
    0.04253184429884768,
    0.017771075833037976,
    0.015910851859423755,
    0.0056123353076275835,
    0.007527970208115418,
    0.06081745016714065
  ],