{
  "hour": 1,
  "dispatch": 3,
  "load": 0.6919358860636025,
  "wind": 0.40902853476135653,
  "solar": 7.586218468488116e-05,
  "gen": [
    47,
    1,
    2,
    3,
    4,
    5,
    6,
    7,
    8,
    9,
    10,
    11,
    12,
    13,
    14,
    15,
    16,
    17,
    18,
    19,
    20,
    21,
    22,
    23,
    24,
    25,
    26,
    27,
    28,
    29,
    30,
    31,
    32,
    33,
    34,
    35,
    36,
    37,
    38,
    39,
    40,
    41,
    42,
    43,
    44,
    45,
    46,
    48,
    49
  ],
  "pg": [
    3.148841740979775,
    0.04507349801971995,
    0.04507349802091599,
    0.04507349801971999,
    0.045073498020916,
    0.09024649801559308,
    0.35380968256857337,
    0.04676499807170491,
    0.03427659121300168,
    0.03427659121300168,
    0.03427659121300168,
    0.03427659121300168,
    0.03427659121300168,
    0.03427659121300168,
    0.0,
    0.023879997957246584,
    0.1790999979518741,
    0.1790999979497725,
    0.03183999789253022,
    0.04974999789447463,
    0.06268499789375385,
    0.17909999805835253,
    0.276503289498677,
    0.63317617181058,
    0.005726399486658992,
    0.546053093906411,
    2.9601424464040627e-05,
    2.9601424464040627e-05,
    2.9601424464040627e-05,
    0.00010159463772999285,
    0.00010159463772999285,
    0.37794236611949344,
    1.2289673918950747e-06,
    1.7577268191486964e-05,
    1.7577268191486964e-05,
    1.7577268191486964e-05,
    1.7577268191486964e-05,
    1.3790699978029293,
    0.1193999978688819,
    0.25869999786018294,
    0.09352999786847845,
    0.09352999787049229,
    0.09352999786823091,
    0.09352999786855704,
    0.09352999786843914,
    0.17412499807520604,
    0.0,
    0.6716249978048665,
    0.6716249978048668
  ],
  "qg": [
    -0.46669937864536876,
    0.003076376214772489,
    0.003376761289200857,
    0.0032212180921518735,
    0.0033329895649970042,
    0.006858528981033343,
    -0.1749947802089259,
    -0.005699726779543126,
    -0.03409972006802142,
    -0.03409972576932459,
    -0.03409971903738024,
    -0.034099728411999694,
    -0.03409972830538918,
    -0.03409971821315572,
    0.000862690122180734,
    0.0015270455391855444,
    0.009053842709453032,
    0.01103289047694548,
    -0.0035996286520594734,
    -0.005499652702813776,
    -0.006999652835236334,
    -0.021999806154335323,
    -0.0812783706388587,
    -0.1671786903704032,
    0.0007082471760644864,
    0.0492812099508397,
    0.025340763213974174,
    0.07687269943158964,
    0.11362227415444938,
    0.09613016110653469,
    0.09608058771660545,
    -0.056952636355098264,
    -0.006598935085105672,
    -0.0941988921712264,
    -0.09419778196657917,
    -0.0941988846309724,
    -0.0941988840018634,
    0.09031666456275968,
    -0.013299870344876676,
    -0.028899868441271924,
    -0.010399869080173107,
    -0.010399870402731668,
    -0.010399868722143905,
    -0.010399869094300991,
    -0.010399869073370795,
    -0.02033636462157735,
    -0.03246138916969727,
    -0.026833926051473403,
    0.025406941074795394
  ],
  "pd": [
    0.05109946518579704,
    0.011728313268778061,
    0.054988144865474486,
    0.16424482127491732,
    0.2953320748896668,
    0.0020965657347727156,
    0.017464461764245324,
    0.3096966638843472,
    0.004940422226494121,
    0.005320986963829103,
    0.00783271423023998,
    0.031870566912089525,
    0.00976321535235743,
    0.01658570318894455,
    0.009361892538440542,
    0.016142864221863847,
    0.4088372376395401,
    0.0035496310955062805,
    0.04455375170363536,
    0.14365972866452514,
    0.02471594985019188,
    0.20624532955897798,
    0.007092342832151925,
    0.04415242888971848,
    0.01415008887000067,
    0.26525362192248203,
    0.007382955904298639,
    0.06606603840135276,
    0.014433782583286748,
    0.006573390917604223,
    0.02213502899517464,
    0.04385489645871113,
    0.010683490080822023,
    0.012607071844078837,
    0.003086034051843667,
    0.015340218594030066,
    0.005217196580919563,
    0.003833324808792358,
    0.019505672628132954,
    0.006905520142914752,
    0.00962482817514471,
    0.012745459021291556,
    0.00671869745367758,
    0.026016789315991443,
    0.016212057810470207,
    0.010053828424504143,
    0.1422274213803735,
    0.059119002105274196,
    0.08899679366550056,
    0.022986110135032874,
    0.015215670134538617,
    0.017028542156025256,
    0.12981409158439244,
    0.024895853180568413,
    0.004096260445496527,
    0.006116713232802246,
    0.03800803822147369,
    0.014579089119360103,
    0.006192826180269242,
    0.015506283206685331,
    0.025961434445106363,
    0.033448180732314536,
    0.05707779124138657,
    0.3414011661837815,
    0.05934042158881455,
    0.015796896278832046,
    0.015291783082005616,
    0.34441800664701877,
    0.014544492325056923,
    0.006642584506210583,
    0.010240651113741317,
    0.005051131968264298,
    0.005459374141041824,
    0.020460544150900723,
    0.005826100160655533,
    0.004981938379657938,
    0.03990394254928796,
    0.08418091989849788,
    0.258714827799181,
    0.003591147248670097,
    0.014240040535188939,
    0.3636815017150295,
    0.003667260196137093,
    0.031095598719698296,
    0.03041058219249533,
    0.010918748282083645,
    0.024764385362216333,
    0.07513039850878596,
    0.06099414835650655,
    0.23580483061161506,
    0.02724151583432403,
    0.006026761567613978,
    0.1154356638719908,
    0.012441007231423572,
    0.004248486340430519,
    0.001342355618963389,
    0.10123022013110505,
    0.534478955830969,
    0.030445178986798507,
    0.20933828296968227,
    0.010489748032724212,
    0.010676570721961385,
    0.16537267676920098,
    0.008026456278337788,
    0.0144822180953112,
    0.03930887768727326,
    0.008026456278337788,
    0.0568148556046824,
    0.009846247658685062,
    0.257822230506159,
    0.18526583349352954,
    0.06264787512419857,
    0.010399796367535945,
    0.11099343548346247,
    0.22157862879414741,
    0.10210205934754518,
    0.062032052185601955,
    0.009604070098562801,
    0.010012312271340328,
    0.31692739389371183,
    0.028701500553918232,
    0.026252047517253078,
    0.007459068851765634,
    0.01578997691997141,
    0.013949427463042226,
    0.006981633090381749,
    0.053292901944618665,
    0.010662732004240115,
    0.008483133963139766,
    0.014703637578851554,
    0.035863036974676514,
    0.13154393129955147,
    0.009721699199193615,
    0.02118707683126751,
    0.047190027429537686,
    0.16335222398189528,
    0.053590434375626016,
    0.009950038041594604,
    0.32205463880944313,
    0.0037364537847434536,
    0.006518036046719135,
    0.06372729510645779,
    0.013132943117487176,
    0.007818875512518707,
    0.05370806347625682,
    0.014558331042778195,
    0.11616911591121823,
    0.00506497068598557,
    0.017761994195252675,
    0.0022349529119854356,
    0.024944288692592867,
    0.3649339056688046,
    0.1521428626276649,
    0.2599949091883986,
    0.03717771515819736,
    0.015533960642127876,
    0.01390791130987841,
    0.004905825432190941,
    0.006580310276464859,
    0.053161434126266574
  ],