{
  "hour": 20,
  "dispatch": 0,
  "load": 0.7120779744978809,
  "wind": 0.2994069260004235,
  "solar": 0.0003725382005866331,
  "gen": [
    47,
    1,
    2,
    3,
    4,
    5,
    6,
    7,
    8,
    9,
    10,
    11,
    12,
    13,
    14,
    15,
    16,
    17,
    18,
    19,
    20,
    21,
    22,
    23,
    24,
    25,
    26,
    27,
    28,
    29,
    30,
    31,
    32,
    33,
    34,
    35,
    36,
    37,
    38,
    39,
    40,
    41,
    42,
    43,
    44,
    45,
    46,
    48,
    49
  ],
  "pg": [
    4.102686778725144,
    0.04507349511844946,
    0.045073495121402865,
    0.04507349511845005,
    0.045073495121402816,
    0.09024649510829477,
    0.2589869909903663,
    0.046764995232650354,
    0.025090300398835495,
    0.025090300398835495,
    0.025090300398835495,
    0.025090300398835495,
    0.025090300398835495,
    0.025090300398835495,
    0.0,
    0.023879994960726666,
    0.179099994947651,
    0.17909999494250017,
    0.031839994774475584,
    0.049749994779753816,
    0.06268499477800048,
    0.17909999519555292,
    0.2023990819762863,
    0.46348192144865563,
    0.004191696964005929,
    0.3997082462105654,
    0.00014536440586890423,
    0.00014536440586890423,
    0.00014536440586890423,
    0.000498903158225619,
    0.000498903158225619,
    0.27665199962439135,
    6.035118849503456e-06,
    8.631710107592288e-05,
    8.631710107592288e-05,
    8.631710107592288e-05,
    8.631710107592288e-05,
    1.3790699945718634,
    0.11939999472369864,
    0.2586999947026975,
    0.0935299947228334,
    0.09352999472769723,
    0.09352999472228905,
    0.09352999472303651,
    0.09352999472273185,
    0.17412499523972338,
    0.0,
    0.6716249945750452,
    0.671624994575049
  ],
  "qg": [
    -0.46669767533947193,
    0.003114169036638505,
    0.003421846298988322,
    0.003259352921530384,
    0.0033779954312978923,
    0.006916960716953274,
    -0.19186302557704069,
    -0.005699297676858367,
    -0.03409927984491084,
    -0.034099295920344774,
    -0.03409927722375507,
    -0.034099303144156275,
    -0.03409930288312436,
    -0.034099275150543305,
    0.0010045300312894903,
    0.001585033036272092,
    0.009604485375111115,
    0.011460929175404477,
    -0.0035988516055518393,
    -0.0054989600207031916,
    -0.006998962153876997,
    -0.021999506829275105,
    -0.05211282834710265,
    -0.1082149053736566,
    0.0015766210048462617,
    0.0842880885969546,
    0.027505547012469708,
    0.08345362822235547,
    0.1233360696449091,
    0.11445951603436795,
    0.11438982494369472,
    -0.05115055784550636,
    -0.006592498318588409,
    -0.09419060268579546,
    -0.09416116250379329,
    -0.09419055082229474,
    -0.0941905471886898,
    0.11125230205498243,
    -0.013299692186080297,
    -0.028899688162444176,
    -0.010399689328262497,
    -0.010399692302363156,
    -0.010399688545795243,
    -0.010399689364117292,
    -0.010399689310978686,
    -0.014722673655386855,
    -0.03199880511643991,
    -0.02287074079932188,
    0.029222975559928924
  ],
  "pd": [
    0.0525869584166685,
    0.012069721667739081,
    0.056588836633346594,
    0.169025948806562,
    0.3039291210751855,
    0.0021575962627285792,
    0.017972848076326514,
    0.3187118598257615,
    0.00508423673791487,
    0.005475879623888704,
    0.008060722671316013,
    0.03279831150537239,
    0.0100474202201651,
    0.017068509048714205,
    0.009634414994956328,
    0.01661277914503556,
    0.4207383920118179,
    0.003652960009174129,
    0.04585070077791855,
    0.14784162906525003,
    0.02543542524906431,
    0.21224908185858335,
    0.007298799238603279,
    0.04543769555270979,
    0.014561994578481664,
    0.27297509152376265,
    0.007597871987892389,
    0.06798920500505766,
    0.014853946548025796,
    0.006764740757729868,
    0.02277937440418721,
    0.0451315020236757,
    0.010994483926247281,
    0.01297406069535139,
    0.003175867766260549,
    0.01578676869461802,
    0.005369067927714022,
    0.003944911978718261,
    0.020073478101095263,
    0.007106538185488851,
    0.009905004625265524,
    0.013116476290250966,
    0.006914277132374424,
    0.026774131841120312,
    0.016683986942485348,
    0.010346492969454208,
    0.14636762765803943,
    0.060839942141098946,
    0.09158746907991745,
    0.023655230312819603,
    0.0156585946592084,
    0.01752423895239285,
    0.13359294879554742,
    0.025620565522433754,
    0.004215501609027455,
    0.006294769294561267,
    0.039114443139168606,
    0.01500348292267035,
    0.006373097871756034,
    0.015957667408497512,
    0.02671716560316049,
    0.03442184928722755,
    0.058739312116330204,
    0.3513392726172545,
    0.06106780709293827,
    0.01625674015778662,
    0.015736923236403168,
    0.35444393258606516,
    0.014967879023945457,
    0.006835948555179656,
    0.010538754022568637,
    0.005198169213834531,
    0.0056182952187882815,
    0.02105614570590234,
    0.005995696545272157,
    0.005126961416384742,
    0.041065536789292804,
    0.08663140637741219,
    0.2662459546647577,
    0.003695684687644002,
    0.01465456471516639,
    0.37426818339608625,
    0.0037740132648387686,
    0.03200078417393477,
    0.031295826979181866,
    0.01123659043757656,
    0.02548527070727916,
    0.0773174264709799,
    0.0627696734519882,
    0.24266905292913282,
    0.028034509855981573,
    0.006202199157876543,
    0.11879596848548148,
    0.012803161981471899,
    0.004372158763416989,
    0.001381431270525889,
    0.10417700766903999,
    0.5500375106211431,
    0.031331430877906755,
    0.21543207040458887,
    0.010795102093387875,
    0.010987363146502302,
    0.17018663590499353,
    0.008260104504175417,
    0.014903792006240648,
    0.040453149731224616,
    0.008260104504175417,
    0.058468722486021,
    0.010132869577104846,
    0.2653273740776555,
    0.19065887767180761,
    0.06447153981103815,
    0.01070253195670315,
    0.11422442788920507,
    0.22802872977345642,
    0.10507422591690731,
    0.06383779041373502,
    0.009883642286030586,
    0.010303768290984337,
    0.3261530746592644,
    0.029536994382172103,
    0.027016238352449602,
    0.007676200565087156,
    0.016249619378041643,
    0.014355491965877279,
    0.007184866762683618,
    0.05484424559582679,
    0.010973121587012346,
    0.00873007596734402,
    0.01513165695807997,
    0.03690700141822517,
    0.13537314373179213,
    0.010004695541695226,
    0.021803827579125114,
    0.04856371786075547,
    0.16810736821945974,
    0.05515043912486088,
    0.010239681273279528,
    0.3314295724502937,
    0.003845221062288557,
    0.0067077745197700375,
    0.06558238145125485,
    0.013515239955969779,
    0.008046481111826053,
    0.05527149238052551,
    0.014982120583435414,
    0.11955077113844924,
    0.005212410773324488,
    0.0182790416053606,
    0.0023000118576281554,
    0.025670410980648605,
    0.3755570445299274,
    0.15657170503259404,
    0.26756329891757874,
    0.03825994956977114,
    0.015986150527477427,
    0.014312767287407406,
    0.005048632839189975,
    0.006771861537474847,
    0.054708950780672186
  ],