{
  "hour": 20,
  "dispatch": 2,
  "load": 0.7142371033843731,
  "wind": 0.314519237017807,
  "solar": 5.185489271478133e-05,
  "gen": [
    47,
    1,
    2,
    3,
    4,
    5,
    6,
    7,
    8,
    9,
    10,
    11,
    12,
    13,
    14,
    15,
    16,
    17,
    18,
    19,
    20,
    21,
    22,
    23,
    24,
    25,
    26,
    27,
    28,
    29,
    30,
    31,
    32,
    33,
    34,
    35,
    36,
    37,
    38,
    39,
    40,
    41,
    42,
    43,
    44,
    45,
    46,
    48,
    49
  ],
  "pg": [
    4.047010728387216,
    0.045073495276902846,
    0.045073495279759325,
    0.04507349527690339,
    0.04507349527975928,
    0.09024649526707838,
    0.27205914002040305,
    0.04676499538920145,
    0.026356712062092228,
    0.026356712062092228,
    0.026356712062092228,
    0.026356712062092228,
    0.026356712062092228,
    0.026356712062092228,
    0.0,
    0.0238799951264114,
    0.17909999511375685,
    0.17909999510877508,
    0.03183999494697925,
    0.04974999495206343,
    0.06268499495036645,
    0.1790999953536436,
    0.21261500422403748,
    0.4868757789035652,
    0.004403269318249298,
    0.4198831814187723,
    2.0233779137307675e-05,
    2.0233779137307675e-05,
    2.0233779137307675e-05,
    6.944407232363515e-05,
    6.944407232363515e-05,
    0.2906157750044537,
    8.400492619794575e-07,
    1.2014778642014832e-05,
    1.2014778642014832e-05,
    1.2014778642014832e-05,
    1.2014778642014832e-05,
    1.3790699947511842,
    0.11939999489743416,
    0.2586999948771002,
    0.09352999489659164,
    0.09352999490130076,
    0.09352999489606222,
    0.09352999489678768,
    0.09352999489649359,
    0.17412499539717516,
    0.0,
    0.6716249947528297,
    0.6716249947528331
  ],
  "qg": [
    -0.4666978088878284,
    0.00316452253623975,
    0.003485022280889503,
    0.0033096572385815457,
    0.0034411814364815997,
    0.00698004648991935,
    -0.19017917826514485,
    -0.005699319510681865,
    -0.03409930212836626,
    -0.03409931773278586,
    -0.03409929958960925,
    -0.034099324741030224,
    -0.03409932448752974,
    -0.034099297580586364,
    0.0010180805857222947,
    0.0015919475714234964,
    0.009670384873809926,
    0.011513450312101249,
    -0.003598901818963618,
    -0.005499003275579309,
    -0.006999005191627093,
    -0.021999522505959157,
    -0.05304771019159651,
    -0.10977587774062773,
    0.0015732919173364556,
    0.08494475329244869,
    0.027705981889445425,
    0.0840632638820302,
    0.12423580851690916,
    0.11578769342028422,
    0.1157163612935696,
    -0.05023946658744917,
    -0.006592735282087424,
    -0.09419087853085935,
    -0.09416184729181291,
    -0.09419082765017325,
    -0.09419082407759814,
    0.11181408571358518,
    -0.01329970176889738,
    -0.028899697849377827,
    -0.010399698994237497,
    -0.010399701882678348,
    -0.010399698233282762,
    -0.010399699028879853,
    -0.01039969897753883,
    -0.014521835473642584,
    -0.03198827305165455,
    -0.022663483351548667,
    0.02941965307986415
  ],
  "pd": [
    0.05274641008493595,
    0.012106318902365123,
    0.05676042260595613,
    0.16953846123034863,
    0.3048506804665181,
    0.0021641384232546504,
    0.018027344489421577,
    0.3196782427327777,
    0.0050996529181644235,
    0.0054924833250258286,
    0.008085164010311103,
    0.032897760981884225,
    0.010077885528753503,
    0.017120263368123424,
    0.009663628008790568,
    0.016663151621957424,
    0.4220141349056906,
    0.003664036340361834,
    0.045989727086919785,
    0.14828990740466352,
    0.02551254933288981,
    0.2128926534057801,
    0.007320930309689824,
    0.04557546956695685,
    0.014606148764210429,
    0.27380279358239945,
    0.0076209098931112615,
    0.06819535863113994,
    0.014898985976598023,
    0.006785252482151544,
    0.022848444937266094,
    0.04526834761250157,
    0.01102782087625472,
    0.013013400023663278,
    0.0031854974810943044,
    0.01583463658203155,
    0.005385347759518173,
    0.0039568735527494275,
    0.020134343944405476,
    0.007128086291776043,
    0.00993503810807663,
    0.01315624744434015,
    0.006935242273862262,
    0.026855315087252418,
    0.01673457533229586,
    0.010377865112174941,
    0.1468114366006579,
    0.06102441811316084,
    0.09186517623729808,
    0.023726956574428873,
    0.015706073903422362,
    0.01757737511428942,
    0.13399802296594224,
    0.025698250979769743,
    0.004228283652035488,
    0.006313855993917859,
    0.039233044088903615,
    0.015048975768308739,
    0.006392422075290139,
    0.0160060534868438,
    0.026798176118981675,
    0.03452622157760059,
    0.05891741865817694,
    0.35240458680984976,
    0.06125297398624384,
    0.016306033070265236,
    0.015784639984794645,
    0.35551866058060555,
    0.015013263913139523,
    0.0068566761924899805,
    0.010570709130088722,
    0.0052139308547059235,
    0.0056353307457027045,
    0.02111999114707591,
    0.006013876410496421,
    0.005142507144367486,
    0.041190053752176804,
    0.08689408599774283,
    0.2670532529554171,
    0.0037068905665648966,
    0.014698999587650398,
    0.37540302153882654,
    0.0037854566479371774,
    0.032097815426093725,
    0.0313907206937432,
    0.011270661491405405,
    0.025562545930126714,
    0.07755186468547523,
    0.06296000066333247,
    0.24340486246236048,
    0.02811951476024277,
    0.0062210051704778896,
    0.11915617595761496,
    0.012841983118851028,
    0.00438541581478005,
    0.0013856199805656838,
    0.10449288822513379,
    0.5517053081382252,
    0.03142643254891241,
    0.2160852932579082,
    0.010827834487307095,
    0.011020678505220876,
    0.17070266770886516,
    0.008285150399258727,
    0.014948982573834929,
    0.04057580984326623,
    0.008285150399258727,
    0.05864600855889088,
    0.010163593981159628,
    0.2661318870920513,
    0.19123698443116588,
    0.06466702734042115,
    0.010734983663867128,
    0.11457077375388729,
    0.2287201476167778,
    0.10539282697539809,
    0.06403135631840905,
    0.009913610994975099,
    0.010335010885971878,
    0.3271420204631444,
    0.029626555048383796,
    0.027098155702403117,
    0.0076994759744835415,
    0.016298890699231395,
    0.014399020004228961,
    0.007206652373148324,
    0.055010541702664416,
    0.01100639376315319,
    0.008756546887492413,
    0.015177538446917929,
    0.037018909068412056,
    0.13578361572440317,
    0.010035031302550441,
    0.021869940105629506,
    0.04871097045081424,
    0.1686170953669828,
    0.055317663657119695,
    0.010270729546667285,
    0.33243451739922264,
    0.003856880358275615,
    0.006728113513880794,
    0.06578123722170078,
    0.013556220222235401,
    0.008070879268243415,
    0.05543908396469503,
    0.01502754865520721,
    0.1199132672872024,
    0.005228215596773611,
    0.018334466443876856,
    0.002306985843931525,
    0.02574824757700665,
    0.3766957906959522,
    0.15704645429215594,
    0.26837459159667815,
    0.03837595956484237,
    0.016034622970979177,
    0.014356165778025898,
    0.005063941062995205,
    0.006792394853185387,
    0.05487483665302138
  ],