{
  "hour": 20,
  "dispatch": 3,
  "load": 0.7149252086997098,
  "wind": 0.3987884397221065,
  "solar": 4.26457705920863e-05,
  "gen": [
    47,
    1,
    2,
    3,
    4,
    5,
    6,
    7,
    8,
    9,
    10,
    11,
    12,
    13,
    14,
    15,
    16,
    17,
    18,
    19,
    20,
    21,
    22,
    23,
    24,
    25,
    26,
    27,
    28,
    29,
    30,
    31,
    32,
    33,
    34,
    35,
    36,
    37,
    38,
    39,
    40,
    41,
    42,
    43,
    44,
    45,
    46,
    48,
    49
  ],
  "pg": [
    3.556676810765083,
    0.04507349416513766,
    0.04507349416866151,
    0.04507349416513897,
    0.04507349416866136,
    0.09024649415301185,
    0.34495200035962204,
    0.046764994316409014,
    0.03341847124871253,
    0.03341847124871253,
    0.03341847124871253,
    0.03341847124871253,
    0.03341847124871253,
    0.03341847124871253,
    0.0,
    0.023879993988634496,
    0.17909999397299387,
    0.1790999939668364,
    0.0318399937807281,
    0.049749993786768275,
    0.06268499378466785,
    0.179099994275427,
    0.26958098525214397,
    0.6173245046898208,
    0.005583038156109491,
    0.5323825670290121,
    1.6640379685032072e-05,
    1.6640379685032072e-05,
    1.6640379685032072e-05,
    5.711121597692197e-05,
    5.711121597692197e-05,
    0.36848051830322637,
    6.90861483591798e-07,
    9.881025046186395e-06,
    9.881025046186395e-06,
    9.881025046186395e-06,
    9.881025046186395e-06,
    1.3790699935326884,
    0.11939999371502613,
    0.25869999368968544,
    0.09352999371391055,
    0.09352999371977937,
    0.09352999371321999,
    0.09352999371414723,
    0.0935299937137922,
    0.17412499433114215,
    0.0,
    0.6716249935297202,
    0.6716249935297293
  ],
  "qg": [
    -0.4666978125113126,
    0.003336054940048702,
    0.0037006924934839857,
    0.0034805878125368844,
    0.0036570489179835676,
    0.007189895156412439,
    -0.1785718235449602,
    -0.0056991529875682016,
    -0.034099132741360436,
    -0.034099152665796446,
    -0.03409912966592657,
    -0.03409916148834198,
    -0.03409916117797893,
    -0.03409912723299286,
    0.0010472788319544227,
    0.001595789787595246,
    0.009696703231373059,
    0.011537404421714817,
    -0.003598767075834722,
    -0.005498871340719305,
    -0.006998873650567196,
    -0.02199941001116804,
    -0.06531475666563741,
    -0.13325603469388972,
    0.0012746499269425664,
    0.07617451939638238,
    0.02765661629156875,
    0.08391303280556114,
    0.12401390409786012,
    0.11403391572368753,
    0.11396479110505449,
    -0.04855430244311144,
    -0.0065918102798069615,
    -0.09419077431620444,
    -0.09416732553302128,
    -0.0941907344646725,
    -0.0941907316252339,
    0.1071208901961696,
    -0.013299625413488135,
    -0.028899620225905934,
    -0.010399621775005424,
    -0.010399625534170454,
    -0.010399620765895633,
    -0.01039962181531845,
    -0.010399621755644572,
    -0.016100829407233782,
    -0.03203726178287425,
    -0.023251898234036915,
    0.028836103984542425
  ],
  "pd": [
    0.052797226662473565,
    0.012117982287460081,
    0.056815106335365934,
    0.16970179678905012,
    0.3051443775772101,
    0.0021662233823601207,
    0.018044712267580674,
    0.3199862249098161,
    0.005104565990115928,
    0.005497774854900768,
    0.008092953362480716,
    0.03292945511270863,
    0.010087594694752905,
    0.017136757252532043,
    0.009672938073707074,
    0.01667920511896423,
    0.4224207088123105,
    0.003667566320629511,
    0.04603403418817431,
    0.14843277183023373,
    0.025537128454753633,
    0.2130977569571225,
    0.007327983389172025,
    0.045619377567128486,
    0.014620220517909064,
    0.27406657875503376,
    0.007628251976825904,
    0.06826105892664829,
    0.014913339853475946,
    0.006791789482647243,
    0.022870457426303715,
    0.04531195972738761,
    0.01103844522232352,
    0.013025937302508712,
    0.0031885664308007058,
    0.015849891876872566,
    0.005390536073595811,
    0.003960685656196393,
    0.020153741633244817,
    0.007134953582823103,
    0.009944609653012963,
    0.013168922344248653,
    0.006941923776474182,
    0.026881187847109078,
    0.016750697639834198,
    0.010387863282406783,
    0.14695287664822534,
    0.061083209831303206,
    0.09195368034295667,
    0.02374981543300436,
    0.015721205339306616,
    0.017594309386099856,
    0.13412711840415256,
    0.025723009009015557,
    0.004232357235502282,
    0.0063199388449054344,
    0.039270841713875064,
    0.015063474147302884,
    0.006398580617862402,
    0.016021473926960496,
    0.02682399383041311,
    0.03455948458854396,
    0.05897418046563906,
    0.3527440979724369,
    0.06131198589808711,
    0.016321742514614372,
    0.015799847112263586,
    0.35586117188236754,
    0.0150277278868679,
    0.0068632820035172135,
    0.010580893088755705,
    0.005218954023507881,
    0.005640759896640711,
    0.021140338421250418,
    0.006019670257251556,
    0.00514746150263791,
    0.04122973678571227,
    0.08697780089040669,
    0.26731053553282147,
    0.003710461833151494,
    0.014713160795040028,
    0.3757646896925675,
    0.003789103606108462,
    0.03212873887896496,
    0.03142096292235225,
    0.01128151979328142,
    0.025587173219362613,
    0.07762657916061448,
    0.0630206571468794,
    0.24363936187277407,
    0.028146605466507574,
    0.0062269985677744725,
    0.11927097256737258,
    0.012854355252420782,
    0.0043896407814162175,
    0.001386954904877437,
    0.10459355803276754,
    0.5522368282080038,
    0.03145670918278723,
    0.21629347264001017,
    0.0108382661638876,
    0.011031295970236521,
    0.17086712487923061,
    0.008293132420916633,
    0.014963384618084927,
    0.04061490110623051,
    0.008293132420916633,
    0.058702508886333174,
    0.01017338571979687,
    0.26638828201359893,
    0.19142122462934727,
    0.06472932839567173,
    0.010745325886756639,
    0.11468115272752044,
    0.22894049958190807,
    0.10549436379572917,
    0.06409304495992897,
    0.009923161896751971,
    0.0103449677698848,
    0.32745719334072804,
    0.029655097656863964,
    0.02712426241806699,
    0.0077068937497828715,
    0.016314593262527377,
    0.01441289220738615,
    0.007213595355780072,
    0.05506353957405165,
    0.011016997466062528,
    0.008764983058658441,
    0.015192160684868833,
    0.03705457356690596,
    0.13591443142590182,
    0.010044699182230922,
    0.021891009890385116,
    0.048757899233320204,
    0.1687795432698275,
    0.055370957413792526,
    0.010280624501101827,
    0.3327547891371929,
    0.003860596126978433,
    0.006734595465951266,
    0.06584461172124328,
    0.013569280461120492,
    0.00807865485830672,
    0.05549249469927147,
    0.015042026391041893,
    0.12002879328859428,
    0.0052332525276818755,
    0.01835213010732155,
    0.0023092084241000625,
    0.025773053773624537,
    0.37705870432031396,
    0.15719775488889218,
    0.26863314716891595,
    0.038412931463435405,
    0.016050070935308487,
    0.014369996694864166,
    0.005068819729680942,
    0.00679893873473424,
    0.0549277037843987
  ],