{
  "hour": 21,
  "dispatch": 0,
  "load": 0.7161000900236314,
  "wind": 0.3865948164750739,
  "solar": 0.0001240795859525869,
  "gen": [
    47,
    1,
    2,
    3,
    4,
    5,
    6,
    7,
    8,
    9,
    10,
    11,
    12,
    13,
    14,
    15,
    16,
    17,
    18,
    19,
    20,
    21,
    22,
    23,
    24,
    25,
    26,
    27,
    28,
    29,
    30,
    31,
    32,
    33,
    34,
    35,
    36,
    37,
    38,
    39,
    40,
    41,
    42,
    43,
    44,
    45,
    46,
    48,
    49
  ],
  "pg": [
    3.6463948586245247,
    0.04507349416498415,
    0.04507349416850873,
    0.04507349416498542,
    0.04507349416850858,
    0.09024649415285765,
    0.3344045162509389,
    0.046764994314429,
    0.032396645620611196,
    0.032396645620611196,
    0.032396645620611196,
    0.032396645620611196,
    0.032396645620611196,
    0.032396645620611196,
    0.0,
    0.023879993987565077,
    0.17909999397193255,
    0.17909999396577722,
    0.031839993776845675,
    0.049749993782934966,
    0.06268499378083606,
    0.17909999427294865,
    0.2613380959371499,
    0.5984487759034144,
    0.0054123274306510346,
    0.5161040799942236,
    4.84158544386994e-05,
    4.84158544386994e-05,
    4.84158544386994e-05,
    0.00016616738150770436,
    0.00016616738150770436,
    0.3572136104229683,
    2.0100892924319078e-06,
    2.874924006521439e-05,
    2.874924006521439e-05,
    2.874924006521439e-05,
    2.874924006521439e-05,
    1.3790699935305093,
    0.11939999371198068,
    0.2586999936866817,
    0.09352999371087826,
    0.09352999371673758,
    0.09352999371019428,
    0.09352999371111594,
    0.09352999371075942,
    0.1741249943287288,
    0.0,
    0.6716249935277587,
    0.6716249935277677
  ],
  "qg": [
    -0.4666977292880185,
    0.00332402932452632,
    0.0036854516958501377,
    0.003468632844339123,
    0.003641786389892958,
    0.007175835838418331,
    -0.18044093389166446,
    -0.005699150906770221,
    -0.034099130228865154,
    -0.03409915031769327,
    -0.03409912714533,
    -0.03409915919931757,
    -0.03409915888893359,
    -0.03409912470721093,
    0.0010530053983867512,
    0.0015990644252858544,
    0.009728963369940996,
    0.011562325521481691,
    -0.0035987426737257196,
    -0.005498851749531464,
    -0.006998854186313899,
    -0.021999408680536424,
    -0.06285936873703936,
    -0.1284395000028429,
    0.0013433657345222297,
    0.07869171975083465,
    0.027790440666422233,
    0.08431996028009586,
    0.12461448953779412,
    0.11523852844385031,
    0.11516795094084645,
    -0.048451851050541256,
    -0.006591138070297845,
    -0.09418972175173528,
    -0.09416190567173345,
    -0.09418968034671561,
    -0.09418967742159481,
    0.10861619311943285,
    -0.013299626551554405,
    -0.02889962142877004,
    -0.010399622947314552,
    -0.010399626673679097,
    -0.010399621949982221,
    -0.01039962298796427,
    -0.010399622927782261,
    -0.01560997470725127,
    -0.03197476682896417,
    -0.022984048682723,
    0.02909557883360099
  ],
  "pd": [
    0.05288399164824518,
    0.012137896525900553,
    0.05690847415417798,
    0.16998067836890937,
    0.3056458404238863,
    0.0021697832727716033,
    0.018074366272196454,
    0.32051207829277695,
    0.005112954642768728,
    0.0055068096922817255,
    0.008106253019067507,
    0.03298357014648846,
    0.010104172270233438,
    0.017164919157866446,
    0.009688834218019733,
    0.016706615100251322,
    0.4231148991913628,
    0.003673593461821229,
    0.04610968479662163,
    0.14867670069070635,
    0.025579095215644113,
    0.2134479538333438,
    0.007340025922742222,
    0.04569434674440792,
    0.014644246840983262,
    0.2745169695105591,
    0.007640787960552148,
    0.06837323659545633,
    0.014937847877892952,
    0.006802950855224498,
    0.022908041879855966,
    0.04538642370569776,
    0.011056585389964868,
    0.013047343640230564,
    0.003193806401505396,
    0.01587593899582391,
    0.00539939467877818,
    0.003967194498730919,
    0.02018686153776617,
    0.0071466788984358405,
    0.009960952252228712,
    0.01319056365823529,
    0.006953331874129461,
    0.02692536338488853,
    0.016778225109253683,
    0.010404934308043364,
    0.14719437350435743,
    0.06118359169161907,
    0.09210479357883948,
    0.023788844990585034,
    0.015747040979619653,
    0.017623223215481567,
    0.13434753788933348,
    0.025765281239050256,
    0.004239312532939898,
    0.006330324795808902,
    0.03933537794499808,
    0.015088228896797912,
    0.006409095805711501,
    0.016047803017429578,
    0.026868075377686648,
    0.03461627835174233,
    0.05907109642604936,
    0.3533237844176598,
    0.061412743720426634,
    0.016348565055239503,
    0.015825811989522254,
    0.35644598081016277,
    0.015052423892296732,
    0.006874560864226861,
    0.010598281332349746,
    0.005227530657172509,
    0.005650029710286453,
    0.021175079661998778,
    0.0060295627579989765,
    0.005155920648170146,
    0.04129749219166283,
    0.087120736952275,
    0.2677498236598358,
    0.003716559467222647,
    0.014737339852686335,
    0.3763822073164207,
    0.0037953304771252464,
    0.032181538045662,
    0.0314725989565386,
    0.011300059420572902,
    0.02562922222194577,
    0.0777541477747659,
    0.0631242229355831,
    0.24403974967915332,
    0.02819286054423037,
    0.00623723178410583,
    0.11946697801864244,
    0.012875479618624891,
    0.004396854552745097,
    0.001389234174645845,
    0.10476544317045729,
    0.5531443535378539,
    0.03150840396103978,
    0.21664892123574941,
    0.010856077364758252,
    0.011049424389064632,
    0.1711479215156479,
    0.008306761044274124,
    0.014987974884194606,
    0.0406816461142425,
    0.008306761044274124,
    0.058798978391840374,
    0.010190104281036274,
    0.2668260545437054,
    0.1917357991038273,
    0.0648357021507396,
    0.01076298435305518,
    0.11486961544069071,
    0.2293167318282675,
    0.10566772928388704,
    0.06419837307061856,
    0.009939469249528004,
    0.010361968302641947,
    0.3279953242335239,
    0.029703831734180234,
    0.027168837415496576,
    0.007719558970454747,
    0.01634140405433927,
    0.01443657781487641,
    0.007225449908338441,
    0.05515402893362009,
    0.01103510238726416,
    0.008779387103689721,
    0.015217126913002168,
    0.037115467665924814,
    0.13613778811439256,
    0.01006120626483202,
    0.021926984756523594,
    0.04883802613961166,
    0.16905690925277891,
    0.05546195197233025,
    0.01029751929453982,
    0.33330162590059903,
    0.0038669404861276097,
    0.006745662848022607,
    0.06595281829117647,
    0.013591579708648525,
    0.008091931017267033,
    0.055583688987634265,
    0.015066745894097204,
    0.12022604411406748,
    0.005241852658972982,
    0.018382289310906616,
    0.0023130032907763293,
    0.02581540824535191,
    0.3776783484793635,
    0.15745608779439607,
    0.26907460882637946,
    0.03847605783696972,
    0.016076447021030525,
    0.014393611809474991,
    0.005077149638267547,
    0.006810111856124734,
    0.0550179699165156
  ],