{
  "hour": 22,
  "dispatch": 3,
  "load": 0.6433979146251615,
  "wind": 0.27438570752493396,
  "solar": 7.93388798475867e-05,
  "gen": [
    47,
    1,
    2,
    3,
    4,
    5,
    6,
    7,
    8,
    9,
    10,
    11,
    12,
    13,
    14,
    15,
    16,
    17,
    18,
    19,
    20,
    21,
    22,
    23,
    24,
    25,
    26,
    27,
    28,
    29,
    30,
    31,
    32,
    33,
    34,
    35,
    36,
    37,
    38,
    39,
    40,
    41,
    42,
    43,
    44,
    45,
    46,
    48,
    49
  ],
  "pg": [
    3.2154094036459044,
    0.04507349839561824,
    0.04507349839659145,
    0.04507349839561827,
    0.045073498396591465,
    0.09024649839226465,
    0.23734363700906788,
    0.0467649984324404,
    0.02299352229058947,
    0.02299352229058947,
    0.02299352229058947,
    0.02299352229058947,
    0.02299352229058947,
    0.02299352229058947,
    0.0,
    0.023879998335848945,
    0.17909999833146734,
    0.1790999983297468,
    0.03183999828621984,
    0.049749998287760604,
    0.06268499828717201,
    0.1790999984210486,
    0.18548473828685533,
    0.4247490752485978,
    0.0038413999053490753,
    0.3663049195457868,
    3.0958030916528334e-05,
    3.0958030916528334e-05,
    3.0958030916528334e-05,
    0.00010625062789188811,
    0.00010625062789188811,
    0.253532393753039,
    1.2852898535309045e-06,
    1.838281846068584e-05,
    1.838281846068584e-05,
    1.838281846068584e-05,
    1.838281846068584e-05,
    1.3790699982077808,
    0.1193999982671232,
    0.25869999826003137,
    0.09352999826678943,
    0.09352999826843156,
    0.09352999826658541,
    0.09352999826685297,
    0.09352999826675766,
    0.17412499843032517,
    0.0,
    0.671624998216776,
    0.6716249982167765
  ],
  "qg": [
    -0.4666995231838305,
    0.0022290316761817523,
    0.0023157401242583308,
    0.0023744628276877403,
    0.002271826653719447,
    0.005787461214610704,
    -0.18885887944874324,
    -0.005699791824093461,
    -0.03409978727292027,
    -0.034099791115836546,
    -0.03409978647147121,
    -0.0340997929785894,
    -0.03409979289582519,
    -0.03409978582771689,
    0.0005502844815978022,
    0.001381482420780524,
    0.007668576447593402,
    0.009939561606687691,
    -0.003599713797590678,
    -0.005499730968979091,
    -0.0069997310249588045,
    -0.02199984955572528,
    -0.09476669823280975,
    -0.2007103318420686,
    1.773430576815107e-05,
    0.007915411201296739,
    0.02074903757150961,
    0.06291946960137207,
    0.09302014746071352,
    0.06321576251852985,
    0.06319423048934043,
    -0.07803358503887471,
    -0.006599481755864428,
    -0.09419945801214645,
    -0.0941992556420514,
    -0.0941994546999594,
    -0.0941994544375081,
    0.059234065622676316,
    -0.013299893988603319,
    -0.028899892410087703,
    -0.010399892947691104,
    -0.010399894036625753,
    -0.010399892651885023,
    -0.010399892959130836,
    -0.010399892942184304,
    -0.02137231171107739,
    -0.032496968151324475,
    -0.03365430989956345,
    0.018902430675570858
  ],
  "pd": [
    0.047514935995068175,
    0.010905594652896488,
    0.051130832275261585,
    0.1527233629945746,
    0.2746150979203114,
    0.0019494956813142395,
    0.016239363365139075,
    0.28797203862792975,
    0.004593861110423653,
    0.004947729963467492,
    0.007283264393556828,
    0.029634907947634938,
    0.009078344575361028,
    0.015422248013565122,
    0.008705173784878435,
    0.015010473348205019,
    0.3801580918354229,
    0.0033006313020270783,
    0.04142839172271415,
    0.13358227503447603,
    0.02298217351041077,
    0.19177761641232188,
    0.006594828624907905,
    0.04105522093223156,
    0.013157487354084552,
    0.24664659057155566,
    0.006865055749050474,
    0.061431632888410415,
    0.01342128049908087,
    0.006112280188939034,
    0.020582299288858914,
    0.04077855982894274,
    0.009934063801812493,
    0.011722710004470442,
    0.0028695546992282203,
    0.01426413176723983,
    0.004851220276273717,
    0.003564424447023395,
    0.018137387213283302,
    0.006421111187959111,
    0.008949664992435998,
    0.011851389587395475,
    0.006247393751010318,
    0.024191761589906064,
    0.015074813139667534,
    0.009348571699503596,
    0.13225044135120195,
    0.0549719178255738,
    0.08275383977908828,
    0.021373678723847864,
    0.0141483201426073,
    0.015834022678925225,
    0.12070788276282654,
    0.02314945696821331,
    0.003808915654580956,
    0.005687637565286428,
    0.03534184745036013,
    0.013556394061152152,
    0.005758411335895195,
    0.014418547266749869,
    0.024140289756736058,
    0.0311018551929803,
    0.05307389397742958,
    0.31745253107605476,
    0.05517780515825385,
    0.014688774390892436,
    0.01421909391321607,
    0.3202577459838204,
    0.013524224165420895,
    0.006176619980401549,
    0.00952228913645239,
    0.004696804776763679,
    0.005076409546392525,
    0.019025276335466024,
    0.00541741044114386,
    0.004632464985301163,
    0.03710475773643307,
    0.07827579029329715,
    0.2405664802783479,
    0.003339235176904588,
    0.013241129082985824,
    0.3381699439269849,
    0.003410008947513356,
    0.02891430228325476,
    0.02827733834777585,
    0.010152819092785047,
    0.02302721136443453,
    0.06986014557000003,
    0.056715526174207984,
    0.21926357532510876,
    0.02533057589879261,
    0.005603995836385157,
    0.10733807409691569,
    0.011568294504960403,
    0.0039504631957984915,
    0.0012481919543728133,
    0.09412911490966114,
    0.49698628517305976,
    0.028309508243507104,
    0.19465360509069635,
    0.009753912385717448,
    0.009927629822666241,
    0.1537721015954136,
    0.007463415809651873,
    0.01346631835310463,
    0.036551435529855424,
    0.007463415809651873,
    0.05282940276987201,
    0.009155552325116048,
    0.23973649696848148,
    0.172269791640887,
    0.05825324719016213,
    0.009670270656816178,
    0.10320745948502215,
    0.2060353142004155,
    0.09493979628208883,
    0.057680623046145726,
    0.008930363054997241,
    0.009309967824626087,
    0.2946955468357627,
    0.0266881454986517,
    0.024410516880878627,
    0.00693582951965924,
    0.014682340411746186,
    0.012970901958843256,
    0.0064918849585678794,
    0.049554507384429944,
    0.009914761864373739,
    0.00788805843330448,
    0.013672205685784682,
    0.033347313915022124,
    0.12231637754938945,
    0.00903974070048352,
    0.019700844145822446,
    0.04387973777743601,
    0.15189337968470815,
    0.04983116848771876,
    0.009252062012309822,
    0.2994631253831352,
    0.003474348738975872,
    0.006060808355769021,
    0.05925694793697738,
    0.012211692419585566,
    0.007270396435264325,
    0.04994054613320503,
    0.013537092123713398,
    0.10802007588641838,
    0.004709672735056182,
    0.016516024468427894,
    0.0020781752642392713,
    0.02319449482223707,
    0.3393344941524565,
    0.1414703334677805,
    0.24175676642040442,
    0.03456976995280993,
    0.014444283183334876,
    0.012932298083965746,
    0.004561691214692395,
    0.006118714168085285,
    0.04943226178065115
  ],