{
  "hour": 22,
  "dispatch": 2,
  "load": 0.6433647331703926,
  "wind": 0.29510033549862635,
  "solar": 5.3993518414562576e-05,
  "gen": [
    47,
    1,
    2,
    3,
    4,
    5,
    6,
    7,
    8,
    9,
    10,
    11,
    12,
    13,
    14,
    15,
    16,
    17,
    18,
    19,
    20,
    21,
    22,
    23,
    24,
    25,
    26,
    27,
    28,
    29,
    30,
    31,
    32,
    33,
    34,
    35,
    36,
    37,
    38,
    39,
    40,
    41,
    42,
    43,
    44,
    45,
    46,
    48,
    49
  ],
  "pg": [
    3.092176185860021,
    0.04507349563198497,
    0.04507349563463493,
    0.04507349563198582,
    0.04507349563463495,
    0.09024649562287085,
    0.2552617902063118,
    0.04676499573459127,
    0.02472940811478489,
    0.02472940811478489,
    0.02472940811478489,
    0.02472940811478489,
    0.02472940811478489,
    0.02472940811478489,
    0.0,
    0.023879995470899303,
    0.1790999954590423,
    0.1790999954543577,
    0.03183999533845924,
    0.049749995342639464,
    0.06268499534104217,
    0.17909999570412474,
    0.1994878267970714,
    0.4568153193518736,
    0.004131404696980769,
    0.39395894789066616,
    2.1068270885362317e-05,
    2.1068270885362317e-05,
    2.1068270885362317e-05,
    7.23081198607822e-05,
    7.23081198607822e-05,
    0.2726727100007308,
    8.746949983159137e-07,
    1.2510298216654149e-05,
    1.2510298216654149e-05,
    1.2510298216654149e-05,
    1.2510298216654149e-05,
    1.37906999512377,
    0.11939999528563844,
    0.25869999526630366,
    0.09352999528471564,
    0.09352999528919378,
    0.09352999528415447,
    0.09352999528488772,
    0.09352999528462959,
    0.17412499572969928,
    0.0,
    0.6716249951473432,
    0.6716249951473504
  ],
  "qg": [
    -0.4666987380003766,
    0.0022595704103071743,
    0.002354683093619086,
    0.0024043927801593707,
    0.002311075168171703,
    0.005821193790393851,
    -0.18642443806657216,
    -0.005699428630928091,
    -0.034099416913960234,
    -0.03409942774465561,
    -0.03409941475023026,
    -0.03409943292161414,
    -0.03409943269965678,
    -0.03409941301838694,
    0.0005910568252829795,
    0.0013817716871720432,
    0.007652730768166447,
    0.009927021358017972,
    -0.003599226691816953,
    -0.005499276001530955,
    -0.006999276619258854,
    -0.021999588876986814,
    -0.09742889471659316,
    -0.20585652693331266,
    -3.07707611062497e-05,
    0.005790118291454521,
    0.020716258361415572,
    0.06281941822569756,
    0.09287226171998862,
    0.0626529622944306,
    0.06263204235961793,
    -0.07789084437025283,
    -0.006598469885011357,
    -0.09419844988560014,
    -0.09419777727941969,
    -0.0941984408038397,
    -0.09419844009072761,
    0.05782617873235695,
    -0.01329971036066138,
    -0.02889970601410852,
    -0.010399707424850978,
    -0.010399710457293156,
    -0.010399706593331748,
    -0.010399707453833012,
    -0.010399707410967662,
    -0.02130801842598947,
    -0.032488933142588244,
    -0.03374304792151664,
    0.018805752687246657
  ],
  "pd": [
    0.04751248554463349,
    0.010905032227238154,
    0.05112819534505109,
    0.15271548671265608,
    0.27460093541178693,
    0.0019493951415062896,
    0.016238525865220708,
    0.28795718727240427,
    0.004593624194836603,
    0.004947474798080318,
    0.007282888779488844,
    0.02963337960982828,
    0.00907787638503424,
    0.01542145265409431,
    0.00870472483979541,
    0.015009699224865258,
    0.3801384862410581,
    0.003300461081164114,
    0.04142625516884158,
    0.1335753859008369,
    0.02298098826884642,
    0.1917677260160989,
    0.006594488514996524,
    0.04105310362360275,
    0.013156808793334527,
    0.24663387046087,
    0.006864701702928089,
    0.06142846472310908,
    0.01342058833393439,
    0.006111964965118729,
    0.020581237814120856,
    0.04077645678833949,
    0.00993355148015086,
    0.011722105438364553,
    0.002869406709939951,
    0.014263396134387603,
    0.00485097008810476,
    0.003564240621763975,
    0.018136451828073365,
    0.006420780037040517,
    0.008949203438400161,
    0.01185077838499863,
    0.006247071559084512,
    0.024190513967206752,
    0.015074035698182298,
    0.009348089572965804,
    0.1322436209031742,
    0.054969082802078344,
    0.0827495719803759,
    0.02137257643592044,
    0.014147590482416931,
    0.01583320608332336,
    0.12070165759009735,
    0.023148263099470722,
    0.003808719220368724,
    0.00568734424122627,
    0.035340024793049665,
    0.01355569492790017,
    0.005758114361875013,
    0.014417803670348497,
    0.024139044788553127,
    0.031100251201456767,
    0.05307115683922569,
    0.3174361593462718,
    0.055174959516692865,
    0.014688016858280062,
    0.014218360603065677,
    0.3202412295828946,
    0.013523526691241652,
    0.006176301438435768,
    0.00952179805092181,
    0.004696562552143866,
    0.005076147744714398,
    0.019024295159848506,
    0.005417131053294706,
    0.004632226078826826,
    0.03710284416193655,
    0.07827175343750996,
    0.24055407373240978,
    0.0033390629651543374,
    0.01324044620864668,
    0.33815250375435835,
    0.0034098330858030805,
    0.028912811108677442,
    0.028275880022838755,
    0.010152295489428793,
    0.02302602380016835,
    0.06985654272764122,
    0.0567126012289701,
    0.21925226741713807,
    0.025329269544918355,
    0.00560370682591412,
    0.10733253843481659,
    0.011567697902403657,
    0.00395025946166621,
    0.0012481275823505616,
    0.09412426046282844,
    0.49696065449013804,
    0.02830804825949727,
    0.19464356637337055,
    0.00975340935486315,
    0.009927117832819157,
    0.15376417122772382,
    0.007463030904776553,
    0.013465623865256317,
    0.03654955049141,
    0.007463030904776553,
    0.052826678240620935,
    0.009155080153014685,
    0.23972413322662003,
    0.1722609073063726,
    0.058250242941247345,
    0.009669771939551,
    0.10320213684786267,
    0.2060246885031548,
    0.09493490002662312,
    0.05767764832872569,
    0.008929902496405049,
    0.00930948768897558,
    0.2946803487340349,
    0.026686769131907886,
    0.024409257976484695,
    0.006935471823576831,
    0.014681583210948358,
    0.012970233020715115,
    0.0064915501576892605,
    0.049551951748783636,
    0.009914250538155749,
    0.007887651628669013,
    0.013671500579870842,
    0.03334559412022145,
    0.12231006942302333,
    0.009039274501044015,
    0.01969982812967742,
    0.04387747480222077,
    0.15188554620686628,
    0.04982859858404691,
    0.009251584862990245,
    0.29944768140682754,
    0.00347416955912012,
    0.006060495786465098,
    0.05925389192499316,
    0.012211062635574052,
    0.007270021484825436,
    0.04993797058868587,
    0.01353639398590506,
    0.10801450505197721,
    0.004709429846807274,
    0.016515172700483974,
    0.002078068088140368,
    0.023193298630792652,
    0.33931699392139675,
    0.1414630375295059,
    0.241744298488775,
    0.03456798711324519,
    0.014443538259675313,
    0.01293163113672489,
    0.004561455958178084,
    0.006118398612450433,
    0.04942971244948126
  ],