{
  "hour": 23,
  "dispatch": 0,
  "load": 0.6431400638014154,
  "wind": 0.2688344245221198,
  "solar": 7.901051701102025e-05,
  "gen": [
    47,
    1,
    2,
    3,
    4,
    5,
    6,
    7,
    8,
    9,
    10,
    11,
    12,
    13,
    14,
    15,
    16,
    17,
    18,
    19,
    20,
    21,
    22,
    23,
    24,
    25,
    26,
    27,
    28,
    29,
    30,
    31,
    32,
    33,
    34,
    35,
    36,
    37,
    38,
    39,
    40,
    41,
    42,
    43,
    44,
    45,
    46,
    48,
    49
  ],
  "pg": [
    3.2444670333273056,
    0.04507349827938181,
    0.04507349828042567,
    0.04507349827938184,
    0.045073498280425686,
    0.09024649827578536,
    0.23254177721163363,
    0.046764998318626405,
    0.022528324774953642,
    0.022528324774953642,
    0.022528324774953642,
    0.022528324774953642,
    0.022528324774953642,
    0.022528324774953642,
    0.0,
    0.023879998215072824,
    0.17909999821037562,
    0.17909999820853037,
    0.03183999816162224,
    0.049749998163278714,
    0.06268499816264765,
    0.17909999830635562,
    0.18173207097695296,
    0.4161556891602414,
    0.0037636819433096774,
    0.35889395673702995,
    3.08299037377001e-05,
    3.08299037377001e-05,
    3.08299037377001e-05,
    0.00010581088438115833,
    0.00010581088438115833,
    0.24840300825843872,
    1.279970375578528e-06,
    1.830673679145339e-05,
    1.830673679145339e-05,
    1.830673679145339e-05,
    1.830673679145339e-05,
    1.379069998077577,
    0.11939999814122146,
    0.2586999981336196,
    0.09352999814086468,
    0.09352999814262494,
    0.0935299981406465,
    0.09352999814093291,
    0.09352999814083056,
    0.17412499831624348,
    0.0,
    0.6716249980873499,
    0.6716249980873505
  ],
  "qg": [
    -0.46669948467010125,
    0.0022182496103864136,
    0.0023021777474813735,
    0.0023636983248826312,
    0.0022582608102720936,
    0.005774133444959861,
    -0.1894818940560458,
    -0.005699776720146826,
    -0.03409977185607742,
    -0.03409977597880092,
    -0.034099770996497684,
    -0.03409977797697773,
    -0.034099777888275,
    -0.034099770306145784,
    0.0005491993216330184,
    0.0013806940985371294,
    0.007660704821398331,
    0.009933184363518362,
    -0.003599691723190762,
    -0.005499710371876914,
    -0.0069997104420870294,
    -0.021999838639328022,
    -0.094191465035463,
    -0.1996242573131349,
    3.0812798513586364e-05,
    0.008228077025598005,
    0.02073187060136104,
    0.06286729812889547,
    0.09294309660065402,
    0.06317332366704725,
    0.06315183074919987,
    -0.07814766153418409,
    -0.006599438557905751,
    -0.09419941320496329,
    -0.0941991881944078,
    -0.09419940961665016,
    -0.09419940933263202,
    0.05937652007030413,
    -0.013299886417918454,
    -0.028899884731975432,
    -0.010399885303666307,
    -0.010399886468911015,
    -0.010399884987324672,
    -0.010399885315932708,
    -0.010399885297761808,
    -0.021368702140438893,
    -0.03249659482567474,
    -0.03366771030676779,
    0.018890353048630903
  ],
  "pd": [
    0.04749589371173453,
    0.01090122408143399,
    0.05111034087029848,
    0.15266215694454197,
    0.2745050420317201,
    0.0019487143933182888,
    0.016232855210347723,
    0.2878566297562375,
    0.004592020055542106,
    0.004945747090632884,
    0.007280345522232023,
    0.029623031338693193,
    0.009074706300237972,
    0.01541606732931993,
    0.00870168506323315,
    0.015004457688487021,
    0.38000573809770427,
    0.003299308527301261,
    0.04141178870817314,
    0.13352874004644988,
    0.02297296307898656,
    0.1917007588172879,
    0.006592185653964508,
    0.04103876747116832,
    0.013152214304738945,
    0.24654774345827263,
    0.006862304480761103,
    0.06140701329175914,
    0.013415901730897526,
    0.006109830606113446,
    0.02057405064100728,
    0.04076221724373371,
    0.009930082585093855,
    0.01171801196246179,
    0.002868404684554313,
    0.014258415214477379,
    0.004849276081062672,
    0.0035629959534598417,
    0.0181301183985619,
    0.006418537836738125,
    0.008946078287477689,
    0.01184663997522207,
    0.006244890019511743,
    0.02418206639893321,
    0.015068771694867164,
    0.009344825127034566,
    0.13219744011438095,
    0.054949887051192935,
    0.08272067500613806,
    0.02136511291948302,
    0.014142650002993125,
    0.015827676970152832,
    0.12065950736978355,
    0.023140179495574925,
    0.0038073891777043794,
    0.005685358164004513,
    0.035327683704611756,
    0.013550961144295822,
    0.005756103571022668,
    0.014412768829789719,
    0.024130615193829107,
    0.031089390684160414,
    0.053052623862978765,
    0.31732530747961846,
    0.05515569187160939,
    0.014682887656586313,
    0.014213395410011282,
    0.3201293981577925,
    0.013518804141105753,
    0.006174144612493587,
    0.009518472944260949,
    0.004694922465750332,
    0.005074375103393168,
    0.019017651686607854,
    0.005415239337207918,
    0.004630608459370191,
    0.03708988747942764,
    0.0782444201620802,
    0.24047006985534924,
    0.0033378969311293463,
    0.01323582251303313,
    0.33803441753402397,
    0.0034086423381475017,
    0.02890271446723561,
    0.02826600580407221,
    0.010148750206786334,
    0.02301798288345266,
    0.06983214812755768,
    0.056692796624094766,
    0.21917570234288436,
    0.025320424311861725,
    0.005601749955710329,
    0.10729505684399014,
    0.011563658347149449,
    0.00394887999174069,
    0.001247691723774746,
    0.09409139133414708,
    0.49678711088276534,
    0.028298162807262276,
    0.1945755949024802,
    0.009750003367229457,
    0.00992365118445584,
    0.1537104752485383,
    0.007460424740096418,
    0.013460921535363626,
    0.03653678702455841,
    0.007460424740096418,
    0.05280823063873422,
    0.009151883107894141,
    0.23964041917304546,
    0.17220075208282898,
    0.058229901376580157,
    0.009666395158935274,
    0.10316609763438504,
    0.20595274263112726,
    0.09490174781453686,
    0.057657506719796886,
    0.008926784085563647,
    0.009306236723206482,
    0.2945774434229623,
    0.026677449846482713,
    0.024400734020625703,
    0.006933049887779258,
    0.0146764562559483,
    0.012965703686236535,
    0.006489283243756282,
    0.04953464771398502,
    0.009910788383179811,
    0.007884897182205353,
    0.013666726355780078,
    0.03333394950682736,
    0.12226735752928708,
    0.009036117896409887,
    0.01969294875359934,
    0.04386215235125653,
    0.15183250626223815,
    0.049811197941419624,
    0.009248354117464355,
    0.2993431112957308,
    0.0034729563445276435,
    0.0060583794010093325,
    0.05923319987611037,
    0.012206798410950865,
    0.007267482720955994,
    0.04992053175226586,
    0.01353166694238178,
    0.10797678531161964,
    0.004707785267026361,
    0.016509405437782333,
    0.0020773424060785716,
    0.023185199300041023,
    0.33919850104950455,
    0.14141363722865521,
    0.24165987897338181,
    0.03455591562805005,
    0.014438494432341777,
    0.01292711528240845,
    0.004559863052352035,
    0.00611626200675146,
    0.049412451101862744
  ],