{
  "hour": 23,
  "dispatch": 1,
  "load": 0.6420529268187395,
  "wind": 0.2509804790400524,
  "solar": 5.188552259340161e-05,
  "gen": [
    47,
    1,
    2,
    3,
    4,
    5,
    6,
    7,
    8,
    9,
    10,
    11,
    12,
    13,
    14,
    15,
    16,
    17,
    18,
    19,
    20,
    21,
    22,
    23,
    24,
    25,
    26,
    27,
    28,
    29,
    30,
    31,
    32,
    33,
    34,
    35,
    36,
    37,
    38,
    39,
    40,
    41,
    42,
    43,
    44,
    45,
    46,
    48,
    49
  ],
  "pg": [
    3.3342047108357464,
    0.04507349799129643,
    0.04507349799251556,
    0.04507349799129648,
    0.04507349799251557,
    0.090246497987098,
    0.21709811436964532,
    0.04676499803619158,
    0.021032164143556395,
    0.021032164143556395,
    0.021032164143556395,
    0.021032164143556395,
    0.021032164143556395,
    0.021032164143556395,
    0.0,
    0.023879997915403448,
    0.17909999790992537,
    0.17909999790777087,
    0.031839997852210804,
    0.04974999785415891,
    0.0626849978534227,
    0.1790999980216695,
    0.1696628038310754,
    0.38851778155400113,
    0.0035137267065607335,
    0.33505893951846993,
    2.024573091594531e-05,
    2.024573091594531e-05,
    2.024573091594531e-05,
    6.948509185708344e-05,
    6.948509185708344e-05,
    0.2319059626330084,
    8.40545466013106e-07,
    1.2021875584891154e-05,
    1.2021875584891154e-05,
    1.2021875584891154e-05,
    1.2021875584891154e-05,
    1.379069997754327,
    0.11939999782867866,
    0.2586999978198177,
    0.09352999782826657,
    0.09352999783031848,
    0.0935299978280141,
    0.09352999782834658,
    0.09352999782822657,
    0.1741249980329641,
    0.0,
    0.6716249977662426,
    0.6716249977662432
  ],
  "qg": [
    -0.46669938372320324,
    0.0021817097299349597,
    0.002256229885292276,
    0.0023272211701348524,
    0.0022122994555496055,
    0.005728958897134215,
    -0.19143399231068728,
    -0.005699739423230038,
    -0.03409973380384806,
    -0.03409973861230813,
    -0.03409973280048339,
    -0.03409974094334281,
    -0.034099740840009,
    -0.03409973199492072,
    0.0005437801631521934,
    0.0013773584576998884,
    0.007628155388206318,
    0.009906969638807928,
    -0.003599635354586913,
    -0.005499657932623677,
    -0.006999658046663824,
    -0.0219998116353234,
    -0.09243614494435341,
    -0.19631321925557835,
    6.789522306206158e-05,
    0.009052003590066313,
    0.020652232308483766,
    0.06262532760321081,
    0.09258574107814123,
    0.06286210926686168,
    0.06284085331527693,
    -0.07854368769872123,
    -0.00659932745776654,
    -0.0941992979978154,
    -0.09419901088445126,
    -0.09419929370362398,
    -0.09419929336471128,
    0.059639458429152796,
    -0.013299867806475045,
    -0.0288998658635893,
    -0.010399866514291796,
    -0.010399867864595607,
    -0.010399866148495947,
    -0.010399866528629958,
    -0.010399866507390077,
    -0.021359336066930322,
    -0.032495586842167856,
    -0.033744285361034604,
    0.018819624301388754
  ],
  "pd": [
    0.04741560864556391,
    0.010882797109577635,
    0.051023946094285226,
    0.1524041032389642,
    0.2740410302247744,
    0.0019454203682607808,
    0.016205415872904985,
    0.2873700489855314,
    0.0045842578974858,
    0.004937387007236106,
    0.0072680391315881315,
    0.02957295780927114,
    0.009059366797412413,
    0.015390008655845187,
    0.008686976099857545,
    0.014979094782681193,
    0.3793633923401204,
    0.0032937315145801335,
    0.04134178795785864,
    0.1333030286661067,
    0.022934130545965374,
    0.19137671589686167,
    0.00658104249989208,
    0.04096939726030377,
    0.013129982353443223,
    0.2461309894959638,
    0.006850704729155951,
    0.061303213452653244,
    0.013393224053438907,
    0.006099502804778025,
    0.020539273128931473,
    0.040693314501771716,
    0.009913297190081338,
    0.011698204326637434,
    0.0028635560536115785,
    0.014234313387571454,
    0.004841079068213296,
    0.0035569732145758173,
    0.018099472007020265,
    0.0064076882096510196,
    0.008930956212048667,
    0.01182661491200118,
    0.00623433391940996,
    0.0241411900483846,
    0.015043300075363066,
    0.009329029026676285,
    0.1319739791075919,
    0.0548570020673931,
    0.08258084744742628,
    0.021328998228918525,
    0.014118743860744081,
    0.01580092252900918,
    0.12045554960046372,
    0.023101064306938247,
    0.003800953326766938,
    0.005675747873077657,
    0.03526796727015336,
    0.01352805516807084,
    0.0057463736950277185,
    0.014388406090007952,
    0.024089825814239105,
    0.03103683848241786,
    0.05296294593327783,
    0.31678891409236615,
    0.0550624590039751,
    0.014658068319271822,
    0.014189369682694145,
    0.3195882648532958,
    0.013495952521729904,
    0.006163708097459898,
    0.009502383316917344,
    0.004686986365776798,
    0.005065797592599855,
    0.018985505046030127,
    0.005406085643813787,
    0.0046227810730949245,
    0.03702719228963672,
    0.07811215907676784,
    0.2400635893375267,
    0.003332254690189258,
    0.013213449233929659,
    0.3374630183359295,
    0.0034028805121393193,
    0.028853858531234153,
    0.0282182261336836,
    0.010131595185199708,
    0.02297907425084269,
    0.06971410679397873,
    0.05659696549907188,
    0.2188052169305582,
    0.025277623728853775,
    0.005592280992591222,
    0.10711368978117031,
    0.011544111624200935,
    0.00394220497066706,
    0.0012455826780283547,
    0.0939323431935816,
    0.49594736279186713,
    0.028250328780024536,
    0.19424669247974144,
    0.00973352237057209,
    0.00990687666081315,
    0.15345064950967874,
    0.007447813951097377,
    0.013438167758316218,
    0.03647502677257259,
    0.007447813951097377,
    0.0527189658210867,
    0.009136413148630663,
    0.2392353410619306,
    0.17190967115571748,
    0.05813147199416868,
    0.009650055490085654,
    0.102991709990994,
    0.20560460875516495,
    0.0947413298813732,
    0.05756004488929999,
    0.008911694624244104,
    0.00929050585106716,
    0.29407950207078726,
    0.026632355404441317,
    0.024359488043502978,
    0.006921330551106011,
    0.014651647790003636,
    0.012943787004665789,
    0.006478314031601082,
    0.04945091642357932,
    0.009894035602276776,
    0.007871568882797747,
    0.013643624694898215,
    0.03327760319701527,
    0.12206068191751057,
    0.00902084362180329,
    0.019659660619189803,
    0.04378800960903803,
    0.15157585496336803,
    0.049726999182111375,
    0.009232721087653474,
    0.2988371142585141,
    0.0034670858048211936,
    0.006048138570632525,
    0.05913307456000592,
    0.012186164551019675,
    0.007255198073051756,
    0.04983614817967055,
    0.01350879358026628,
    0.10779426588359818,
    0.004699827424313173,
    0.016481498631437042,
    0.0020738309536245283,
    0.023146008011815558,
    0.33862513413347145,
    0.14117459754890443,
    0.24125138725214135,
    0.03449750375797087,
    0.014414088207080702,
    0.012905263829056664,
    0.004552155251144863,
    0.006105923334046212,
    0.049328926367483754
  ],