{
  "hour": 2,
  "dispatch": 1,
  "load": 0.6719058808879816,
  "wind": 0.2684199360904067,
  "solar": 3.456799759184725e-05,
  "gen": [
    47,
    1,
    2,
    3,
    4,
    5,
    6,
    7,
    8,
    9,
    10,
    11,
    12,
    13,
    14,
    15,
    16,
    17,
    18,
    19,
    20,
    21,
    22,
    23,
    24,
    25,
    26,
    27,
    28,
    29,
    30,
    31,
    32,
    33,
    34,
    35,
    36,
    37,
    38,
    39,
    40,
    41,
    42,
    43,
    44,
    45,
    46,
    48,
    49
  ],
  "pg": [
    3.68113843073247,
    0.04507349767960704,
    0.04507349768101333,
    0.04507349767960712,
    0.04507349768101333,
    0.09024649767476496,
    0.2321832447182018,
    0.04676499773230072,
    0.02249359064437608,
    0.02249359064437608,
    0.02249359064437608,
    0.02249359064437608,
    0.02249359064437608,
    0.02249359064437608,
    0.0,
    0.023879997597265546,
    0.17909999759097783,
    0.17909999758850603,
    0.03183999751736713,
    0.04974999751972456,
    0.06268499751888036,
    0.17909999771511323,
    0.1814518767971149,
    0.4155140610679496,
    0.003757879105265694,
    0.35834061468069295,
    1.3488432660338795e-05,
    1.3488432660338795e-05,
    1.3488432660338795e-05,
    4.629346237500183e-05,
    4.629346237500183e-05,
    0.24802002094753578,
    5.600015609879253e-07,
    8.009405042031007e-06,
    8.009405042031007e-06,
    8.009405042031007e-06,
    8.009405042031007e-06,
    1.3790699974115193,
    0.11939999749156006,
    0.2586999974814256,
    0.09352999749111027,
    0.09352999749345728,
    0.09352999749083182,
    0.09352999749120433,
    0.09352999749106321,
    0.1741249977314439,
    0.0,
    0.671624997420157,
    0.6716249974201578
  ],
  "qg": [
    -0.4666991606984062,
    0.0025744937897523436,
    0.002747261688552316,
    0.0027199519433403043,
    0.002703331899349683,
    0.006230160818488479,
    -0.19177631956225474,
    -0.0056996868336676365,
    -0.03409967962581257,
    -0.03409968584376584,
    -0.03409967842515135,
    -0.034099688784343184,
    -0.034099688661302544,
    -0.03409967746340667,
    0.0007341517070373932,
    0.0014654269363564363,
    0.008469224203503163,
    0.01056866309827486,
    -0.003599535654860011,
    -0.005499568327379605,
    -0.006999568575720397,
    -0.021999775915054306,
    -0.07530169648296102,
    -0.15901789886806023,
    0.0007183042616311635,
    0.04066758332472729,
    0.023551269215857464,
    0.07143342617665432,
    0.1055922768314422,
    0.08461586241475529,
    0.08457744534321117,
    -0.06709267338028074,
    -0.006598790872800448,
    -0.09419869234156703,
    -0.09419738785550479,
    -0.09419868426154981,
    -0.09419868364423235,
    0.08339416693877698,
    -0.013299849902459025,
    -0.028899847795163514,
    -0.010399848474994856,
    -0.010399849969207803,
    -0.01039984807544739,
    -0.010399848492001958,
    -0.010399848466795663,
    -0.020837364757306617,
    -0.03247194596378319,
    -0.029126302473404177,
    0.023236711400804622
  ],
  "pd": [
    0.049620249303577446,
    0.011388804681051289,
    0.0533963603541679,
    0.1594902989463802,
    0.2867828680806083,
    0.0020358748190905844,
    0.016958904433612657,
    0.3007316341678428,
    0.0047974079895401886,
    0.005166956224028579,
    0.007605974571651952,
    0.030947984873700433,
    0.00948059197932942,
    0.01610558396488492,
    0.009090886568414391,
    0.015675564201116612,
    0.3970023087814728,
    0.003446877168955346,
    0.043264019670377137,
    0.13950109898996274,
    0.024000478065318704,
    0.20027498591628068,
    0.0068870352791018125,
    0.042874314259462115,
    0.013740475264159224,
    0.2575751194384078,
    0.007169235749074764,
    0.06415357350718448,
    0.014015956675323297,
    0.006383105868435826,
    0.02149426912960653,
    0.04258539473068028,
    0.010374226800910437,
    0.012242125149779026,
    0.0029967002287603984,
    0.014896153379286552,
    0.005066170341895382,
    0.003722358580119419,
    0.018941026782232202,
    0.006705620691262056,
    0.009346210803151825,
    0.012376506325956622,
    0.006524206103422301,
    0.0252636611213881,
    0.01574275478920541,
    0.009762792449302372,
    0.13811025381652464,
    0.057407638463069156,
    0.0864205343998122,
    0.02232071336309875,
    0.014775210320726716,
    0.016535603728653227,
    0.12605626231339423,
    0.024175173594349578,
    0.003977682814856851,
    0.005939647987049758,
    0.036907790037176834,
    0.014157056910309771,
    0.0060135576339474354,
    0.015057410790699667,
    0.02520990865091707,
    0.03247993028212502,
    0.05542551611444961,
    0.3315183616301302,
    0.05762264834495331,
    0.01533961126067262,
    0.014849119967624395,
    0.3344478712708017,
    0.014123461616265374,
    0.006450296456524623,
    0.009944207037142128,
    0.004904912930482266,
    0.005301337400206176,
    0.019868256897857615,
    0.005657447517076805,
    0.004837722342393468,
    0.03874881215080991,
    0.08174406946883185,
    0.25122560886401635,
    0.0034871915218086247,
    0.013827823028674663,
    0.3531537309947232,
    0.0035611011687063025,
    0.030195450287105897,
    0.029530263465026796,
    0.01060267480041235,
    0.024047511476980865,
    0.07295554054681705,
    0.05922850340027558,
    0.22897880514781524,
    0.02645293453055984,
    0.00585230022253432,
    0.11209405810854198,
    0.01208086773836591,
    0.004125502108652207,
    0.0013034974089226844,
    0.09829983037391173,
    0.5190069786331125,
    0.02956385875907119,
    0.20327840520384996,
    0.010186093154261801,
    0.010367507742101557,
    0.1605855055322276,
    0.007794108218300587,
    0.014062990086985456,
    0.038170973093246234,
    0.007794108218300587,
    0.05517019187971217,
    0.009561220685035978,
    0.2503588502776709,
    0.17990279960775707,
    0.06083435845559786,
    0.010098745389746365,
    0.10778042235324113,
    0.21516442023675836,
    0.09914643178383056,
    0.06023636222160755,
    0.009326053626725185,
    0.009722478096449095,
    0.30775305062312225,
    0.02787065593923348,
    0.025492109120890026,
    0.007243145395972442,
    0.015332892201863742,
    0.01354562255870171,
    0.006779530338159735,
    0.05175019094599235,
    0.010354069624483797,
    0.008237566099686655,
    0.01427799996886961,
    0.03482488180642409,
    0.12773602701561418,
    0.009440277626476142,
    0.020573758072789997,
    0.04582398107656035,
    0.1586235403600347,
    0.052039110474774185,
    0.009662006567169177,
    0.31273187320050216,
    0.003628291756795101,
    0.006329353397964786,
    0.06188253162978312,
    0.012752773619253891,
    0.007592536454034192,
    0.05215333447452513,
    0.014136899733883133,
    0.11280627834228324,
    0.004918351048100025,
    0.01724782396239449,
    0.0021702559952681806,
    0.02422220700601174,
    0.35436988063913044,
    0.1477386650896494,
    0.2524686347436591,
    0.03610150298011126,
    0.015084287025935188,
    0.013505308205848431,
    0.0047638126954957895,
    0.006389824927244705,
    0.05162252882862363
  ],