{
  "hour": 2,
  "dispatch": 2,
  "load": 0.670081930972545,
  "wind": 0.29794672409267725,
  "solar": 0.00010750391668425097,
  "gen": [
    47,
    1,
    2,
    3,
    4,
    5,
    6,
    7,
    8,
    9,
    10,
    11,
    12,
    13,
    14,
    15,
    16,
    17,
    18,
    19,
    20,
    21,
    22,
    23,
    24,
    25,
    26,
    27,
    28,
    29,
    30,
    31,
    32,
    33,
    34,
    35,
    36,
    37,
    38,
    39,
    40,
    41,
    42,
    43,
    44,
    45,
    46,
    48,
    49
  ],
  "pg": [
    3.4777817050867066,
    0.04507349611796536,
    0.045073496120317656,
    0.04507349611796561,
    0.04507349612031769,
    0.09024649610987184,
    0.25772391634016584,
    0.046764996209103085,
    0.024967935478966353,
    0.024967935478966353,
    0.024967935478966353,
    0.024967935478966353,
    0.024967935478966353,
    0.024967935478966353,
    0.0,
    0.02387999598184392,
    0.1790999959713469,
    0.17909999596720907,
    0.03183999585236616,
    0.04974999585625369,
    0.06268499585484226,
    0.1790999961811115,
    0.20141198548664976,
    0.4612215288954644,
    0.004171254137297482,
    0.3977588766637241,
    4.194802829019473e-05,
    4.194802829019473e-05,
    4.194802829019473e-05,
    0.0001439692452235489,
    0.0001439692452235489,
    0.2753027730616338,
    1.7415634502848656e-06,
    2.490865749574095e-05,
    2.490865749574095e-05,
    2.490865749574095e-05,
    2.490865749574095e-05,
    1.3790699956729846,
    0.11939999580794985,
    0.25869999579093217,
    0.09352999580717486,
    0.09352999581111651,
    0.09352999580669856,
    0.0935299958073307,
    0.09352999580709691,
    0.17412499620854954,
    0.0,
    0.6716249956867878,
    0.6716249956867906
  ],
  "qg": [
    -0.4666986938615282,
    0.0025950342385916854,
    0.0027734541008685607,
    0.002740151668007966,
    0.0027296501265754443,
    0.006251826326021847,
    -0.18804349458737069,
    -0.005699474318420505,
    -0.034099462532095975,
    -0.03409947318465792,
    -0.034099460548558266,
    -0.03409947816506594,
    -0.03409947796341351,
    -0.034099458966822066,
    0.0007322418392741037,
    0.0014611599129319074,
    0.008417945196911037,
    0.010529214559864844,
    -0.003599245883543254,
    -0.005499299983004781,
    -0.006999300719191585,
    -0.02199962499159164,
    -0.08090868954629354,
    -0.17025866846149895,
    0.0005647258314141533,
    0.03498372238043738,
    0.02332708051825342,
    0.070751839246706,
    0.10458583883065539,
    0.08239393390119322,
    0.08235763721171299,
    -0.06777624728175834,
    -0.00659802631825826,
    -0.09419797538855171,
    -0.09419633670666885,
    -0.09419796168512139,
    -0.09419796061224747,
    0.07970160861647418,
    -0.013299747010375845,
    -0.028899743383728752,
    -0.010399744534136108,
    -0.010399747104281775,
    -0.010399743840088555,
    -0.010399744561263403,
    -0.010399744521098977,
    -0.020885770459882946,
    -0.03246305678881146,
    -0.029624327286805256,
    0.022750900930377724
  ],
  "pd": [
    0.049485550602322445,
    0.011357888729984637,
    0.05325141105438815,
    0.159057347954953,
    0.28600436977770166,
    0.0020303482508468116,
    0.016912867937747034,
    0.29991527066469165,
    0.004784384987143971,
    0.005152930049178871,
    0.007585327458609209,
    0.03086397374059542,
    0.009454856046022609,
    0.016061863885411903,
    0.009066208526058534,
    0.015633011449589476,
    0.3959246097344379,
    0.003437520305889156,
    0.043146575535322175,
    0.13912241050851978,
    0.02393532657433931,
    0.1997313211649865,
    0.006868339792468587,
    0.0427579280153581,
    0.013703175488388545,
    0.2568759082383251,
    0.007149774203477056,
    0.0639794227692586,
    0.013977909080087288,
    0.006365778344239177,
    0.02143592097181171,
    0.04246979278503991,
    0.010346065014216095,
    0.01220889278231977,
    0.002988565412137551,
    0.014855716409661322,
    0.0050524177595329895,
    0.0037122538975879,
    0.018889609634116043,
    0.006687417671105998,
    0.009320839659828101,
    0.012342909168514278,
    0.0065064955497434115,
    0.025195080604567682,
    0.01570001964268673,
    0.009736290457031078,
    0.13773534091140663,
    0.05725180018229425,
    0.08618593796168875,
    0.022260121746907943,
    0.014735101662086263,
    0.016490716321234333,
    0.12571407106975915,
    0.024109547876392166,
    0.003966885031357466,
    0.005923524269797298,
    0.0368076004683219,
    0.014118626285591521,
    0.0059972332822042776,
    0.015016536073094732,
    0.025141474050089888,
    0.032391760543212814,
    0.05527505848592524,
    0.33061842474185377,
    0.05746622640020546,
    0.015297970484103201,
    0.014808810674493245,
    0.33353998196089396,
    0.014085122189042896,
    0.006432786537336432,
    0.009917212578393666,
    0.004891598096099578,
    0.00528694643537338,
    0.019814322698858154,
    0.005642089858788829,
    0.004824589903002324,
    0.038643624959186676,
    0.08152216772211983,
    0.25054363399063456,
    0.0034777252217475085,
    0.013790286139414977,
    0.3521950629191697,
    0.0035514342341544883,
    0.030113481977906174,
    0.029450100866243355,
    0.010573892870746759,
    0.023982232309507388,
    0.07275749606499893,
    0.05906772221522984,
    0.22835722125613359,
    0.026381125622389097,
    0.005836413618770867,
    0.11178976854414968,
    0.012048073118886359,
    0.004114303056171426,
    0.0012999589460867373,
    0.09803298650128334,
    0.5175980867604326,
    0.029483604962791978,
    0.20272658739643373,
    0.010158442073543782,
    0.010339364194906369,
    0.16014958150243824,
    0.007772950399281521,
    0.014024814815255367,
    0.03806735449855028,
    0.007772950399281521,
    0.05502042735215567,
    0.009535265877739315,
    0.24967922829968006,
    0.17941443701789891,
    0.06066921803025423,
    0.01007133142251735,
    0.10748784254730594,
    0.21458033675533808,
    0.09887728973430873,
    0.06007284511168865,
    0.009300737201898925,
    0.009696085541172727,
    0.3069176268433548,
    0.027794998496741167,
    0.02542290846109836,
    0.007223483215884035,
    0.015291269664793477,
    0.013508851728406508,
    0.006761126683512979,
    0.05160971032350542,
    0.010325962556286919,
    0.008215204473723401,
    0.014239241033166582,
    0.03473034648230701,
    0.12738927589719054,
    0.009414651130164257,
    0.02051790872637933,
    0.04569958769232756,
    0.15819294226399844,
    0.05189784555382361,
    0.009635778167385197,
    0.31188293395186134,
    0.003618442427251743,
    0.006312171789761374,
    0.061714545842571404,
    0.012718155049858904,
    0.007571925819989758,
    0.052011759482088936,
    0.014098523827662347,
    0.11250005539098058,
    0.00490499973471903,
    0.017201003168065228,
    0.00216436463704132,
    0.024156453611560245,
    0.35340791121423,
    0.14733761498224318,
    0.2517832855629338,
    0.03600350215115484,
    0.015043339350333636,
    0.013468646812548155,
    0.004750880890595344,
    0.006372479163548902,
    0.05148239475662063
  ],