{
  "hour": 3,
  "dispatch": 2,
  "load": 0.6751198847745161,
  "wind": 0.3948404873528294,
  "solar": 5.268042117131965e-05,
  "gen": [
    47,
    1,
    2,
    3,
    4,
    5,
    6,
    7,
    8,
    9,
    10,
    11,
    12,
    13,
    14,
    15,
    16,
    17,
    18,
    19,
    20,
    21,
    22,
    23,
    24,
    25,
    26,
    27,
    28,
    29,
    30,
    31,
    32,
    33,
    34,
    35,
    36,
    37,
    38,
    39,
    40,
    41,
    42,
    43,
    44,
    45,
    46,
    48,
    49
  ],
  "pg": [
    2.979569983072445,
    0.04507349792787283,
    0.04507349792912546,
    0.04507349792787288,
    0.04507349792912546,
    0.09024649792355106,
    0.3415370215601975,
    0.046764997981630876,
    0.03308763284016711,
    0.03308763284016711,
    0.03308763284016711,
    0.03308763284016711,
    0.03308763284016711,
    0.03308763284016711,
    0.0,
    0.023879997859674883,
    0.17909999785403558,
    0.17909999785182823,
    0.03183999779514862,
    0.049749997797139345,
    0.06268499779638259,
    0.17909999796780865,
    0.26691216945051266,
    0.6112130744221799,
    0.005527766822939611,
    0.5271120506160272,
    2.0555900341048923e-05,
    2.0555900341048923e-05,
    2.0555900341048923e-05,
    7.054962003263128e-05,
    7.054962003263128e-05,
    0.3648326103140144,
    8.534228229753783e-07,
    1.2206053585394764e-05,
    1.2206053585394764e-05,
    1.2206053585394764e-05,
    1.2206053585394764e-05,
    1.3790699976979028,
    0.11939999776980076,
    0.25869999776065056,
    0.0935299977693662,
    0.09352999777148455,
    0.09352999776910101,
    0.09352999776944766,
    0.09352999776932547,
    0.17412499798375813,
    0.0,
    0.6716249977025806,
    0.6716249977025811
  ],
  "qg": [
    -0.46669939309850206,
    0.002837470978224405,
    0.003078034493622928,
    0.0029823205356392457,
    0.003034274109282886,
    0.006553718420953019,
    -0.1757057715928629,
    -0.005699719972602493,
    -0.034099713362644335,
    -0.03409971900080419,
    -0.03409971230415765,
    -0.034099721644132455,
    -0.03409972153465068,
    -0.03409971145712281,
    0.0007549582042337827,
    0.0014766786601922762,
    0.008572397966861696,
    0.010653661185571954,
    -0.003599628125841017,
    -0.005499650988807399,
    -0.006999651109268565,
    -0.02199980022517018,
    -0.08988222940504378,
    -0.18622910311558374,
    0.00036344387949599667,
    0.0319159353388901,
    0.02369190559313022,
    0.07186098366113032,
    0.10622344207503043,
    0.08375942554811883,
    0.08372173531907197,
    -0.06373621211125939,
    -0.006599119426576661,
    -0.09419906284593652,
    -0.09419840989065813,
    -0.0941990570002032,
    -0.09419905654657429,
    0.07774322218355821,
    -0.013299863065908102,
    -0.028899861007668847,
    -0.010399861708004714,
    -0.010399863125328278,
    -0.010399861321558249,
    -0.010399861722497567,
    -0.010399861701035207,
    -0.021124651813914916,
    -0.03248550399890071,
    -0.029305698433265727,
    0.0230409725036202
  ],
  "pd": [
    0.049857603490598014,
    0.011443282046928047,
    0.053651777243030795,
    0.1602532070489269,
    0.288154669219459,
    0.002045613250866784,
    0.017040025891708787,
    0.3021701580273779,
    0.004820355977290045,
    0.005191671913916029,
    0.007642357095647523,
    0.03109602189271421,
    0.009525941574168422,
    0.01618262363804515,
    0.009134372040999204,
    0.01575054691178946,
    0.39890133511787057,
    0.0034633650088932676,
    0.043470969380631094,
    0.14016839047688504,
    0.024115282284145716,
    0.20123298405474002,
    0.00691997881893879,
    0.043079399847461876,
    0.013806201643638855,
    0.2588072078283108,
    0.007203529170544088,
    0.0644604465982708,
    0.014083000796396407,
    0.006413638905357903,
    0.021597085113936768,
    0.04278909829700884,
    0.010423851020918529,
    0.012300684300591684,
    0.003011034686094342,
    0.014967407845451022,
    0.005090403931199851,
    0.0037401641616508197,
    0.01903162955179361,
    0.006737696450049671,
    0.00939091759721352,
    0.012435708277546587,
    0.006555414081160551,
    0.0253845076675218,
    0.015818058900266913,
    0.009809491925773718,
    0.1387708923154018,
    0.05768224295513466,
    0.08683391957969827,
    0.022427482572209424,
    0.01484588626619161,
    0.016614700364300843,
    0.12665924158254696,
    0.02429081345418709,
    0.003996709717865136,
    0.005968059781406723,
    0.037084335270664175,
    0.014224775972199054,
    0.006042322968731919,
    0.015129436617796905,
    0.025330498076739844,
    0.032635295230000104,
    0.05569063929504984,
    0.33310415114774633,
    0.0578982813182625,
    0.015412986969402203,
    0.014920149453516808,
    0.3360476738453631,
    0.01419101997796033,
    0.0064811508938353544,
    0.00999177429466284,
    0.004928375158853968,
    0.005326695890870933,
    0.019963294992782443,
    0.005684509429801426,
    0.004860863170376516,
    0.038934163754946356,
    0.08213508518166764,
    0.2524273249171916,
    0.003503872201979739,
    0.013893967228659543,
    0.3548430114374857,
    0.0035781353893049356,
    0.030339887621766756,
    0.029671518935839986,
    0.010653391781741864,
    0.024162540676079935,
    0.07330451708881695,
    0.05951181784287359,
    0.23007410553230734,
    0.0265794698635727,
    0.005880294196386036,
    0.11263025037693253,
    0.0121386555282458,
    0.004145236092515529,
    0.0013097325764625614,
    0.09877003914251171,
    0.5214896037952272,
    0.02970527493007871,
    0.20425076993968208,
    0.010234817453181664,
    0.010417099822070784,
    0.16135365246110936,
    0.007831390663384386,
    0.014130259188330623,
    0.03835356065404026,
    0.007831390663384386,
    0.05543409373883552,
    0.009606955960341364,
    0.2515564202658325,
    0.1807633491483767,
    0.061125354367484695,
    0.010147051868160978,
    0.10829598071668013,
    0.2161936407013433,
    0.0996206901973276,
    0.060524497670035364,
    0.009370664000670284,
    0.009768984732687249,
    0.3092251608232716,
    0.02800397282044693,
    0.02561404842834514,
    0.007277792357869284,
    0.015406235770554458,
    0.013610416877054245,
    0.0068119596373748675,
    0.05199773352533323,
    0.010403597424375294,
    0.008276969787335567,
    0.014346297551458468,
    0.03499146362786317,
    0.12834704129448327,
    0.009485434381081952,
    0.020672170871795684,
    0.046043176141622,
    0.1593823023975678,
    0.05228803507578628,
    0.009708223943057542,
    0.3142277991694508,
    0.003645647377782387,
    0.006359629314575941,
    0.06217854138773295,
    0.012813775413020317,
    0.007628854697952031,
    0.05240280545619794,
    0.01420452237565582,
    0.11334587745479352,
    0.004941877556549458,
    0.017330327442161828,
    0.002180637227821687,
    0.024338071846121304,
    0.3560649784289276,
    0.1484453602642206,
    0.2536762967040244,
    0.03627419140893475,
    0.015156441413187888,
    0.013569909683967775,
    0.004786599983051319,
    0.006420390104205648,
    0.05186946074722607
  ],