{
  "hour": 4,
  "dispatch": 1,
  "load": 0.671504101938093,
  "wind": 0.4703659398343824,
  "solar": 9.650428972422886e-05,
  "gen": [
    47,
    1,
    2,
    3,
    4,
    5,
    6,
    7,
    8,
    9,
    10,
    11,
    12,
    13,
    14,
    15,
    16,
    17,
    18,
    19,
    20,
    21,
    22,
    23,
    24,
    25,
    26,
    27,
    28,
    29,
    30,
    31,
    32,
    33,
    34,
    35,
    36,
    37,
    38,
    39,
    40,
    41,
    42,
    43,
    44,
    45,
    46,
    48,
    49
  ],
  "pg": [
    2.4786595598858367,
    0.04507349707326889,
    0.0450734970750358,
    0.04507349707326911,
    0.04507349707503578,
    0.09024649706716824,
    0.40686653795674077,
    0.04676499715486198,
    0.03941666575812125,
    0.03941666575812125,
    0.03941666575812125,
    0.03941666575812125,
    0.03941666575812125,
    0.03941666575812125,
    0.0,
    0.023879996980335848,
    0.17909999697235254,
    0.17909999696923207,
    0.03183999689680941,
    0.049749996899519734,
    0.0626849968984493,
    0.17909999713677635,
    0.3179673753280425,
    0.728126474863624,
    0.006585123157681354,
    0.6279385296789005,
    3.76559738503941e-05,
    3.76559738503941e-05,
    3.76559738503941e-05,
    0.00012923854479868728,
    0.00012923854479868728,
    0.43461812840696934,
    1.5633694935325075e-06,
    2.2360043929103827e-05,
    2.2360043929103827e-05,
    2.2360043929103827e-05,
    2.2360043929103827e-05,
    1.379069996755417,
    0.11939999685865013,
    0.2586999968456515,
    0.09352999685801242,
    0.09352999686102036,
    0.09352999685762572,
    0.09352999685812557,
    0.09352999685795585,
    0.17412499715972488,
    0.0,
    0.6716249967605653,
    0.6716249967605671
  ],
  "qg": [
    -0.4666992343236883,
    0.0029770115725478857,
    0.003253703184098086,
    0.003121391508567796,
    0.003210088832011192,
    0.00672357951547081,
    -0.1644669618182094,
    -0.005699605926205118,
    -0.034099596691537,
    -0.034099604700261604,
    -0.034099595227458784,
    -0.03409960842395643,
    -0.03409960827212146,
    -0.034099594059173906,
    0.000738852889451255,
    0.0014658636737981457,
    0.00846432446313498,
    0.010569164030051011,
    -0.003599507607873822,
    -0.005499536197027318,
    -0.006999536407230826,
    -0.02199971899683703,
    -0.0989892164687633,
    -0.20255508233128933,
    8.210060870070505e-05,
    0.024660527461713665,
    0.02323794361334073,
    0.07048123932055278,
    0.10418625627965479,
    0.07942529777942635,
    0.07939146907203345,
    -0.061210040878468555,
    -0.0065988663675126714,
    -0.0941988030684351,
    -0.09419811581820868,
    -0.09419879583173801,
    -0.09419879526891052,
    0.07049810684362563,
    -0.013299804474939059,
    -0.02889980143305128,
    -0.010399802475136619,
    -0.01039980455041671,
    -0.010399801902457793,
    -0.010399802494574655,
    -0.010399802465818698,
    -0.021222316056800406,
    -0.03248636622434056,
    -0.029929473269789172,
    0.022424444313722307
  ],
  "pd": [
    0.04959057792812816,
    0.011381994527850676,
    0.05336443098102025,
    0.15939492867704513,
    0.28661138078921683,
    0.0020346574288724216,
    0.016948763532917466,
    0.3005518059454516,
    0.004794539287837983,
    0.0051638665439039345,
    0.007601426433939212,
    0.03092947893526856,
    0.009474922878346491,
    0.016095953323456088,
    0.009085450499222398,
    0.015666190698215707,
    0.3967649136711416,
    0.003444816042942417,
    0.043238149123793805,
    0.13941768164438686,
    0.02398612652122868,
    0.20015522766468738,
    0.006882917044865453,
    0.04284867674466972,
    0.013732258884634,
    0.25742109747796793,
    0.007164948767679452,
    0.0641152116530491,
    0.014007575566428619,
    0.006379288968411883,
    0.021481416220999593,
    0.04255992998083633,
    0.010368023333924156,
    0.012234804737312054,
    0.002994908294643895,
    0.01488724593996752,
    0.005063140928613221,
    0.0037201327247370353,
    0.01892970063363484,
    0.006701610937342168,
    0.009340622057958874,
    0.012369105557699671,
    0.006520304829818882,
    0.025248554232872287,
    0.01573334110840952,
    0.009756954601160491,
    0.13802766815337503,
    0.05737331046959066,
    0.08636885759127752,
    0.02230736626638345,
    0.014766375201618663,
    0.01652571594869647,
    0.12598088456460563,
    0.024160717587732583,
    0.00397530428347351,
    0.005936096261132742,
    0.03688572031945945,
    0.014148591427835618,
    0.006009961712345932,
    0.015048406924432663,
    0.025194833904717245,
    0.03246050828768741,
    0.055392373368873295,
    0.33132012389625515,
    0.057588191782210855,
    0.015330438647246663,
    0.014840240652831856,
    0.33424788178070514,
    0.014115016222738714,
    0.006446439378605692,
    0.009938260708683776,
    0.004901979944148079,
    0.005298167364291554,
    0.01985637629430941,
    0.005654064538318743,
    0.004834829533954269,
    0.03872564155876983,
    0.0816951890417884,
    0.251075383714653,
    0.0034851062890587027,
    0.013819554417885955,
    0.3529425559786617,
    0.0035589717402718926,
    0.0301773943410979,
    0.029512605280179186,
    0.010596334728583106,
    0.024033131808364347,
    0.07291191538843814,
    0.05919308658584289,
    0.22884188289948268,
    0.02643711649330272,
    0.00584880072788079,
    0.11202702932633206,
    0.012073643752846912,
    0.004123035185899891,
    0.0013027179577599004,
    0.098241050113543,
    0.5186966285010606,
    0.02954618048527609,
    0.20315685100035064,
    0.010180002185381488,
    0.010361308292904773,
    0.1604894803632042,
    0.0077894475824818775,
    0.014054580853564286,
    0.03814814803110306,
    0.0077894475824818775,
    0.055137201810136816,
    0.009555503370579062,
    0.25020914342315287,
    0.1797952232939244,
    0.06079798138947494,
    0.010092706652129538,
    0.1077159729918895,
    0.21503575856363552,
    0.09908714528198499,
    0.06020034273875003,
    0.009320476934900731,
    0.009716664355044206,
    0.3075690238107047,
    0.0278539901483921,
    0.025476865627531247,
    0.0072388142188926415,
    0.015323723606227281,
    0.013537522695071955,
    0.006775476388555358,
    0.051719245931271925,
    0.010347878210866012,
    0.00823264028976102,
    0.014269462166184476,
    0.03480405760345136,
    0.12765964481945086,
    0.009434632632230206,
    0.020561455601344408,
    0.045796579752177935,
    0.15852868838554499,
    0.0520079926951053,
    0.009656228985869778,
    0.312544869206066,
    0.0036261221504657022,
    0.0063255686402568356,
    0.06184552778849837,
    0.012745147854785005,
    0.00758799635190045,
    0.05212214839243477,
    0.014128446304777475,
    0.11273882367438644,
    0.00491541002618684,
    0.017237510296750844,
    0.00216895824926004,
    0.02420772287486825,
    0.35415797840316965,
    0.14765032193414787,
    0.25231766630323843,
    0.03607991539713373,
    0.015075267088510187,
    0.01349723244895567,
    0.004760964082741079,
    0.006386004009431264,
    0.05159166015190368
  ],