{
  "hour": 5,
  "dispatch": 3,
  "load": 0.6640027933459658,
  "wind": 0.7045287113553435,
  "solar": 0.00012631920109837093,
  "gen": [
    47,
    1,
    2,
    3,
    4,
    5,
    6,
    7,
    8,
    9,
    10,
    11,
    12,
    13,
    14,
    15,
    16,
    17,
    18,
    19,
    20,
    21,
    22,
    23,
    24,
    25,
    26,
    27,
    28,
    29,
    30,
    31,
    32,
    33,
    34,
    35,
    36,
    37,
    38,
    39,
    40,
    41,
    42,
    43,
    44,
    45,
    46,
    48,
    49
  ],
  "pg": [
    0.9910245791365591,
    0.04507349823688628,
    0.045073498237945396,
    0.045073498236886334,
    0.04507349823794539,
    0.09024649823321258,
    0.6094173353223721,
    0.04676499829645946,
    0.05903950601157779,
    0.05903950601157779,
    0.05903950601157779,
    0.05903950601157779,
    0.05903950601157779,
    0.05903950601157779,
    0.0,
    0.023879998187607443,
    0.17909999818273056,
    0.17909999818085068,
    0.03183999815060536,
    0.049749998152093654,
    0.06268499815144546,
    0.17909999828817663,
    0.4762614088762121,
    1.0906104451780716,
    0.009863401958974808,
    0.9405458296593835,
    4.9289752268584335e-05,
    4.9289752268584335e-05,
    4.9289752268584335e-05,
    0.00016916667411093835,
    0.00016916667411093835,
    0.6509845292923374,
    2.046371057793609e-06,
    2.9268158894492543e-05,
    2.9268158894492543e-05,
    2.9268158894492543e-05,
    2.9268158894492543e-05,
    1.3790699980587462,
    0.11939999812333683,
    0.25869999811546945,
    0.09352999812294498,
    0.09352999812475912,
    0.09352999812270582,
    0.09352999812301174,
    0.09352999812291159,
    0.17412499830314274,
    0.0,
    0.6716249980586849,
    0.6716249980586854
  ],
  "qg": [
    -0.4666996211869924,
    0.0036943432887481748,
    0.004154237104652223,
    0.003837718112578912,
    0.004110870738128875,
    0.007617534555980338,
    -0.12447018396675977,
    -0.005699768412331421,
    -0.03409976282473417,
    -0.034099767513071894,
    -0.03409976199926598,
    -0.03409976966662595,
    -0.03409976957866586,
    -0.034099761343612735,
    0.0006727346808088146,
    0.0014371666798549084,
    0.008203153836732221,
    0.010358277167716893,
    -0.003599741534908221,
    -0.005499754009447475,
    -0.006999754031096256,
    -0.0219998334112832,
    -0.10993731721442587,
    -0.21237913359224922,
    -0.0004399122761326292,
    0.02620047951648208,
    0.022247377098749875,
    0.0674713060645286,
    0.09974214243515275,
    0.07057369201962477,
    0.07054692753381772,
    -0.039534939755062004,
    -0.0065994794800490145,
    -0.0941994556041363,
    -0.09419927574283919,
    -0.09419945222765097,
    -0.09419945195987164,
    0.055499647759942594,
    -0.013299881801031734,
    -0.02889987989535375,
    -0.010399880576588938,
    -0.01039988185111299,
    -0.010399880222267677,
    -0.010399880588134536,
    -0.010399880571054248,
    -0.021378006691847598,
    -0.03249712115820487,
    -0.029627911445177322,
    0.022651490709923852
  ],
  "pd": [
    0.04903660628859957,
    0.01125484734721412,
    0.0527683019872039,
    0.1576143430565319,
    0.2834096722559251,
    0.0020119284638382764,
    0.016759430504052177,
    0.2971943702457874,
    0.0047409799444901955,
    0.0051061814808304766,
    0.007516511620676333,
    0.030583968661515182,
    0.009369079414111577,
    0.0159161469565028,
    0.008983957793970918,
    0.015491185168761383,
    0.3923326904763973,
    0.0034063343298648043,
    0.04275513986354674,
    0.13786025995448942,
    0.0237181797783179,
    0.19791931261263201,
    0.00680602863179615,
    0.04237001824340608,
    0.013578857123925,
    0.254545470829176,
    0.007084909805001456,
    0.0633989867086728,
    0.013851098269196846,
    0.006308026536786675,
    0.021241449359137445,
    0.04208449704226731,
    0.010252203129261712,
    0.012098130894763496,
    0.002961452458323008,
    0.014720941928480061,
    0.005006581061828582,
    0.003678575475136651,
    0.018718238744422775,
    0.006626747877592738,
    0.009236278855442384,
    0.01223093145343269,
    0.0064474671233893275,
    0.024966505029808305,
    0.015557585448095978,
    0.009647960587316883,
    0.13648577417226326,
    0.056732398663479316,
    0.08540403928015813,
    0.022058172794952983,
    0.014601421425677788,
    0.01634110874424422,
    0.12457356405963664,
    0.023890820504587847,
    0.003930896536608117,
    0.005869784693178338,
    0.036473673438493906,
    0.013990538855799498,
    0.0059428250004463935,
    0.014880302598883092,
    0.024913384806340633,
    0.03209789503034398,
    0.054773590423108726,
    0.3276189782368996,
    0.05694487955735003,
    0.015159183772088398,
    0.014674461732945844,
    0.3305140304158879,
    0.013957338716132202,
    0.006374426816121271,
    0.009827241341520293,
    0.00484722039142555,
    0.0052389820394996706,
    0.019634562599240207,
    0.005590903519973032,
    0.004780820112090954,
    0.03829304109226186,
    0.0807825798384702,
    0.24827064443205663,
    0.0034461744974655624,
    0.013665177487059976,
    0.34899986818263967,
    0.003519214804733619,
    0.029840285532967702,
    0.0291829227675552,
    0.01047796407899934,
    0.023764659973852117,
    0.07209742330150497,
    0.05853184623344688,
    0.22628551194437166,
    0.026141789974030674,
    0.005783464330043363,
    0.11077558601390748,
    0.011938770224360464,
    0.00407697715114423,
    0.0012881654190911736,
    0.09714360866651481,
    0.5129023176921578,
    0.029216122907222492,
    0.20088740509888847,
    0.010066282347124842,
    0.010245563101328252,
    0.15869666760968582,
    0.0077024324028132024,
    0.013897578464731065,
    0.03772199868998432,
    0.0077024324028132024,
    0.05452126936163725,
    0.009448759749313093,
    0.2474140808286404,
    0.17778674791838234,
    0.060118812909543747,
    0.009979961983989866,
    0.10651268808062637,
    0.21263361451317864,
    0.09798025218613071,
    0.05952785042346583,
    0.009216358771642005,
    0.009608120419716126,
    0.3041331994362527,
    0.027542835867990664,
    0.025192265979545943,
    0.007157950112269511,
    0.01515254374415494,
    0.01338629631385467,
    0.006699788184860795,
    0.051141495143506285,
    0.010232283045461333,
    0.00814067424642154,
    0.014110059358601774,
    0.03441526477912141,
    0.12623357104300156,
    0.00932923924651082,
    0.020331765532253472,
    0.04528499050619487,
    0.15675777945311561,
    0.051427016344645055,
    0.00954836016831499,
    0.30905346013494633,
    0.0035856150840682154,
    0.006254906313318998,
    0.06115465726716346,
    0.012602773017706431,
    0.007503231564809413,
    0.05153989681951386,
    0.01397061877199912,
    0.1114794289748542,
    0.00486050044729247,
    0.01704495170519094,
    0.0021447290225074696,
    0.023937300700122066,
    0.35020171323859584,
    0.14600093420091095,
    0.24949904959974664,
    0.03567687008647874,
    0.014906862710616933,
    0.013346456146253913,
    0.004707779804822897,
    0.006314666564720134,
    0.05101533461277055
  ],