{
  "hour": 7,
  "dispatch": 0,
  "load": 0.7075967563886967,
  "wind": 0.9268856685137694,
  "solar": 0.002269776668245927,
  "gen": [
    47,
    1,
    2,
    3,
    4,
    5,
    6,
    7,
    8,
    9,
    10,
    11,
    12,
    13,
    14,
    15,
    16,
    17,
    18,
    19,
    20,
    21,
    22,
    23,
    24,
    25,
    26,
    27,
    28,
    29,
    30,
    31,
    32,
    33,
    34,
    35,
    36,
    37,
    38,
    39,
    40,
    41,
    42,
    43,
    44,
    45,
    46,
    48,
    49
  ],
  "pg": [
    0.3343507923350385,
    0.04507349747412213,
    0.04507349747562908,
    0.04507349747412244,
    0.04507349747562902,
    0.09024649746888044,
    0.8017561032644105,
    0.0467649975728299,
    0.07767301902145389,
    0.07767301902145389,
    0.07767301902145389,
    0.07767301902145389,
    0.07767301902145389,
    0.07767301902145389,
    0.0,
    0.023879997420398813,
    0.17909999741342172,
    0.17909999741075874,
    0.03183999737086169,
    0.04974999737299444,
    0.0626849973720731,
    0.17909999756334258,
    0.6265747119153081,
    1.4348190148593154,
    0.012976399359192772,
    1.2373923674658822,
    0.0008856668559495608,
    0.0008856668559495608,
    0.0008856668559495608,
    0.0030396849141149456,
    0.0030396849141149456,
    0.856442357706723,
    3.677038202558402e-05,
    0.0005259072540325813,
    0.0005259072540325813,
    0.0005259072540325813,
    0.0005259072540325813,
    1.3790699972440823,
    0.1193999973292601,
    0.2586999973182007,
    0.0935299973287603,
    0.09352999733130124,
    0.09352999732844536,
    0.0935299973288588,
    0.09352999732871106,
    0.17412499759176156,
    0.0,
    0.6716249972314635,
    0.6716249972314644
  ],
  "qg": [
    -0.46669945450756906,
    0.005325847008100629,
    0.006196630651225253,
    0.005468583053749849,
    0.006153324824105712,
    0.009683890999289027,
    -0.07944261672874543,
    -0.005699655132166093,
    -0.034099645834921505,
    -0.034099653705902296,
    -0.03409964470690896,
    -0.03409965712039859,
    -0.0340996569963694,
    -0.03409964382372252,
    0.0009484885995889251,
    0.0015624950837540739,
    0.009405733643270549,
    0.011299389293263325,
    -0.0035996278247028475,
    -0.005499646315417585,
    -0.00699964639382815,
    -0.021999754076715738,
    -0.0873231547792742,
    -0.14609850621171822,
    0.00022031710430692685,
    0.09166245301974207,
    0.02632191819278288,
    0.07985435877405815,
    0.11802393104597086,
    0.10046680700595514,
    0.10041290578975146,
    0.01132634855202489,
    -0.006598933086535063,
    -0.09419884142148927,
    -0.09419798179837409,
    -0.09419883355551491,
    -0.09419883295047315,
    0.08117916978576964,
    -0.01329983759377928,
    -0.028899835185744984,
    -0.010399835991433291,
    -0.010399837662167875,
    -0.010399835537259967,
    -0.01039983600872466,
    -0.010399835983118132,
    -0.020901433868121218,
    -0.032474549423295404,
    -0.022082595374485373,
    0.02981647407809926
  ],
  "pd": [
    0.05225602045930525,
    0.01199376502078841,
    0.05623271423020972,
    0.16796224206398494,
    0.3020164475618235,
    0.002144018171857751,
    0.017859742131250703,
    0.31670615622445286,
    0.005052240840615294,
    0.005441419056629078,
    0.008009995282320046,
    0.032591906599263365,
    0.00998419023264451,
    0.01696109425063706,
    0.009573784113939067,
    0.016508232326548293,
    0.4180906194798253,
    0.003629971360274014,
    0.04556215514386818,
    0.14691123856142121,
    0.025275356138204245,
    0.21091336517677883,
    0.007252866752984141,
    0.04515174902516274,
    0.014470353668148847,
    0.2712572165616069,
    0.007550057390667394,
    0.06756133829999275,
    0.014760468338268213,
    0.0067221691856926185,
    0.022636020236874405,
    0.044847482419915596,
    0.010925293918641478,
    0.012892412901402054,
    0.0031558815334935876,
    0.015687420089137403,
    0.005335279543170773,
    0.00392008603039338,
    0.01994715256259736,
    0.007061815628759192,
    0.00984267088136677,
    0.013033932252679792,
    0.006870764504534245,
    0.026605638040214985,
    0.016578992002187164,
    0.010281380870327763,
    0.1454465132756966,
    0.06045706686585024,
    0.09101109480671418,
    0.023506364247232504,
    0.01556005267298744,
    0.017413956174725825,
    0.1327522274660834,
    0.025459331294865304,
    0.004188972797821084,
    0.006255155326476079,
    0.038868289828431116,
    0.014909063657109837,
    0.006332990969678835,
    0.01585724331067069,
    0.0265490302997039,
    0.03420522720382959,
    0.05836965643450359,
    0.34912823960218303,
    0.06068349782789463,
    0.016154433948353943,
    0.015637888316190198,
    0.3522133614600376,
    0.014873683819290405,
    0.006792928861331487,
    0.010472431994552712,
    0.0051654563216374854,
    0.005582938407906818,
    0.02092363608641376,
    0.005957964688792826,
    0.005094696645998616,
    0.040807104940936145,
    0.08608622138224883,
    0.2645704272137337,
    0.0036724271656573357,
    0.014562341246479378,
    0.371912855157899,
    0.0037502628088600925,
    0.03179939823210803,
    0.03109887744328322,
    0.011165876815813634,
    0.025324887911151457,
    0.07683085580868468,
    0.06237465407566361,
    0.24114189860970392,
    0.02785808429902299,
    0.006163167748145549,
    0.11804836686832627,
    0.012722589679868767,
    0.004344644084226597,
    0.0013727377073940717,
    0.10352140545966633,
    0.5465760385048849,
    0.031134257281102654,
    0.21407632267783627,
    0.010727166826852642,
    0.010918217951077589,
    0.1691156247768985,
    0.008208122374108881,
    0.014810000111215423,
    0.040198571730441855,
    0.008208122374108881,
    0.058100769667075884,
    0.010069101843411154,
    0.26365762739799237,
    0.18945903152307353,
    0.0640658103234326,
    0.01063517924852211,
    0.11350559569231083,
    0.22659370929835235,
    0.10441297737271608,
    0.06343604921024665,
    0.00982144297867511,
    0.010238925064944442,
    0.3241005423287147,
    0.02935111345500314,
    0.026846220937387155,
    0.00762789303387015,
    0.016147357980790058,
    0.014265150608796125,
    0.00713965127196195,
    0.054499102177057425,
    0.010904066015949817,
    0.008675136233325421,
    0.015036431073259806,
    0.03667473988362615,
    0.13452121935705513,
    0.009941734427261189,
    0.021666612680621894,
    0.04825809878570911,
    0.16704944224824353,
    0.05480336878230456,
    0.010175241356869459,
    0.329343834293555,
    0.003821022484498962,
    0.006665561445181522,
    0.06516966126339897,
    0.013430186436257463,
    0.007995843347192272,
    0.05492366023089063,
    0.014887835754418178,
    0.11879841943009829,
    0.00517960825676526,
    0.018164008736497844,
    0.00228553752313549,
    0.025508863067812516,
    0.37319360528696255,
    0.15558637479474663,
    0.26587948121305277,
    0.038019173720764673,
    0.015885547180926243,
    0.014222694803412803,
    0.005016861002795859,
    0.006729245153256505,
    0.05436465879334356
  ],