{
  "hour": 9,
  "dispatch": 0,
  "load": 0.9991997217812145,
  "wind": 0.36702198163930044,
  "solar": 0.2892037408519233,
  "gen": [
    47,
    1,
    2,
    3,
    4,
    5,
    6,
    7,
    8,
    9,
    10,
    11,
    12,
    13,
    14,
    15,
    16,
    17,
    18,
    19,
    20,
    21,
    22,
    23,
    24,
    25,
    26,
    27,
    28,
    29,
    30,
    31,
    32,
    33,
    34,
    35,
    36,
    37,
    38,
    39,
    40,
    41,
    42,
    43,
    44,
    45,
    46,
    48,
    49
  ],
  "pg": [
    6.6264011375970195,
    0.04507349749424828,
    0.04507349749575046,
    0.045073497494248424,
    0.045073497495750396,
    0.09024649748908457,
    0.31747401411799486,
    0.04676499755258465,
    0.03075644206137338,
    0.03075644206137338,
    0.03075644206137338,
    0.03075644206137338,
    0.03075644206137338,
    0.03075644206137338,
    0.0,
    0.023879997411241857,
    0.17909999740456523,
    0.1790999974020105,
    0.03183999729549343,
    0.04974999729896949,
    0.0626849972981069,
    0.17909999753011402,
    0.24810685958816708,
    0.5681500275776371,
    0.0051383077429502065,
    0.4899743454884661,
    0.11284729968042047,
    0.11284729968042047,
    0.11284729968042047,
    0.38730164974889564,
    0.38730164974889564,
    0.33912831103471364,
    0.004685100601801157,
    0.06700850675539062,
    0.06700850675539062,
    0.06700850675539062,
    0.06700850675539062,
    1.379069997236875,
    0.1193999972846588,
    0.25869999727460175,
    0.09352999728439823,
    0.09352999728673314,
    0.09352999728421234,
    0.09352999728451449,
    0.09352999728434011,
    0.17412499756816627,
    0.0,
    0.6716249972076541,
    0.6716249972076548
  ],
  "qg": [
    -0.11507377284048309,
    0.006832453664137198,
    0.008068299117601471,
    0.00697945313957551,
    0.008023517923427051,
    0.011681331612862984,
    -0.19197496921211743,
    -0.005699533306969881,
    -0.03409951539475589,
    -0.03409953018555526,
    -0.03409951364865449,
    -0.034099536329635395,
    -0.03409953614812579,
    -0.03409951224854015,
    0.0027804083197493774,
    0.00241675286686238,
    0.01756457066630552,
    0.017728585449061036,
    -0.003595989107101916,
    -0.005498303561680554,
    -0.006998337512311265,
    -0.021999698984050277,
    0.05637278932085946,
    0.128630286687328,
    0.003551270712373848,
    0.3039182134253259,
    0.05433865462313439,
    0.1623228869100093,
    0.23885534996242203,
    0.26933382474174977,
    0.2681901480794506,
    0.030004915829089703,
    -0.005953475337873006,
    -0.07507514284214963,
    -0.03372995622576288,
    -0.07541266654047801,
    -0.07543956628035081,
    0.19284152910979413,
    -0.0132998571047041,
    -0.028899855745047484,
    -0.010399856029087905,
    -0.01039985718328176,
    -0.010399855757140752,
    -0.010399856050670462,
    -0.01039985601858336,
    0.013728557510155502,
    0.014063770491553662,
    0.005214090835878501,
    0.0560718854021438
  ],
  "pd": [
    0.0737908994535427,
    0.016936435284191587,
    0.07940640188995311,
    0.2371800379592069,
    0.42647842525065793,
    0.00302757515699708,
    0.025219800977757854,
    0.447221811474836,
    0.007134286013517871,
    0.0076838458604975395,
    0.01131094085056335,
    0.046023139185242735,
    0.014098708074332935,
    0.023950817331095713,
    0.013519172235699832,
    0.023311329509155734,
    0.5903871476116483,
    0.0051258945727376305,
    0.0643384700854924,
    0.20745384623621577,
    0.03569141406202499,
    0.29783146107132663,
    0.01024179714825745,
    0.0637589342468593,
    0.020433634310425837,
    0.3830432133448286,
    0.01066146103140556,
    0.09540358943567036,
    0.020843306196356135,
    0.009492397356921537,
    0.03196439909978105,
    0.06332927836649338,
    0.015427643704301953,
    0.01820541893085373,
    0.004456430759144217,
    0.022152257831889524,
    0.007533965902230357,
    0.005535566458667929,
    0.028167440157012436,
    0.00997201322337652,
    0.013898868129976694,
    0.01840525887520997,
    0.009702229298495593,
    0.037569909538973656,
    0.023411249481333857,
    0.014518371957481046,
    0.20538550281212867,
    0.08537162422898698,
    0.12851706821549982,
    0.03319341475757195,
    0.021972401881968907,
    0.024590305153035688,
    0.18745985980337365,
    0.035951205989688095,
    0.00591526235294479,
    0.008832925540545936,
    0.054886040717442124,
    0.021053138137930187,
    0.00894283750994187,
    0.022392065765117018,
    0.03748997356123117,
    0.0483013145509039,
    0.08242398504973239,
    0.49300514272685136,
    0.08569136813995697,
    0.02281172964826513,
    0.022082313851364842,
    0.49736165351381734,
    0.02100317815184113,
    0.009592317329099658,
    0.014788155882361976,
    0.007294157969002866,
    0.007883685804853784,
    0.029546335773070514,
    0.008413261657397827,
    0.007194237996824744,
    0.05762384795512265,
    0.12156263815190256,
    0.3736007759739961,
    0.005185846556044504,
    0.020563530274257395,
    0.5251793737682064,
    0.005295758525440437,
    0.04490403549684778,
    0.04391482777228438,
    0.015767371609707564,
    0.03576135804254967,
    0.10849310579100427,
    0.08807945547501406,
    0.3405172731858201,
    0.03933849304652642,
    0.008703029576714379,
    0.16669648958476002,
    0.017965610997626235,
    0.006135086291736657,
    0.0019384474602555564,
    0.1461829192965917,
    0.7718218330926814,
    0.04396478775837344,
    0.30229788382768863,
    0.015147867782203213,
    0.015417651707084139,
    0.23880873350571027,
    0.011590716772662088,
    0.02091325017688082,
    0.0567645361943908,
    0.011590716772662088,
    0.08204428915545553,
    0.014218612040946682,
    0.37231180833289845,
    0.2675357255069202,
    0.09046754281007117,
    0.015017971818371655,
    0.1602816273709246,
    0.31997372690599835,
    0.147441910946036,
    0.08957825505768588,
    0.013868892138323258,
    0.014458419974174174,
    0.45766344856744967,
    0.04144680445948478,
    0.03790963744437928,
    0.010771373000801492,
    0.022801737651047316,
    0.020143866391109287,
    0.010081925192772455,
    0.07695836257158915,
    0.015397667712648515,
    0.01225018858903769,
    0.02123299408785081,
    0.05178852157992035,
    0.1899578591078267,
    0.014038756091026065,
    0.03059549548094079,
    0.06814542102547883,
    0.23589107031810913,
    0.07738801845195507,
    0.014368491999213865,
    0.4650675185058485,
    0.0053956784976185584,
    0.009412461379179041,
    0.09202629437604987,
    0.018964810719407452,
    0.011290956856127724,
    0.07755788240465787,
    0.021023162146276753,
    0.16775564128984813,
    0.00731414196343849,
    0.025649456858123774,
    0.003227415101353323,
    0.03602114997021278,
    0.5269879252646303,
    0.21970403482525344,
    0.37544929545929134,
    0.05368700105130465,
    0.022432033753988268,
    0.02008391440780241,
    0.007084326027428811,
    0.00950238935413935,
    0.07676851462445071
  ],