{
  "hour": 9,
  "dispatch": 1,
  "load": 0.9947407515521056,
  "wind": 0.4312250493730207,
  "solar": 0.37210321942843866,
  "gen": [
    47,
    1,
    2,
    3,
    4,
    5,
    6,
    7,
    8,
    9,
    10,
    11,
    12,
    13,
    14,
    15,
    16,
    17,
    18,
    19,
    20,
    21,
    22,
    23,
    24,
    25,
    26,
    27,
    28,
    29,
    30,
    31,
    32,
    33,
    34,
    35,
    36,
    37,
    38,
    39,
    40,
    41,
    42,
    43,
    44,
    45,
    46,
    48,
    49
  ],
  "pg": [
    5.7568645291292055,
    0.04507349704463969,
    0.04507349704640049,
    0.04507349704463993,
    0.0450734970464004,
    0.09024649703857496,
    0.3730096677076629,
    0.046764997117296946,
    0.03613665913745914,
    0.03613665913745914,
    0.03613665913745914,
    0.03613665913745914,
    0.03613665913745914,
    0.03613665913745914,
    0.0,
    0.02387999693190114,
    0.17909999692388234,
    0.17909999692084327,
    0.031839996821148915,
    0.049749996825227225,
    0.06268499682421044,
    0.17909999709249758,
    0.29150813337616194,
    0.667536376429436,
    0.00603715069122229,
    0.5756854409129826,
    0.14519467622097676,
    0.14519467622097676,
    0.14519467622097676,
    0.49832063145856503,
    0.49832063145856503,
    0.39845194562067116,
    0.006028072154740705,
    0.08621631594156924,
    0.08621631594156924,
    0.08621631594156924,
    0.08621631594156924,
    1.3790699967378144,
    0.11939999680666044,
    0.25869999679389183,
    0.09352999680605377,
    0.09352999680904023,
    0.09352999680569413,
    0.09352999680617216,
    0.09352999680599457,
    0.17412499713140484,
    0.0,
    0.671624996708998,
    0.671624996708999
  ],
  "qg": [
    -0.2627691821192689,
    0.0070734183113950215,
    0.008372900799392931,
    0.00721941549092059,
    0.008328393835567062,
    0.011967744662570107,
    -0.1626228345884796,
    -0.0056993331140516735,
    -0.03409929985794564,
    -0.034099327790979954,
    -0.03409929747047191,
    -0.03409933862651705,
    -0.034099338376347356,
    -0.0340992955647544,
    0.0027175722347646926,
    0.0023861126932481266,
    0.01727818100237526,
    0.017498730346409076,
    -0.0035960589479908144,
    -0.005498073860436171,
    -0.006998109191240882,
    -0.02199960337051411,
    0.038436188299859626,
    0.09211717189892943,
    0.0035010023452873708,
    0.27178414470555556,
    0.05349199617896965,
    0.1578823966526071,
    0.23183707738070833,
    0.2484053321719256,
    0.24680983063618714,
    0.027114831965723566,
    -0.006039339638793619,
    -0.07898306476449089,
    -0.03522943486117852,
    -0.07940974304005674,
    -0.07944351333871717,
    0.1939065508546779,
    -0.013299806518363967,
    -0.028899803748390268,
    -0.010399804647687146,
    -0.010399806600363673,
    -0.010399804121828312,
    -0.01039980466902718,
    -0.01039980463741163,
    0.012988118205917786,
    0.012316522110906085,
    0.0072176759878287535,
    0.05798627575082998
  ],
  "pd": [
    0.073461604502123,
    0.01686085573880819,
    0.07905204752584583,
    0.2361216121959233,
    0.42457524757746967,
    0.00301406447720288,
    0.025107256569175146,
    0.4452260655796914,
    0.007102448966082034,
    0.007649556379435692,
    0.011260465307569835,
    0.04581775901648998,
    0.01403579200440021,
    0.023843935814703975,
    0.01345884236849999,
    0.023207301733710623,
    0.587752520462077,
    0.005103020055462302,
    0.06405135699244008,
    0.20652807483724817,
    0.03553213964544121,
    0.2965023758151361,
    0.010196092703409083,
    0.06347440735653986,
    0.02034244836924056,
    0.3813338671074997,
    0.010613883819060968,
    0.09497784695819504,
    0.020750292077376924,
    0.009450037139745003,
    0.03182175664215186,
    0.06304666883337245,
    0.01535879720396451,
    0.018124176493279364,
    0.004436543751922392,
    0.02205340246191018,
    0.007500345266702876,
    0.005510863763598666,
    0.028041741786253856,
    0.009927512700490013,
    0.01383684385408979,
    0.018323124643589785,
    0.009658932697570946,
    0.03740225225835916,
    0.023306775808865834,
    0.014453583120052094,
    0.20446896148153532,
    0.08499064981261191,
    0.12794355546463185,
    0.033045287766560946,
    0.0218743491266308,
    0.02448056989569732,
    0.18662331239869054,
    0.03579077224084476,
    0.005888865249188465,
    0.008793508243720615,
    0.05464110948275717,
    0.020959187635202863,
    0.008902929726391345,
    0.022292140242282685,
    0.037322672998235,
    0.04808576793002877,
    0.08205616459553321,
    0.49080508681580903,
    0.08530896685310858,
    0.02270993135793457,
    0.021983770609301536,
    0.4951421564925761,
    0.02090945059762526,
    0.009549511214900212,
    0.014722163122971164,
    0.007261607486330371,
    0.007848504529746114,
    0.029414484023395762,
    0.00837571712806873,
    0.00716213341117516,
    0.057366699142009946,
    0.12102015983382917,
    0.3719335670053323,
    0.0051627045005554284,
    0.020471764666942335,
    0.5228357390157867,
    0.00527212598322616,
    0.04470364937475163,
    0.04371885603071504,
    0.015697009059492225,
    0.03560177149804986,
    0.10800895080352763,
    0.08768639724931811,
    0.33899770072144203,
    0.0391629433886064,
    0.008664191946018841,
    0.1659525995814378,
    0.01788543871290686,
    0.006107708214529928,
    0.0019297970580110849,
    0.14553057195207306,
    0.7683775461289085,
    0.043768593068292644,
    0.300948866974574,
    0.015080269793529921,
    0.01534884979644899,
    0.23774303962095322,
    0.011538992718004425,
    0.020819923929985572,
    0.05651122209567512,
    0.011538992718004425,
    0.0816781631099434,
    0.014155160894586462,
    0.3706503514358302,
    0.2663418362280763,
    0.09006382764552766,
    0.014950953495828147,
    0.15956636395647325,
    0.3185458308695308,
    0.1467839452990287,
    0.08917850837664626,
    0.013807001631543227,
    0.014393898674958968,
    0.4556211064334109,
    0.04126184637438134,
    0.03774046411388689,
    0.010723305301731698,
    0.02269998395041905,
    0.02005397355129045,
    0.010036934183160746,
    0.07661493268454318,
    0.015328954981417947,
    0.012195521614028815,
    0.021138240970482246,
    0.05155741315294564,
    0.1891101642775708,
    0.013976107559307083,
    0.030458961812525474,
    0.0678413192558536,
    0.23483839662642111,
    0.07704267120771059,
    0.01430437200731928,
    0.4629921354024121,
    0.005371600058381371,
    0.009370457879620835,
    0.09161562321794894,
    0.018880179464458965,
    0.011240570492538793,
    0.07721177713547443,
    0.020929345412656303,
    0.16700702477808302,
    0.007281502301361413,
    0.025534995092342548,
    0.0032130126275133008,
    0.0358604040934534,
    0.5246362197760961,
    0.21872359645127698,
    0.37377383739570363,
    0.05344742058089463,
    0.022331929872344773,
    0.019994289106197324,
    0.007052711928504428,
    0.009459984547260524,
    0.07642593194174827
  ],