{
  "ace_integral": -837.8397484454798,
  "ace_raw": 8.376368173216093
}