{
  "ace_integral": -1.9812576460858893,
  "ace_raw": 0.003950004861059769
}