{
  "ace_integral": -5.289331349718581,
  "ace_raw": 0.0156751632372378
}