{
  "ace_integral": -0.33133966257348935,
  "ace_raw": 0.005023865665415239
}