{
  "ace_integral": -38.679702442888946,
  "ace_raw": 0.1149147415481172
}