{
  "ace_integral": -1725.7237466883885,
  "ace_raw": 17.34710576491286
}