{
  "ace_integral": -1210.9216282071498,
  "ace_raw": 12.07471986026112
}