{
  "ace_integral": -838.8931098838552,
  "ace_raw": 8.387049087636116
}