{
  "ace_integral": -713.97828381344,
  "ace_raw": 7.140988595938144
}