{
  "ace_integral": -775.471640862779,
  "ace_raw": 7.757109336110193
}