{
  "ace_integral": -684.3731030339509,
  "ace_raw": 6.84179563482705
}