{
  "ace_integral": -66.84256808559083,
  "ace_raw": 4.177080564845528
}