{
  "ace_integral": -550.5624335604506,
  "ace_raw": 5.50552315647242
}