{
  "ace_integral": -734.5101127359401,
  "ace_raw": 7.345617523065835
}