{
  "ace_integral": 39.070415271898696,
  "ace_raw": -0.12166035467660463
}