{
  "ace_integral": -823.3126871482687,
  "ace_raw": 8.230854952922439
}