{
  "ace_integral": 9.480286233103383,
  "ace_raw": -0.03059128379523875
}