{
  "ace_integral": -27.468804281631442,
  "ace_raw": 0.08212591780979886
}