{
  "ace_integral": -536.9671595386885,
  "ace_raw": 5.369963932819228
}