{
  "ace_integral": -767.6510541387969,
  "ace_raw": 7.674449276128338
}