{
  "hour": 0,
  "dispatch": 0,
  "load": 0.7293192364976486,
  "wind": 0.7292793481434837,
  "solar": 0.00046356358191132734,
  "gen": [
    47,
    1,
    2,
    3,
    4,
    5,
    6,
    7,
    8,
    9,
    10,
    11,
    12,
    13,
    14,
    15,
    16,
    17,
    18,
    19,
    20,
    21,
    22,
    23,
    24,
    25,
    26,
    27,
    28,
    29,
    30,
    31,
    32,
    33,
    34,
    35,
    36,
    37,
    38,
    39,
    40,
    41,
    42,
    43,
    44,
    45,
    46,
    48,
    49
  ],
  "pg": [
    1.8217453509322499,
    0.04507349593448677,
    0.045073495936922524,
    0.045073495934487354,
    0.045073495936922406,
    0.09024649592605077,
    0.6308266361441134,
    0.04676499607338063,
    0.06111360937442394,
    0.06111360937442394,
    0.06111360937442394,
    0.06111360937442394,
    0.06111360937442394,
    0.06111360937442394,
    0.0,
    0.02387999583988259,
    0.17909999582884098,
    0.17909999582456387,
    0.0318399957267991,
    0.04974999573052433,
    0.06268499572904952,
    0.17909999605243865,
    0.49299283934499494,
    1.1289244309261128,
    0.010209910874008772,
    0.9735879297715507,
    0.00018088250966179993,
    0.00018088250966179993,
    0.00018088250966179993,
    0.0006208043488956495,
    0.0006208043488956495,
    0.673854117684579,
    7.509730026963502e-06,
    0.00010740768192885454,
    0.00010740768192885454,
    0.00010740768192885454,
    0.00010740768192885454,
    1.3790699955427579,
    0.11939999566977129,
    0.25869999565194207,
    0.09352999566893966,
    0.0935299956730554,
    0.09352999566842653,
    0.09352999566909843,
    0.09352999566886024,
    0.17412499609907642,
    0.0,
    0.6716249955239816,
    0.671624995523985
  ],
  "qg": [
    -0.466698980074138,
    0.00459918310652757,
    0.005284811794497259,
    0.0047426075504765075,
    0.005241375759478309,
    0.00877460328516945,
    -0.12265737292334865,
    -0.005699415394482776,
    -0.03409939937700892,
    -0.03409941343309028,
    -0.034099397382967876,
    -0.0340994195212298,
    -0.03409941930997132,
    -0.034099395814174455,
    0.001118158249251492,
    0.0016391870163129,
    0.010116368254960316,
    0.011870340963084312,
    -0.0035993217562811665,
    -0.005499362111686764,
    -0.006999362550650371,
    -0.021999591756603865,
    -0.08327828442820998,
    -0.15356840923684714,
    0.0007740048708789127,
    0.0869818189581983,
    0.0287087206770499,
    0.08711310937082908,
    0.12873654624576925,
    0.1187839537863458,
    0.11870880861501681,
    -0.015703300970353953,
    -0.006596810954603426,
    -0.09419631112831992,
    -0.09419010125151289,
    -0.09419629221505665,
    -0.09419629081993822,
    0.1013088286010416,
    -0.013299735192901056,
    -0.028899731242218753,
    -0.010399732535527933,
    -0.01039973528888873,
    -0.010399731783216322,
    -0.01039973256266618,
    -0.010399732522509279,
    -0.018019237021942896,
    -0.03230158984487875,
    -0.021523571077773807,
    0.03041724411059608
  ],
  "pd": [
    0.05386022561535135,
    0.012361961058635145,
    0.057958999724468135,
    0.17311850716744684,
    0.3112880365219264,
    0.0022098372865878755,
    0.01840801752920065,
    0.32642870387161754,
    0.005207339348593211,
    0.005608464928666918,
    0.008255893757153382,
    0.033592444033081696,
    0.010290694426981821,
    0.01748178209884864,
    0.009867689269813186,
    0.017015017787490143,
    0.4309255640770006,
    0.0037414076832329377,
    0.0469608656380836,
    0.15142125988164182,
    0.02605128312769601,
    0.21738818482285413,
    0.007475522174100899,
    0.04653786048091496,
    0.014914578386376914,
    0.2795845293113736,
    0.007781836253429911,
    0.06963540070079549,
    0.01521359927334095,
    0.006928532746727662,
    0.023330922375559778,
    0.046224253209220974,
    0.011260689011523696,
    0.013288196488987158,
    0.003252763794779513,
    0.01616900747315287,
    0.005499067043192271,
    0.004040428570196974,
    0.020559509276868716,
    0.007278605980246533,
    0.010144830579682292,
    0.013434060336286687,
    0.007081689786392168,
    0.02742240329231158,
    0.017087949711139905,
    0.010597008506310835,
    0.1499115690620917,
    0.0623130355663591,
    0.09380504019832757,
    0.024227985036451887,
    0.01603773001058329,
    0.01794854641020713,
    0.13682758195932385,
    0.026240906129185396,
    0.00431756988006608,
    0.006447182050639214,
    0.040061505660815844,
    0.015366756313005455,
    0.006527407166653955,
    0.016344044089912305,
    0.027364057753391773,
    0.03525529189229633,
    0.06016154381869104,
    0.3598461112879399,
    0.06254641772203835,
    0.01665035816924132,
    0.016117955126598037,
    0.36302594315906955,
    0.015330290351180574,
    0.007001464670377426,
    0.0107939247001652,
    0.005324030426432835,
    0.005754328775966449,
    0.02156596982323547,
    0.006140867971310202,
    0.00525109850278307,
    0.04205984036881941,
    0.08872897831230393,
    0.27269246252647084,
    0.0037851668374227964,
    0.01500938988712161,
    0.38333019070316415,
    0.003865391953437538,
    0.03277560648820433,
    0.03205358044407166,
    0.011508657551932894,
    0.026102335474250848,
    0.07918948269891468,
    0.06428949069726772,
    0.24854470260603367,
    0.02871329834091243,
    0.00635237054989452,
    0.12167232822490273,
    0.013113159872227722,
    0.004478020112095562,
    0.0014148793188054384,
    0.106699404299606,
    0.5633553510402437,
    0.032090046405896536,
    0.2206482418099986,
    0.011056479625304353,
    0.011253395819158718,
    0.17430729752293803,
    0.008460103143372723,
    0.015264651619895786,
    0.04143262582543142,
    0.008460103143372723,
    0.05988440250882193,
    0.01037821273536154,
    0.2717516407113889,
    0.19527522557224541,
    0.06603256367249712,
    0.010961668124559659,
    0.11699009872658782,
    0.23354989910364202,
    0.10761834653759303,
    0.0653834695520142,
    0.010122951002587362,
    0.010553249352120975,
    0.334050089893018,
    0.03025216192992247,
    0.02767037183272079,
    0.007862061369444652,
    0.016643064976876343,
    0.014703075807792596,
    0.007358831096261275,
    0.0561721675950489,
    0.011238809434428766,
    0.008941453839461173,
    0.015498033775575034,
    0.03780061602767313,
    0.13865088005056797,
    0.010246935272791963,
    0.022331755021558004,
    0.04973957192913964,
    0.17217768535236488,
    0.05648577486674289,
    0.010487610620836188,
    0.3394543454354656,
    0.003938323877087303,
    0.00687018720780785,
    0.06717030168143345,
    0.013842479108725372,
    0.008241307372423429,
    0.056609759136947484,
    0.015344876735910527,
    0.12244540661559024,
    0.005338616811162788,
    0.018721624800894638,
    0.002355701133887405,
    0.026291958475740233,
    0.3846502585212249,
    0.16036271372110297,
    0.27404170311399145,
    0.03918632257701866,
    0.016373216859372212,
    0.014659316653602737,
    0.005170873386768329,
    0.006935825939092638,
    0.05603359694011434
  ],