{
  "hour": 10,
  "dispatch": 0,
  "load": 0.9974912147661427,
  "wind": 0.44381902606705464,
  "solar": 0.5360655094818169,
  "gen": [
    47,
    1,
    2,
    3,
    4,
    5,
    6,
    7,
    8,
    9,
    10,
    11,
    12,
    13,
    14,
    15,
    16,
    17,
    18,
    19,
    20,
    21,
    22,
    23,
    24,
    25,
    26,
    27,
    28,
    29,
    30,
    31,
    32,
    33,
    34,
    35,
    36,
    37,
    38,
    39,
    40,
    41,
    42,
    43,
    44,
    45,
    46,
    48,
    49
  ],
  "pg": [
    4.906869602279345,
    0.04507349190151727,
    0.04507349190631578,
    0.045073491901520005,
    0.04507349190631502,
    0.09024649188499004,
    0.3839034575480022,
    0.04676499209789581,
    0.03719203438441918,
    0.03719203438441918,
    0.03719203438441918,
    0.03719203438441918,
    0.03719203438441918,
    0.03719203438441918,
    0.0,
    0.023879991501191945,
    0.1790999914785366,
    0.17909999147010958,
    0.03183999130069567,
    0.049749991312299985,
    0.06268499130953774,
    0.17909999203333618,
    0.30002166162132893,
    0.6870318523518005,
    0.006213466364938764,
    0.5924983997995179,
    0.20917276179980493,
    0.20917276179980493,
    0.20917276179980493,
    0.717898930298049,
    0.717898930298049,
    0.4100887800859585,
    0.008684261253605432,
    0.12420637854693696,
    0.12420637854693696,
    0.12420637854693696,
    0.12420637854693696,
    1.3790699910177195,
    0.1193999912612517,
    0.2586999912236505,
    0.09352999125872216,
    0.09352999126758195,
    0.09352999125733386,
    0.09352999125899349,
    0.09352999125858648,
    0.17412499210842827,
    0.0,
    0.6716249909717746,
    0.671624990971796
  ],
  "qg": [
    -0.3693495324860314,
    0.007342000565202479,
    0.008710110229093246,
    0.007486700466889973,
    0.008666005731136158,
    0.012292997245348738,
    -0.13533023754351306,
    -0.005697414901731295,
    -0.03409720798436284,
    -0.0340974046134253,
    -0.03409719960714687,
    -0.03409747099052901,
    -0.034097470314909804,
    -0.03409719372968341,
    0.00268514583467642,
    0.002361772450851306,
    0.017095121766058815,
    0.017341268266390222,
    -0.003574659609984985,
    -0.005492423192794627,
    -0.006993000297740547,
    -0.02199873252988852,
    0.019600951815687506,
    0.051810843223687925,
    0.003283044317758983,
    0.2303905639358654,
    0.054216370522822646,
    0.15509606044024607,
    0.22644437541762452,
    0.22826210968633298,
    0.22534684076134112,
    0.021153648987849567,
    -0.00577744347542003,
    -0.08195025873512134,
    -0.0361675615566726,
    -0.08242698792556322,
    -0.08246429171663947,
    0.1961585792310402,
    -0.013299370063636691,
    -0.02889935669783992,
    -0.01039936115382177,
    -0.010399369852217155,
    -0.010399358521930656,
    -0.010399361162178126,
    -0.010399361151473831,
    0.012199375587528604,
    0.010492511306276446,
    0.00816402597455237,
    0.05882274373725167
  ],
  "pd": [
    0.07366472621047963,
    0.016907476090286117,
    0.07927062683746536,
    0.23677448964903927,
    0.425749200286485,
    0.0030223983807414123,
    0.02517667826069744,
    0.4464571179050301,
    0.0071220872734302585,
    0.007670707441551637,
    0.011291600551152735,
    0.04594444535212853,
    0.014074601040350273,
    0.023909864417944442,
    0.013496056135785911,
    0.023271470040494107,
    0.589377659156723,
    0.005117129931750312,
    0.06422845931879193,
    0.20709912600974653,
    0.035630386191446616,
    0.2973222063853441,
    0.010224284951352964,
    0.06364991441422757,
    0.020398695341967615,
    0.3823882571806008,
    0.010643231261554743,
    0.0952404611858713,
    0.020807666740021737,
    0.009476166540278354,
    0.0319097439603689,
    0.06322099319187813,
    0.015401264355989243,
    0.018174289933039118,
    0.004448810817856997,
    0.02211438023136538,
    0.0075210837593367155,
    0.0055261013298044314,
    0.02811927734425756,
    0.009954962323366102,
    0.013875102797397044,
    0.018373788175992348,
    0.009685639695379245,
    0.03750566967520695,
    0.023371219161970724,
    0.014493547350552052,
    0.20503431919518064,
    0.08522564938961923,
    0.12829732004322128,
    0.03313665815453126,
    0.021934831812707476,
    0.02454825879539477,
    0.18713932680227602,
    0.03588973390728581,
    0.005905147991415565,
    0.008817822338532701,
    0.054792192427104223,
    0.021017139895122626,
    0.008927546372156977,
    0.022353778122909257,
    0.03742587037802567,
    0.048218725321795324,
    0.08228305030605912,
    0.4921621653656149,
    0.0855448465783444,
    0.022772724433111038,
    0.022044555846331755,
    0.49651122706199513,
    0.020967265334384318,
    0.00957591566175497,
    0.014762869978538913,
    0.0072816858677928415,
    0.007870205684504868,
    0.02949581522063484,
    0.008398876028330922,
    0.007181936746316227,
    0.05752531835556346,
    0.12135478118844892,
    0.37296196520106073,
    0.00517697940463628,
    0.020528369199887216,
    0.5242813824810847,
    0.0052867034382605566,
    0.044827255191590455,
    0.043839738888971976,
    0.015740411369009732,
    0.03570021057648025,
    0.10830759609930776,
    0.08792885058163546,
    0.3399350310801537,
    0.03927122912534304,
    0.008688148480613103,
    0.16641145935943558,
    0.017934892041495246,
    0.006124596058664116,
    0.0019351329566463168,
    0.1459329647202867,
    0.7705021139339593,
    0.04388961344971028,
    0.30178099211534876,
    0.015121966815854723,
    0.01539128944384158,
    0.2384004003291081,
    0.011570898091287253,
    0.020877491125055367,
    0.056667475910864566,
    0.011570898091287253,
    0.08190400364444797,
    0.01419429998612221,
    0.3716752015340125,
    0.26707827275363466,
    0.09031285458492656,
    0.014992292957935124,
    0.16000756576063693,
    0.3194266117045619,
    0.14718980365089201,
    0.08942508740378469,
    0.013845178060954061,
    0.014433697877666084,
    0.4568809010993363,
    0.0413759355884996,
    0.03784481668822746,
    0.010752955295179018,
    0.022762749520963375,
    0.020109422889685438,
    0.01006468635699038,
    0.07682677336128832,
    0.01537133961954626,
    0.01222924229303291,
    0.021196688313780535,
    0.05169996966132918,
    0.18963305483919138,
    0.014014751567464304,
    0.03054318099613929,
    0.06802890084705093,
    0.23548772598199097,
    0.07725569458363775,
    0.014343923668337132,
    0.46427231100075345,
    0.005386452559737171,
    0.009396367243097064,
    0.09186894087996175,
    0.018932383256261388,
    0.011271650726857412,
    0.07742526809014799,
    0.020987215158679642,
    0.1674688000470877,
    0.0073016356920881645,
    0.02560559948304688,
    0.0032218966236946408,
    0.03595955829231944,
    0.5260868415798113,
    0.21932836830277944,
    0.37480732394837807,
    0.053595202969384845,
    0.022393677771499903,
    0.020049573416799468,
    0.007072212712691951,
    0.009486141452426017,
    0.07663725003048273
  ],