{
  "hour": 13,
  "dispatch": 0,
  "load": 0.9087290337714015,
  "wind": 0.20177796864133218,
  "solar": 0.9845773074046981,
  "gen": [
    47,
    1,
    2,
    3,
    4,
    5,
    6,
    7,
    8,
    9,
    10,
    11,
    12,
    13,
    14,
    15,
    16,
    17,
    18,
    19,
    20,
    21,
    22,
    23,
    24,
    25,
    26,
    27,
    28,
    29,
    30,
    31,
    32,
    33,
    34,
    35,
    36,
    37,
    38,
    39,
    40,
    41,
    42,
    43,
    44,
    45,
    46,
    48,
    49
  ],
  "pg": [
    2.814655813306251,
    0.04507349734322864,
    0.04507349734480792,
    0.04507349734322876,
    0.04507349734480789,
    0.09024649733777698,
    0.17453794287475233,
    0.046764997387093866,
    0.01690899377214364,
    0.01690899377214364,
    0.01690899377214364,
    0.01690899377214364,
    0.01690899377214364,
    0.01690899377214364,
    0.0,
    0.02387999709809282,
    0.1790999970898838,
    0.17909999708697966,
    0.03183999713570716,
    0.04974999713900779,
    0.06268499713806275,
    0.17909999736722426,
    0.13640190680154055,
    0.3123522954567822,
    0.0028248915609786506,
    0.26937358813617845,
    0.38418206534931315,
    0.38418206534931315,
    0.38418206534931315,
    1.3185459300763716,
    1.3185459300763716,
    0.18644284302459094,
    0.015950152379956107,
    0.22812656212566854,
    0.22812656212566854,
    0.22812656212566854,
    0.22812656212566854,
    1.379069996973199,
    0.11939999712147568,
    0.2586999971079468,
    0.09352999712030123,
    0.09352999712350267,
    0.09352999711967974,
    0.09352999712036945,
    0.0935299971202671,
    0.1741249973484895,
    0.0,
    0.6716249970132446,
    0.6716249970132453
  ],
  "qg": [
    -0.4666980725690813,
    0.006270456094352606,
    0.0073722215327683685,
    0.006415170518668106,
    0.007328207402794435,
    0.010923212739878283,
    -0.12885378903683717,
    -0.005699099225316361,
    -0.03409902089575071,
    -0.03409908726922763,
    -0.03409901755846285,
    -0.0340991103726437,
    -0.03409911005299349,
    -0.034099014954359595,
    0.002013959201002192,
    0.002035661633674905,
    0.01405104114959999,
    0.014877083688747803,
    -0.0035989682657792095,
    -0.005499115146407733,
    -0.006999116648522314,
    -0.021999568718047376,
    -0.05571592827311967,
    -0.11841768249784825,
    0.0015372993975848813,
    0.07666980902053407,
    0.054327383077796554,
    0.13292817500243542,
    0.18792811410357657,
    0.19347198726226306,
    0.1843707427892587,
    -0.025645469284447907,
    -0.0065586622203179035,
    -0.09407287715574779,
    -0.06106387519240853,
    -0.09408284692794916,
    -0.09408360089800957,
    0.17779325306607402,
    -0.013299730683187419,
    -0.028899721320278494,
    -0.010399725732905606,
    -0.01039973069011988,
    -0.01039972408312065,
    -0.010399725718177604,
    -0.010399725740822237,
    0.0036111644814691523,
    -0.009750474024818354,
    -0.011127379066667028,
    0.03996299464286678
  ],
  "pd": [
    0.06710963914401799,
    0.015402957122425254,
    0.07221669631381328,
    0.21570501074631757,
    0.38786372619430953,
    0.0027534489723273466,
    0.022936320812390172,
    0.40672894093540385,
    0.006488325301127806,
    0.006988126269702077,
    0.010286812662292266,
    0.04185605929551075,
    0.012822166666514473,
    0.021782234939500496,
    0.012295103826927061,
    0.021200648357886796,
    0.5369316368941702,
    0.00466177994324729,
    0.058513062484540544,
    0.18867032199161837,
    0.03245980108631446,
    0.27086486309624164,
    0.009314472596156866,
    0.05798599964495313,
    0.01858350874062516,
    0.3483612750962668,
    0.009696138790340854,
    0.08676544814449341,
    0.018956087644471434,
    0.008632925820828313,
    0.02907024179034713,
    0.05759524616043143,
    0.01403077628143044,
    0.016557042995314936,
    0.004052931490620451,
    0.02014652267871197,
    0.006851816914636367,
    0.005034358847093565,
    0.025617071462015806,
    0.009069115757038585,
    0.012640420859760195,
    0.016738788802069214,
    0.008823758917920308,
    0.03416821166980468,
    0.021291521261263935,
    0.013203832860698463,
    0.18678925289171158,
    0.07764180864542854,
    0.11688072832367767,
    0.030187978501885957,
    0.019982951452633117,
    0.02236382152111419,
    0.17048665402585264,
    0.032696070635095026,
    0.005379675879926696,
    0.008033164658539189,
    0.04991648582506309,
    0.019146920741563427,
    0.008133124852254042,
    0.020364617646817105,
    0.03409551334710298,
    0.043927961492509535,
    0.07496105799580291,
    0.4483669052628096,
    0.0779326019362354,
    0.020746283841001096,
    0.020082911646347974,
    0.4523289638500528,
    0.01910148428987486,
    0.008723798724205454,
    0.013449189699816743,
    0.0066337219465312305,
    0.0071698720764563585,
    0.026871117528620342,
    0.007651498464355201,
    0.00654284904315409,
    0.052406403377596736,
    0.1105559742486287,
    0.339773785727127,
    0.004716303685273574,
    0.018701643515015444,
    0.47762798015024865,
    0.0048162638789884275,
    0.04083828277768678,
    0.0399386410342531,
    0.014339744152912713,
    0.03252341211867846,
    0.09866979848689876,
    0.08010446432694904,
    0.30968576741895587,
    0.03577666205958008,
    0.007915029884148907,
    0.15160326470408292,
    0.0163389480272098,
    0.005579596267356404,
    0.001762934325516519,
    0.13294705764075604,
    0.7019386548463814,
    0.03998407748594166,
    0.27492688187719977,
    0.013776332151974446,
    0.014021688991092724,
    0.21718623907136494,
    0.010541256791748256,
    0.019019698676835433,
    0.05162489640855332,
    0.010541256791748256,
    0.07461574096296977,
    0.012931214150567043,
    0.338601525273562,
    0.24331219879229274,
    0.08227632671766269,
    0.013658197377584164,
    0.14576922430727052,
    0.2910022984846159,
    0.134092056223308,
    0.08146755787760614,
    0.012613158988747052,
    0.01314930911867218,
    0.416225159338315,
    0.037694080320837736,
    0.03447717954128697,
    0.009796098984055708,
    0.020737196550663382,
    0.018319977320831453,
    0.00916907595075344,
    0.06999031018107335,
    0.014003514410417297,
    0.011141017954037382,
    0.01931049196764228,
    0.047099425820371736,
    0.17275847661028113,
    0.01276764292448819,
    0.027825283014080313,
    0.06197532010320958,
    0.21453275029275246,
    0.07038106366559505,
    0.013067523505632754,
    0.4229588414785611,
    0.0049071367823655685,
    0.0085602274981266,
    0.08369394401034609,
    0.0172476770609812,
    0.010268638081616837,
    0.07053554760133618,
    0.019119658870550286,
    0.1525665174798806,
    0.0066518965272066586,
    0.023327074296911873,
    0.0029351947790816264,
    0.032759681667459024,
    0.4792727797013749,
    0.19981133994565575,
    0.34145493443960406,
    0.0488260109845374,
    0.020400966808167963,
    0.018265453578805168,
    0.006442888849439237,
    0.008642013111166027,
    0.06981765166465677
  ],