{
  "hour": 16,
  "dispatch": 3,
  "load": 0.9119566785787404,
  "wind": 0.3817576865269143,
  "solar": 0.38633393370131786,
  "gen": [
    47,
    1,
    2,
    3,
    4,
    5,
    6,
    7,
    8,
    9,
    10,
    11,
    12,
    13,
    14,
    15,
    16,
    17,
    18,
    19,
    20,
    21,
    22,
    23,
    24,
    25,
    26,
    27,
    28,
    29,
    30,
    31,
    32,
    33,
    34,
    35,
    36,
    37,
    38,
    39,
    40,
    41,
    42,
    43,
    44,
    45,
    46,
    48,
    49
  ],
  "pg": [
    4.721738330103352,
    0.04507349781912419,
    0.045073497820421776,
    0.045073497819124245,
    0.045073497820421755,
    0.09024649781464729,
    0.33022039884578086,
    0.046764997870326966,
    0.031991294130955424,
    0.031991294130955424,
    0.031991294130955424,
    0.031991294130955424,
    0.031991294130955424,
    0.031991294130955424,
    0.0,
    0.023879997719806808,
    0.17909999771376445,
    0.17909999771148288,
    0.03183999765794533,
    0.04974999766085193,
    0.06268499766009425,
    0.1790999978528996,
    0.258068196092194,
    0.5909608987436633,
    0.0053446076113768,
    0.5096465115134305,
    0.1507475009302542,
    0.1507475009302542,
    0.1507475009302542,
    0.5173784040128049,
    0.5173784040128049,
    0.3527441023508688,
    0.006258609725961349,
    0.08951357243859533,
    0.08951357243859533,
    0.08951357243859533,
    0.08951357243859533,
    1.3790699975770562,
    0.11939999764411309,
    0.258699997634043,
    0.09352999764346785,
    0.09352999764583309,
    0.09352999764310811,
    0.09352999764354297,
    0.09352999764343027,
    0.17412499787233263,
    0.0,
    0.6716249975697817,
    0.6716249975697821
  ],
  "qg": [
    -0.45917542479628415,
    0.006094013757191156,
    0.007151003758754634,
    0.006238924104049701,
    0.00710694916456598,
    0.010702368371914149,
    -0.15036294309419185,
    -0.005699462743416988,
    -0.03409943198022272,
    -0.034099457347670226,
    -0.03409943004060726,
    -0.03409946696949532,
    -0.034099466767966435,
    -0.03409942849281563,
    0.002139189167702887,
    0.002114424414628865,
    0.014699276915701125,
    0.01545473356244844,
    -0.0035985542127708542,
    -0.005498907405910704,
    -0.006998912194694455,
    -0.021999690837540987,
    0.008929034574341877,
    0.026308331279894393,
    0.0032792334536959544,
    0.1926356534112247,
    0.044921957872794745,
    0.131366524274843,
    0.19267434187758645,
    0.1865038946676493,
    0.1849305427820859,
    3.562252007355736e-05,
    -0.0064830616000886325,
    -0.09304356159887865,
    -0.04787759879834643,
    -0.09308413206961913,
    -0.09308732112141187,
    0.17970874950809848,
    -0.013299834724183803,
    -0.02889983138758544,
    -0.010399832720753906,
    -0.010399834779800226,
    -0.010399832112632935,
    -0.010399832731429106,
    -0.010399832715750837,
    0.008150132391839005,
    0.0008287493077125781,
    0.0019031422889698875,
    0.05288419253439232
  ],
  "pd": [
    0.06734800071303998,
    0.015457665701909649,
    0.0724731972466525,
    0.21647115679423562,
    0.38924134955097794,
    0.0027632287360935836,
    0.023017786567327406,
    0.4081735701982726,
    0.006511370685052207,
    0.007012946858270514,
    0.010323349601511341,
    0.04200472461533678,
    0.012867708734746026,
    0.02185960158553241,
    0.012338773861170358,
    0.021275949311242014,
    0.5388387231050346,
    0.004678337761108938,
    0.0587208905336851,
    0.18934044560651808,
    0.03257509255883261,
    0.2718269271839652,
    0.00934755595543209,
    0.05819195566010943,
    0.018649514076935242,
    0.3495985927331602,
    0.00973057776043516,
    0.08707362367069812,
    0.019023416315152523,
    0.008663588446498033,
    0.029173494147733903,
    0.057799814288320574,
    0.014080611117255752,
    0.01661585068370465,
    0.004067326786461182,
    0.020218079564090673,
    0.006876153356483702,
    0.0050522399993262225,
    0.025708058769134692,
    0.00910132765221583,
    0.012685317399030279,
    0.016798242019420397,
    0.008855099348999569,
    0.03428957111456063,
    0.021367144979099886,
    0.013250730539749098,
    0.1874526952818601,
    0.07791757861776759,
    0.1172958679987976,
    0.030295200862385754,
    0.0200539273619465,
    0.022443253859822803,
    0.1710921924681575,
    0.03281220129526308,
    0.0053987835371861435,
    0.008061697038636066,
    0.050093780354330215,
    0.019214927217654058,
    0.008162012273279727,
    0.02043694916694957,
    0.034216614580274335,
    0.0440839858424963,
    0.0752273064159603,
    0.4499594252107506,
    0.07820940475491278,
    0.020819970971952644,
    0.020154242596590165,
    0.4539355563293538,
    0.019169329383725123,
    0.008754784114355907,
    0.013496958842965359,
    0.006657283753624805,
    0.007195338193986263,
    0.026966558985573354,
    0.007678675233632994,
    0.006566088085766931,
    0.05259254165363597,
    0.11094864951588956,
    0.34098060212059106,
    0.004733055161823663,
    0.018768068445150478,
    0.47932443026098603,
    0.004833370396467324,
    0.04098333313532859,
    0.040080496023535646,
    0.014390676387972522,
    0.03263892952633312,
    0.09902025616007963,
    0.08038898121671596,
    0.3107857164928489,
    0.03590373443564501,
    0.00794314267042083,
    0.15214173268729128,
    0.01639698108084575,
    0.0055994140064734655,
    0.0017691959564427565,
    0.13341926207606974,
    0.7044318168013622,
    0.04012609385746457,
    0.2759033735372121,
    0.013825263247253704,
    0.014071491550469963,
    0.21795764618031896,
    0.010578697471513389,
    0.01908725328265304,
    0.05180825891005824,
    0.010578697471513389,
    0.07488076287810037,
    0.012977143536175476,
    0.33980417800522456,
    0.24417640068945773,
    0.08256855767851916,
    0.013706708879038468,
    0.14628697081081574,
    0.29203588718127005,
    0.13456832749107894,
    0.08175691623458407,
    0.012657958698672917,
    0.013196013139034374,
    0.4177035174894205,
    0.037827963027446156,
    0.03459963638527741,
    0.00983089299507882,
    0.020810851405166857,
    0.018385046640147406,
    0.009201642886859492,
    0.07023890338413459,
    0.01405325241689839,
    0.011180588879375357,
    0.019379079419798235,
    0.04726671465073612,
    0.17337208416460434,
    0.012812991334031302,
    0.02792411349808103,
    0.06219544547907009,
    0.21529473267886906,
    0.07063104475592345,
    0.013113937037962287,
    0.42446111647768897,
    0.004924566064325199,
    0.008590631912211735,
    0.083991210097102,
    0.017308937759424492,
    0.010305110467939766,
    0.07078607739128183,
    0.019187568517296697,
    0.15310840676658474,
    0.00667552288719638,
    0.023409927939116264,
    0.0029456200718093314,
    0.03287603826276359,
    0.4809750718492135,
    0.20052103448589342,
    0.3426677219759617,
    0.048999432340035724,
    0.020473427434092722,
    0.01833032923943268,
    0.00646577285112327,
    0.008672708013283821,
    0.07006563161520463
  ],