{
  "hour": 16,
  "dispatch": 0,
  "load": 0.9437822326056889,
  "wind": 0.45611444671172646,
  "solar": 0.5798738500110883,
  "gen": [
    47,
    1,
    2,
    3,
    4,
    5,
    6,
    7,
    8,
    9,
    10,
    11,
    12,
    13,
    14,
    15,
    16,
    17,
    18,
    19,
    20,
    21,
    22,
    23,
    24,
    25,
    26,
    27,
    28,
    29,
    30,
    31,
    32,
    33,
    34,
    35,
    36,
    37,
    38,
    39,
    40,
    41,
    42,
    43,
    44,
    45,
    46,
    48,
    49
  ],
  "pg": [
    3.8049379698160077,
    0.045073499057891826,
    0.04507349905844934,
    0.04507349905789184,
    0.04507349905844933,
    0.09024649905596306,
    0.3945389964056434,
    0.046764999080983,
    0.03822239063444268,
    0.03822239063444268,
    0.03822239063444268,
    0.03822239063444268,
    0.03822239063444268,
    0.03822239063444268,
    0.0,
    0.023879999005225316,
    0.17909999900252557,
    0.17909999900152954,
    0.03183999899136082,
    0.04974999899258336,
    0.06268499899225413,
    0.17909999907407553,
    0.30833336597712707,
    0.7060651635097526,
    0.006385602253964171,
    0.6089127863601548,
    0.22626677627432662,
    0.22626677627432662,
    0.22626677627432662,
    0.7765670599348495,
    0.7765670599348495,
    0.4214497487616352,
    0.00939395637017963,
    0.13435677104756916,
    0.13435677104756916,
    0.13435677104756916,
    0.13435677104756916,
    1.379069998950863,
    0.11939999898536255,
    0.2586999989807756,
    0.09352999898500597,
    0.09352999898608823,
    0.09352999898481387,
    0.0935299989850335,
    0.0935299989849922,
    0.17412499907952472,
    0.0,
    0.6716249989499894,
    0.6716249989499894
  ],
  "qg": [
    -0.4666982596185784,
    0.006753233093017987,
    0.007978013229063994,
    0.006897684793655293,
    0.007934008637466817,
    0.011528277818854429,
    -0.12064396814121435,
    -0.005699708861610631,
    -0.034099685738925814,
    -0.03409970442770709,
    -0.03409968475077654,
    -0.034099711084398084,
    -0.034099710978034936,
    -0.03409968396281922,
    0.002299501307024519,
    0.0021865826829623267,
    0.015402400092995826,
    0.01599962976754726,
    -0.003599501836540249,
    -0.005499592123445542,
    -0.006999592604237852,
    -0.0219998510945789,
    -0.012146322240564384,
    -0.016320911608725286,
    0.002989192193861691,
    0.16728205506809699,
    0.04913693232542664,
    0.13794364581461588,
    0.2007387326394334,
    0.18830264775604555,
    0.18499782144045893,
    0.00350997892013392,
    -0.006536882889137106,
    -0.09333313723709168,
    -0.04604349395126996,
    -0.09340071760439078,
    -0.0934058276753756,
    0.18584102068598476,
    -0.013299916727374994,
    -0.028899914429275007,
    -0.010399915472318362,
    -0.010399916750741488,
    -0.01039991506728793,
    -0.010399915473184756,
    -0.010399915472048483,
    0.008744122916743771,
    0.0022735690925004383,
    0.0021263733995945163,
    0.0529757962443914
  ],
  "pd": [
    0.06969831787793013,
    0.015997108842666426,
    0.0750023740251741,
    0.22402558855361238,
    0.40282513252076013,
    0.0028596601647952378,
    0.023821063550967587,
    0.42241805166965424,
    0.006738605140804619,
    0.007257685368737748,
    0.010683614873096398,
    0.043470609633818026,
    0.01331676730206627,
    0.022622460115558365,
    0.012769373607154971,
    0.022018439486690723,
    0.5576431699573973,
    0.004841602853267184,
    0.06077013795748031,
    0.19594806713359314,
    0.03371190134867521,
    0.28131317007277773,
    0.009673767884208312,
    0.06022274426256902,
    0.019300346656786337,
    0.36179891886939086,
    0.010070156421902702,
    0.09011232756919117,
    0.01968729737215467,
    0.008965931209754044,
    0.030191593621055987,
    0.05981691790254857,
    0.014571997671431839,
    0.01719571227807565,
    0.004209268757421373,
    0.020923652096868122,
    0.007116118033846894,
    0.0052285535686355175,
    0.02660522113715437,
    0.009418946681404776,
    0.013128010855545134,
    0.01738446872459679,
    0.009164125478601239,
    0.03548621194597389,
    0.022112817709951292,
    0.01371315583976066,
    0.19399443791209936,
    0.08063675395383006,
    0.12138927075774372,
    0.03135244576716099,
    0.0207537712949991,
    0.023226480744426004,
    0.1770629846591533,
    0.03395728472915269,
    0.005587190817025679,
    0.00834303493623429,
    0.0518419580370305,
    0.019885491641001864,
    0.008446850981820915,
    0.02115015983269349,
    0.03541070936736545,
    0.04562243312415899,
    0.07785259636764329,
    0.465662153567647,
    0.08093876426826388,
    0.02154654837038788,
    0.020857587340585727,
    0.4697770441018077,
    0.019838302529371583,
    0.009060309433014613,
    0.013967977042564196,
    0.006889610298021529,
    0.007446441815258887,
    0.02790764061815022,
    0.0079466463985399,
    0.0067952320747609605,
    0.05442792135437009,
    0.11482054641880812,
    0.3528801767712671,
    0.0048982297872235256,
    0.01942303834702508,
    0.49605194145755016,
    0.005002045832810152,
    0.042413573533299664,
    0.04147922912302003,
    0.01489288363051777,
    0.03377796610495761,
    0.1024758748163257,
    0.08319440380419148,
    0.3216315470496927,
    0.03715670649768597,
    0.008220343245995552,
    0.1574511898656071,
    0.016969204542250288,
    0.00579482290819893,
    0.0018309375312550366,
    0.13807534063021232,
    0.7290151477539384,
    0.04152641823465031,
    0.2855318766525251,
    0.014307738646302245,
    0.01456255984910578,
    0.22556395359275966,
    0.01094787389822599,
    0.01975336212843707,
    0.05361626863432919,
    0.01094787389822599,
    0.07749395911925312,
    0.013430021169978953,
    0.35166269769120584,
    0.2526976927801732,
    0.08545004334011909,
    0.014185046956063504,
    0.15139210793227856,
    0.30222738434731977,
    0.13926450624329545,
    0.08461007715310001,
    0.013099697388566962,
    0.01365652890580432,
    0.4322805760003837,
    0.03914808700848398,
    0.03580709790505984,
    0.010173972467489327,
    0.021537110548061823,
    0.01902664980933069,
    0.009522762726991402,
    0.07269010755529016,
    0.014543684204453667,
    0.011570770171745747,
    0.02005537244287089,
    0.04891623311595286,
    0.17942244024066753,
    0.01326014036810993,
    0.028898611962386196,
    0.06436594826370798,
    0.22280810947355106,
    0.0730959339153106,
    0.013571588504869808,
    0.4392740023439919,
    0.0050964240560707206,
    0.00889042863114559,
    0.08692234362298397,
    0.017912986774855977,
    0.010664739228444284,
    0.07325637689485356,
    0.019857178174023694,
    0.15845159903216913,
    0.006908485942673643,
    0.024226889910988033,
    0.003048416611316375,
    0.03402334948543508,
    0.49776018729856647,
    0.20751883730533888,
    0.35462617390158757,
    0.050709419357903664,
    0.021187911121997718,
    0.01897002287537435,
    0.006691416029174334,
    0.008975369032080101,
    0.07251078893109508
  ],