{
  "hour": 17,
  "dispatch": 3,
  "load": 0.8066265682126941,
  "wind": 0.4815761349516013,
  "solar": 0.18238136731818158,
  "gen": [
    47,
    1,
    2,
    3,
    4,
    5,
    6,
    7,
    8,
    9,
    10,
    11,
    12,
    13,
    14,
    15,
    16,
    17,
    18,
    19,
    20,
    21,
    22,
    23,
    24,
    25,
    26,
    27,
    28,
    29,
    30,
    31,
    32,
    33,
    34,
    35,
    36,
    37,
    38,
    39,
    40,
    41,
    42,
    43,
    44,
    45,
    46,
    48,
    49
  ],
  "pg": [
    3.5459645719367656,
    0.04507349528037323,
    0.04507349528319702,
    0.0450734952803738,
    0.04507349528319691,
    0.09024649527062398,
    0.41656335673313516,
    0.04676499540808247,
    0.040356080108944196,
    0.040356080108944196,
    0.040356080108944196,
    0.040356080108944196,
    0.040356080108944196,
    0.040356080108944196,
    0.0,
    0.023879995110978203,
    0.17909999509805513,
    0.17909999509308908,
    0.0318399949720967,
    0.04974999497741747,
    0.06268499497573832,
    0.1790999953753725,
    0.32554546722728245,
    0.7454798569050787,
    0.006742065889322418,
    0.6429041401603877,
    0.07116520952755445,
    0.07116520952755445,
    0.07116520952755445,
    0.24424512711250876,
    0.24424512711250876,
    0.44497634869527963,
    0.0029545781505545417,
    0.04225776280762267,
    0.04225776280762267,
    0.04225776280762267,
    0.04225776280762267,
    1.379069994777224,
    0.1193999949257373,
    0.25869999490435086,
    0.09352999492451326,
    0.09352999492950095,
    0.09352999492380713,
    0.09352999492468474,
    0.09352999492442753,
    0.17412499542069393,
    0.0,
    0.6716249947647693,
    0.6716249947647722
  ],
  "qg": [
    -0.4666975234064092,
    0.004811316793187777,
    0.005547644465555595,
    0.004955468606567752,
    0.005503968871062268,
    0.009059450047736305,
    -0.14966091996403472,
    -0.005699119094047841,
    -0.03409908299517102,
    -0.03409911359514472,
    -0.03409907986470721,
    -0.03409912586104567,
    -0.03409912554532117,
    -0.03409907741085087,
    0.0015316132973069152,
    0.001832925170787391,
    0.01198148143745723,
    0.013329230746343658,
    -0.003598721345386172,
    -0.005498858173958967,
    -0.006998860369849707,
    -0.021999437954349443,
    -0.04335539298463864,
    -0.08243817504905147,
    0.002026927432151095,
    0.12073655523463027,
    0.03474436204124677,
    0.10430547855147204,
    0.1537975125448567,
    0.14053786994130585,
    0.14011800828675453,
    -0.022968709377920546,
    -0.0065666343302209305,
    -0.0941483159818242,
    -0.09297040746224423,
    -0.09414814451226323,
    -0.09414813021067774,
    0.1475753811921509,
    -0.0132996637031126,
    -0.028899657679242255,
    -0.010399659925624612,
    -0.010399663817077359,
    -0.010399658810564644,
    -0.010399659952902724,
    -0.010399659912674285,
    -0.001606567249426173,
    -0.022351685207039826,
    -0.012204284535792153,
    0.03934804120991751
  ],
  "pd": [
    0.05956937206250746,
    0.013672320331205164,
    0.0641026133758628,
    0.1914689484966472,
    0.3442843518445421,
    0.002444078501684463,
    0.020359254581688396,
    0.3610299194006376,
    0.005759313697038635,
    0.006202958309555617,
    0.009131012752167697,
    0.037153219731876685,
    0.011381500877481113,
    0.01933483884005828,
    0.010913657467917752,
    0.018818597836402152,
    0.4766033740941524,
    0.00413799429493112,
    0.05193868472721538,
    0.16747180809231954,
    0.028812701016557432,
    0.24043118118715773,
    0.008267922324180114,
    0.05147084131765201,
    0.016495513319949594,
    0.3092202949243363,
    0.008606705482829446,
    0.07701670473294803,
    0.0168262302129168,
    0.007662952398020594,
    0.02580398391712408,
    0.05112399189332056,
    0.012454314213203997,
    0.014696736072835287,
    0.0035975544942286157,
    0.017882911017275425,
    0.006081964324323713,
    0.004468711187898326,
    0.022738802957915846,
    0.008050133150762686,
    0.011220175563838575,
    0.014858061386477824,
    0.007832343977345259,
    0.030329158964797286,
    0.01889926049322342,
    0.011720284036130445,
    0.16580209109611926,
    0.06891817398809258,
    0.10374830920351673,
    0.026796134596025697,
    0.017737718234997143,
    0.0198510798437144,
    0.15133121046238354,
    0.02902242392429273,
    0.0047752292838191485,
    0.007130578863000216,
    0.044307997391923294,
    0.016995621792241462,
    0.007219307785503611,
    0.018076501393646475,
    0.03026462883934028,
    0.03899232830740162,
    0.06653862561186515,
    0.39798954875614334,
    0.06917629448992065,
    0.018415284552295807,
    0.01782644715750054,
    0.40150644059355056,
    0.01695529046383083,
    0.0077436150548418625,
    0.011938073209547873,
    0.005888373947952667,
    0.006364283623198157,
    0.023851947622049362,
    0.006791795704350885,
    0.005807711291131397,
    0.04651815418882608,
    0.09813418828875636,
    0.3015976738547263,
    0.0041863918890238825,
    0.016600374773817244,
    0.4239629242525921,
    0.004275120811527279,
    0.03624979797547847,
    0.03545123767294791,
    0.012728567246396311,
    0.028869164876332322,
    0.08758351277653433,
    0.07110413198794897,
    0.274890268181204,
    0.03175688799053377,
    0.007025717409132566,
    0.13456951037492376,
    0.014503145696464239,
    0.004952687128825941,
    0.0015648555423326265,
    0.11800946692951715,
    0.6230706263502134,
    0.03549156900135854,
    0.24403680194706845,
    0.012228458774104441,
    0.012446247947521869,
    0.1927837498028339,
    0.009356868191267251,
    0.016882694072691686,
    0.04582445534016315,
    0.009356868191267251,
    0.06623210751594431,
    0.011478296065666636,
    0.30055712558173203,
    0.21597426363894884,
    0.07303196948597733,
    0.012123597320236792,
    0.12939096780699824,
    0.258306025938751,
    0.11902581640546514,
    0.07231407184026802,
    0.011195976766792194,
    0.011671886442037684,
    0.36945916703846027,
    0.033458870049462554,
    0.030603411997989615,
    0.008695434405332842,
    0.01840721828661368,
    0.016261591615167912,
    0.008138862073266083,
    0.0621263782837417,
    0.012430115416157616,
    0.009889241726287629,
    0.017140814574519752,
    0.04180745503046394,
    0.15334777688291526,
    0.011333103283388352,
    0.024698905518672695,
    0.055011931952105735,
    0.19042840022365282,
    0.06247322770807316,
    0.01159929005089854,
    0.3754362699089163,
    0.0043557834683485485,
    0.007598422272563578,
    0.07429030693238914,
    0.015309772264676934,
    0.009114880220803442,
    0.0626103542246693,
    0.016971422995195082,
    0.13542453453722922,
    0.005904506479316921,
    0.020706104006019854,
    0.0026054038153270017,
    0.02907888778406762,
    0.425422918341057,
    0.17736104981860717,
    0.3030899330059198,
    0.04334004551006805,
    0.01810876645637498,
    0.016213194021075152,
    0.005718982368628001,
    0.00767101866370272,
    0.061973119235781284
  ],