{
  "hour": 19,
  "dispatch": 3,
  "load": 0.743539111615781,
  "wind": 0.3408804355976069,
  "solar": 0.0022393403220102885,
  "gen": [
    47,
    1,
    2,
    3,
    4,
    5,
    6,
    7,
    8,
    9,
    10,
    11,
    12,
    13,
    14,
    15,
    16,
    17,
    18,
    19,
    20,
    21,
    22,
    23,
    24,
    25,
    26,
    27,
    28,
    29,
    30,
    31,
    32,
    33,
    34,
    35,
    36,
    37,
    38,
    39,
    40,
    41,
    42,
    43,
    44,
    45,
    46,
    48,
    49
  ],
  "pg": [
    4.323195894554797,
    0.04507349936783677,
    0.04507349936821839,
    0.04507349936783677,
    0.04507349936821839,
    0.09024649936652128,
    0.29486157679193,
    0.04676499938323466,
    0.028565780503079462,
    0.028565780503079462,
    0.028565780503079462,
    0.028565780503079462,
    0.028565780503079462,
    0.028565780503079462,
    0.0,
    0.02387999934911465,
    0.1790999993474193,
    0.17909999934675674,
    0.03183999932356183,
    0.04974999932426107,
    0.0626849993240342,
    0.17909999937841106,
    0.23043517446398223,
    0.5276829143050955,
    0.004772326098366497,
    0.4550753815228052,
    0.0008737905936484145,
    0.0008737905936484145,
    0.0008737905936484145,
    0.002998924559236178,
    0.002998924559236178,
    0.3149735224921888,
    3.627731321656667e-05,
    0.0005188551526097838,
    0.0005188551526097838,
    0.0005188551526097838,
    0.0005188551526097838,
    1.3790699992991329,
    0.11939999931722417,
    0.25869999931453036,
    0.09352999931711986,
    0.09352999931774325,
    0.0935299993170529,
    0.09352999931714658,
    0.09352999931710651,
    0.1741249993851509,
    0.0,
    0.6716249992979573,
    0.6716249992979573
  ],
  "qg": [
    -0.4666996400035983,
    0.0035696256802954353,
    0.003991872646305983,
    0.0037150920203226924,
    0.003947875873237254,
    0.007499389214178785,
    -0.18971061373113612,
    -0.0056999085116418114,
    -0.03409990604581707,
    -0.034099908056842675,
    -0.03409990569565067,
    -0.03409990897974604,
    -0.03409990894337373,
    -0.03409990541435247,
    0.0011882564766248303,
    0.0016785333305918467,
    0.010513534410248736,
    0.012176883694373692,
    -0.0035998418352243696,
    -0.005499855350580413,
    -0.006999855378948256,
    -0.021999935549944553,
    -0.03634960396437591,
    -0.07292104480987886,
    0.0022381040163890467,
    0.11701885770800188,
    0.030608070912008088,
    0.09289086943231496,
    0.13726235078598606,
    0.13760024797532286,
    0.13749929879848896,
    -0.038271977477509336,
    -0.006599316852296278,
    -0.09419907867074566,
    -0.09418946411172126,
    -0.09419907454898686,
    -0.09419907424941514,
    0.1296391065491166,
    -0.013299960808763379,
    -0.028899960316622918,
    -0.0103999604670034,
    -0.010399960829967435,
    -0.010399960373699587,
    -0.010399960472067628,
    -0.010399960464548774,
    -0.006849179294141413,
    -0.031297829999908204,
    -0.018137061271184394,
    0.033766908633275305
  ],
  "pd": [
    0.05491036339282543,
    0.012602987941887488,
    0.059089053200106115,
    0.17649387892423793,
    0.3173573636198476,
    0.0022529235081958166,
    0.018766927177182313,
    0.33279323557699125,
    0.005308869256936676,
    0.005717815768325356,
    0.008416862743490641,
    0.03424741148102287,
    0.010491336864898669,
    0.017822632505430272,
    0.010060084180161518,
    0.01734676747399617,
    0.4393275194893003,
    0.0038143556425889566,
    0.047876483396940145,
    0.15437359035366846,
    0.026559217066915698,
    0.22162670299931586,
    0.0076212758940617555,
    0.04744523071220299,
    0.015205374832542721,
    0.28503571843790965,
    0.007933562320940384,
    0.07099311437707477,
    0.015510225868305192,
    0.007063621560349919,
    0.023785816180588833,
    0.047125508894208204,
    0.01148024388334766,
    0.01354728261363953,
    0.003316184437806384,
    0.016484262104521863,
    0.005606284901582988,
    0.004119206678351427,
    0.020960367556448867,
    0.007420520333925494,
    0.010342629042575515,
    0.013695990435962686,
    0.007219764773789233,
    0.027957070596753356,
    0.017421121385157747,
    0.010803623291777299,
    0.1528344643926238,
    0.06352798169645234,
    0.09563400053602177,
    0.024700369287876243,
    0.016350425064431025,
    0.01829849753686437,
    0.13949537273023668,
    0.0267525372359358,
    0.0044017515407654235,
    0.006572885746683505,
    0.040842603401054854,
    0.015666369081744506,
    0.00665467504896124,
    0.016662711491309653,
    0.0278975874678241,
    0.03594268065550685,
    0.061334541317185784,
    0.36686219767122646,
    0.06376591421216939,
    0.01697499791818828,
    0.01643221436670876,
    0.37010402819787114,
    0.01562919212616372,
    0.007137975471511497,
    0.01100437885191356,
    0.005427835514795201,
    0.005866523590648513,
    0.021986451530478644,
    0.0062605993198048765,
    0.005353481603633623,
    0.0428799005668821,
    0.09045896831917592,
    0.2780092738331405,
    0.0038589679892859037,
    0.015302034917052775,
    0.39080415706525456,
    0.003940757291563639,
    0.0334146476760132,
    0.032678543955513575,
    0.011733047181297024,
    0.026611264804728803,
    0.0807334767392415,
    0.06554297268893108,
    0.253390693847542,
    0.0292731348243133,
    0.006476225662173453,
    0.12404462999086074,
    0.013368833226851742,
    0.004565330145320895,
    0.0014424658765346153,
    0.10877977202938877,
    0.574339351376494,
    0.03271572091109436,
    0.22495032282823837,
    0.01127205293209524,
    0.0114728084922315,
    0.17770584767617165,
    0.008625053694743059,
    0.015562273606118298,
    0.04224045693089252,
    0.008625053694743059,
    0.06105199645477178,
    0.010580561558292564,
    0.2770501083791562,
    0.19908259713512536,
    0.06732003116569282,
    0.011175392847585189,
    0.11927110889428744,
    0.23810352971272156,
    0.10971663131002464,
    0.06665828135635476,
    0.010320322869227041,
    0.010759010945080352,
    0.3405632192933762,
    0.0308420023498226,
    0.028209873894702732,
    0.00801535162321812,
    0.016967562527072124,
    0.014989748490174145,
    0.00750230963620323,
    0.057267382376647455,
    0.011457937709999186,
    0.009115789508409475,
    0.015800206121835348,
    0.03853763215504593,
    0.14135422050927612,
    0.010446724518201724,
    0.022767167597675216,
    0.05070936741219626,
    0.1755347134702536,
    0.05758710419464224,
    0.010692092425034931,
    0.34607284411044914,
    0.004015111202725218,
    0.007004138431420657,
    0.06847995217981344,
    0.014112372338467525,
    0.008401991961258326,
    0.05771350584361692,
    0.015644062908396032,
    0.12483278144917348,
    0.0054427062970275174,
    0.019086648995177098,
    0.0024016313305189724,
    0.026804584973748904,
    0.3921499628572791,
    0.16348937986207793,
    0.2793848211896297,
    0.039950356467115915,
    0.016692453055774284,
    0.014945136143477198,
    0.005271692301355887,
    0.007071056951466077,
    0.05712610994544045
  ],