{
  "hour": 22,
  "dispatch": 2,
  "load": 0.6433647331703926,
  "wind": 0.29510033549862635,
  "solar": 0.00041508299539624546,
  "gen": [
    47,
    1,
    2,
    3,
    4,
    5,
    6,
    7,
    8,
    9,
    10,
    11,
    12,
    13,
    14,
    15,
    16,
    17,
    18,
    19,
    20,
    21,
    22,
    23,
    24,
    25,
    26,
    27,
    28,
    29,
    30,
    31,
    32,
    33,
    34,
    35,
    36,
    37,
    38,
    39,
    40,
    41,
    42,
    43,
    44,
    45,
    46,
    48,
    49
  ],
  "pg": [
    3.0903890024234992,
    0.04507349565326737,
    0.04507349565590438,
    0.04507349565326821,
    0.045073495655904405,
    0.09024649564419755,
    0.2552617902063118,
    0.046764995755367564,
    0.02472940811478489,
    0.02472940811478489,
    0.02472940811478489,
    0.02472940811478489,
    0.02472940811478489,
    0.02472940811478489,
    0.0,
    0.023879995492852527,
    0.17909999548105165,
    0.17909999547638977,
    0.031839995361182705,
    0.04974999536534221,
    0.06268499536375263,
    0.17909999572505328,
    0.1994878267970714,
    0.4568153193518736,
    0.004131404696980769,
    0.39395894789066616,
    0.00016196538480361497,
    0.00016196538480361497,
    0.00016196538480361497,
    0.0005558791474346518,
    0.0005558791474346518,
    0.2726727100007308,
    6.724344525419176e-06,
    9.617473003331007e-05,
    9.617473003331007e-05,
    9.617473003331007e-05,
    9.617473003331007e-05,
    1.3790699951474705,
    0.1193999953086181,
    0.25869999528937476,
    0.09352999530769893,
    0.09352999531215596,
    0.0935299953071401,
    0.09352999530787014,
    0.09352999530761333,
    0.17412499575046408,
    0.0,
    0.6716249951709719,
    0.671624995170979
  ],
  "qg": [
    -0.46669874447331156,
    0.002259883961801398,
    0.002355074190906341,
    0.002404710927758055,
    0.0023114634070227173,
    0.00582159609426282,
    -0.18637839704264753,
    -0.005699431325998591,
    -0.03409941964861593,
    -0.034099430430346224,
    -0.0340994174949002,
    -0.03409943558374687,
    -0.034099435362804596,
    -0.034099415771031316,
    0.0005905359422217625,
    0.0013816758318352794,
    0.007652054043398761,
    0.009926473463723398,
    -0.0035992305790461033,
    -0.005499279600345085,
    -0.006999280210432496,
    -0.021999590832477142,
    -0.09747728914575009,
    -0.20596042460763317,
    -3.2876380739918314e-05,
    0.005693236673372159,
    0.02071123293637591,
    0.06280410195596545,
    0.09284963076390662,
    0.06257078146834491,
    0.06254991380715669,
    -0.07791523978956802,
    -0.0065984789092939445,
    -0.09419845821753184,
    -0.09419779000049726,
    -0.09419844918894961,
    -0.0941984484799557,
    0.05780223153532705,
    -0.013299711684533857,
    -0.028899707354451666,
    -0.010399708761249224,
    -0.010399711780905502,
    -0.01039970793309594,
    -0.010399708790086242,
    -0.01039970874743545,
    -0.021308772279536134,
    -0.03248901729184457,
    -0.03374779915219891,
    0.018801084705207416
  ],
  "pd": [
    0.04751248554463349,
    0.010905032227238154,
    0.05112819534505109,
    0.15271548671265608,
    0.27460093541178693,
    0.0019493951415062896,
    0.016238525865220708,
    0.28795718727240427,
    0.004593624194836603,
    0.004947474798080318,
    0.007282888779488844,
    0.02963337960982828,
    0.00907787638503424,
    0.01542145265409431,
    0.00870472483979541,
    0.015009699224865258,
    0.3801384862410581,
    0.003300461081164114,
    0.04142625516884158,
    0.1335753859008369,
    0.02298098826884642,
    0.1917677260160989,
    0.006594488514996524,
    0.04105310362360275,
    0.013156808793334527,
    0.24663387046087,
    0.006864701702928089,
    0.06142846472310908,
    0.01342058833393439,
    0.006111964965118729,
    0.020581237814120856,
    0.04077645678833949,
    0.00993355148015086,
    0.011722105438364553,
    0.002869406709939951,
    0.014263396134387603,
    0.00485097008810476,
    0.003564240621763975,
    0.018136451828073365,
    0.006420780037040517,
    0.008949203438400161,
    0.01185077838499863,
    0.006247071559084512,
    0.024190513967206752,
    0.015074035698182298,
    0.009348089572965804,
    0.1322436209031742,
    0.054969082802078344,
    0.0827495719803759,
    0.02137257643592044,
    0.014147590482416931,
    0.01583320608332336,
    0.12070165759009735,
    0.023148263099470722,
    0.003808719220368724,
    0.00568734424122627,
    0.035340024793049665,
    0.01355569492790017,
    0.005758114361875013,
    0.014417803670348497,
    0.024139044788553127,
    0.031100251201456767,
    0.05307115683922569,
    0.3174361593462718,
    0.055174959516692865,
    0.014688016858280062,
    0.014218360603065677,
    0.3202412295828946,
    0.013523526691241652,
    0.006176301438435768,
    0.00952179805092181,
    0.004696562552143866,
    0.005076147744714398,
    0.019024295159848506,
    0.005417131053294706,
    0.004632226078826826,
    0.03710284416193655,
    0.07827175343750996,
    0.24055407373240978,
    0.0033390629651543374,
    0.01324044620864668,
    0.33815250375435835,
    0.0034098330858030805,
    0.028912811108677442,
    0.028275880022838755,
    0.010152295489428793,
    0.02302602380016835,
    0.06985654272764122,
    0.0567126012289701,
    0.21925226741713807,
    0.025329269544918355,
    0.00560370682591412,
    0.10733253843481659,
    0.011567697902403657,
    0.00395025946166621,
    0.0012481275823505616,
    0.09412426046282844,
    0.49696065449013804,
    0.02830804825949727,
    0.19464356637337055,
    0.00975340935486315,
    0.009927117832819157,
    0.15376417122772382,
    0.007463030904776553,
    0.013465623865256317,
    0.03654955049141,
    0.007463030904776553,
    0.052826678240620935,
    0.009155080153014685,
    0.23972413322662003,
    0.1722609073063726,
    0.058250242941247345,
    0.009669771939551,
    0.10320213684786267,
    0.2060246885031548,
    0.09493490002662312,
    0.05767764832872569,
    0.008929902496405049,
    0.00930948768897558,
    0.2946803487340349,
    0.026686769131907886,
    0.024409257976484695,
    0.006935471823576831,
    0.014681583210948358,
    0.012970233020715115,
    0.0064915501576892605,
    0.049551951748783636,
    0.009914250538155749,
    0.007887651628669013,
    0.013671500579870842,
    0.03334559412022145,
    0.12231006942302333,
    0.009039274501044015,
    0.01969982812967742,
    0.04387747480222077,
    0.15188554620686628,
    0.04982859858404691,
    0.009251584862990245,
    0.29944768140682754,
    0.00347416955912012,
    0.006060495786465098,
    0.05925389192499316,
    0.012211062635574052,
    0.007270021484825436,
    0.04993797058868587,
    0.01353639398590506,
    0.10801450505197721,
    0.004709429846807274,
    0.016515172700483974,
    0.002078068088140368,
    0.023193298630792652,
    0.33931699392139675,
    0.1414630375295059,
    0.241744298488775,
    0.03456798711324519,
    0.014443538259675313,
    0.01293163113672489,
    0.004561455958178084,
    0.006118398612450433,
    0.04942971244948126
  ],