{
  "hour": 2,
  "dispatch": 3,
  "load": 0.6716747401438594,
  "wind": 0.37546899816906654,
  "solar": 0.00042951990337121307,
  "gen": [
    47,
    1,
    2,
    3,
    4,
    5,
    6,
    7,
    8,
    9,
    10,
    11,
    12,
    13,
    14,
    15,
    16,
    17,
    18,
    19,
    20,
    21,
    22,
    23,
    24,
    25,
    26,
    27,
    28,
    29,
    30,
    31,
    32,
    33,
    34,
    35,
    36,
    37,
    38,
    39,
    40,
    41,
    42,
    43,
    44,
    45,
    46,
    48,
    49
  ],
  "pg": [
    3.040494044237079,
    0.0450734978563975,
    0.045073497857693996,
    0.04507349785639756,
    0.045073497857694,
    0.09024649785192577,
    0.32478068341624255,
    0.046764997910969525,
    0.031464302046567784,
    0.031464302046567784,
    0.031464302046567784,
    0.031464302046567784,
    0.031464302046567784,
    0.031464302046567784,
    0.0,
    0.023879997784529258,
    0.17909999777869565,
    0.1790999977764104,
    0.031839997717500484,
    0.04974999771956631,
    0.06268499771878334,
    0.17909999789649042,
    0.25381704276228895,
    0.581226009165715,
    0.005256565974366931,
    0.5012511125557038,
    0.00016759866629544734,
    0.00016759866629544734,
    0.00016759866629544734,
    0.0005752130545947286,
    0.0005752130545947286,
    0.3469333543082175,
    6.958222434613651e-06,
    9.951976161111008e-05,
    9.951976161111008e-05,
    9.951976161111008e-05,
    9.951976161111008e-05,
    1.3790699976165877,
    0.11939999769148336,
    0.25869999768201873,
    0.09352999769103476,
    0.09352999769322613,
    0.09352999769076098,
    0.09352999769111917,
    0.09352999769099256,
    0.17412499791246872,
    0.0,
    0.6716249976223585,
    0.671624997622359
  ],
  "qg": [
    -0.46669936524234534,
    0.002754153360496213,
    0.0029736038460574433,
    0.002899081062170919,
    0.0029298248864213544,
    0.006448943996414603,
    -0.17807476032020036,
    -0.005699711336585596,
    -0.03409970459533937,
    -0.0340997103604368,
    -0.034099703501483274,
    -0.034099713072116414,
    -0.034099712959124465,
    -0.03409970262587472,
    0.0007331120814562979,
    0.001466196831423708,
    0.00847246082779173,
    0.010574573846138458,
    -0.0035996133590317884,
    -0.005499637303008617,
    -0.006999637436727251,
    -0.02199979382336606,
    -0.08984552875756215,
    -0.18688756125618194,
    0.0003414910316138548,
    0.029449108518214643,
    0.023372322133616688,
    0.070889675951105,
    0.10478934932701431,
    0.08154370063734026,
    0.08150797591498576,
    -0.06570823740858428,
    -0.006599105022703297,
    -0.09419904993329625,
    -0.09419841437041612,
    -0.09419904403411936,
    -0.09419904357590513,
    0.07609091501738874,
    -0.013299858391874505,
    -0.028899856269080506,
    -0.010399856988999723,
    -0.010399858452962865,
    -0.010399856590067811,
    -0.010399857004005671,
    -0.010399856981783473,
    -0.021162302243165832,
    -0.032486508508804676,
    -0.0297634066142555,
    0.02260620913482795
  ],
  "pd": [
    0.04960317955962402,
    0.011384886845438418,
    0.05337799159923251,
    0.1594354330679479,
    0.28668421258820204,
    0.0020351744626358943,
    0.01695307044123101,
    0.30062818019358856,
    0.004795757644627156,
    0.005165178751706279,
    0.007603358058428489,
    0.030937338531026162,
    0.009477330583429856,
    0.01610004352124831,
    0.009087759234146418,
    0.01567017168755624,
    0.39686573696140076,
    0.0034456914169379987,
    0.04324913651786311,
    0.1394531095486681,
    0.02399222171793866,
    0.2002060897946802,
    0.0068846660864745595,
    0.04285956516857967,
    0.013735748435941924,
    0.25748651163414854,
    0.0071667694773349805,
    0.06413150418893569,
    0.014011135079400907,
    0.0063809100313666645,
    0.021486874937202062,
    0.04257074503031781,
    0.01037065798782119,
    0.012237913765421118,
    0.002995669341041613,
    0.014891028988989363,
    0.0050644275406847,
    0.0037210780603969817,
    0.018934510924655396,
    0.006703313906635717,
    0.009342995635401084,
    0.01237224871344989,
    0.006521961726796875,
    0.025254970229409104,
    0.015737339161570624,
    0.009759433974290277,
    0.1380627428365703,
    0.05738788979789135,
    0.0863908050773032,
    0.02231303486757901,
    0.014770127535763468,
    0.016529915354940382,
    0.12601289799838947,
    0.024166857150376062,
    0.003976314461651647,
    0.005937604702871717,
    0.0368950934761022,
    0.014152186774831117,
    0.006011488924287541,
    0.015052230926623889,
    0.025201236250197604,
    0.03246875693855415,
    0.05540644931446697,
    0.3314043167869803,
    0.057602825714737384,
    0.01533433431748431,
    0.014844011757179294,
    0.33433281865400744,
    0.014118603037823925,
    0.0064480775053810495,
    0.00994078615412912,
    0.004903225603050174,
    0.005299513699735052,
    0.019861422066053923,
    0.005655501312011296,
    0.004836058129035788,
    0.03873548226409638,
    0.08171594888590195,
    0.251139185339789,
    0.0034859919013466305,
    0.013823066152160628,
    0.35303224341961253,
    0.0035598761227624547,
    0.030185062822065043,
    0.029520104829322623,
    0.010599027399470102,
    0.02403923894974873,
    0.07293044328482025,
    0.0592081283436812,
    0.22890003469362583,
    0.026443834519463746,
    0.005850286986653016,
    0.11205549689820007,
    0.012076711827786591,
    0.004124082904483297,
    0.0013030489958790873,
    0.09826601448304664,
    0.5188284362767228,
    0.02955368856632981,
    0.2032084758831232,
    0.010182589060580909,
    0.01036394124041975,
    0.16053026289438238,
    0.0077914269856687686,
    0.014058152311210978,
    0.038157841987572653,
    0.0077914269856687686,
    0.055151212913212296,
    0.00955793155224712,
    0.2502727249250035,
    0.17984091167351834,
    0.06081343097262504,
    0.010095271344362207,
    0.10774334506647648,
    0.2150904020362681,
    0.09911232465562789,
    0.06021564045389699,
    0.009322845393196768,
    0.009719133489881645,
    0.3076471812280919,
    0.027861068221167292,
    0.025483339641058027,
    0.007240653698750804,
    0.015327617570082872,
    0.013540962761300207,
    0.0067771981280515415,
    0.051732388485880056,
    0.010350507745616874,
    0.008234732314163716,
    0.014273088228057014,
    0.03481290178165623,
    0.1276920848487491,
    0.009437030099021224,
    0.020566680543204978,
    0.04580821727781121,
    0.15856897265316233,
    0.05202120862414192,
    0.009658682763268698,
    0.31262429105255796,
    0.003627043596776841,
    0.0063271760521551555,
    0.061861243567249466,
    0.012748386567930451,
    0.007589924563625611,
    0.05213539332996636,
    0.014132036532626803,
    0.11276747212275257,
    0.004916659097853051,
    0.01724189057949287,
    0.002169509410664666,
    0.02421387438218613,
    0.35424797469927294,
    0.1476878418628318,
    0.25238178360905517,
    0.03608908378792957,
    0.015079097916229644,
    0.013500662276891574,
    0.004762173907619963,
    0.0063876267787681025,
    0.05160477028525272
  ],