{
  "hour": 3,
  "dispatch": 0,
  "load": 0.6736723684060674,
  "wind": 0.4624796026755602,
  "solar": 0.0004209576669275359,
  "gen": [
    47,
    1,
    2,
    3,
    4,
    5,
    6,
    7,
    8,
    9,
    10,
    11,
    12,
    13,
    14,
    15,
    16,
    17,
    18,
    19,
    20,
    21,
    22,
    23,
    24,
    25,
    26,
    27,
    28,
    29,
    30,
    31,
    32,
    33,
    34,
    35,
    36,
    37,
    38,
    39,
    40,
    41,
    42,
    43,
    44,
    45,
    46,
    48,
    49
  ],
  "pg": [
    2.5561832106674043,
    0.04507349629056149,
    0.045073496292801336,
    0.04507349629056194,
    0.0450734962928013,
    0.09024649628283286,
    0.4000448563143596,
    0.04676499639320271,
    0.03875579070421195,
    0.03875579070421195,
    0.03875579070421195,
    0.03875579070421195,
    0.03875579070421195,
    0.03875579070421195,
    0.0,
    0.023879996172661237,
    0.1790999961625673,
    0.17909999615861424,
    0.03183999606512225,
    0.04974999606858712,
    0.06268499606723268,
    0.17909999637002996,
    0.31263621140867864,
    0.7159184249417673,
    0.006474714437457843,
    0.6174102695718728,
    0.0001642576816351245,
    0.0001642576816351245,
    0.0001642576816351245,
    0.000563746507549356,
    0.000563746507549356,
    0.4273311528722176,
    6.819514204226081e-06,
    9.753589142711006e-05,
    9.753589142711006e-05,
    9.753589142711006e-05,
    9.753589142711006e-05,
    1.3790699958871468,
    0.11939999601724623,
    0.2586999960007902,
    0.09352999601644207,
    0.09352999602025074,
    0.09352999601595444,
    0.09352999601658585,
    0.09352999601637019,
    0.17412499639930729,
    0.0,
    0.6716249958934475,
    0.6716249958934511
  ],
  "qg": [
    -0.4666990105193948,
    0.0029831880419722416,
    0.003261267258546327,
    0.0031275153139529444,
    0.0032176826009013082,
    0.0067316972535440426,
    -0.16575109268608793,
    -0.005699497317862923,
    -0.03409948559786936,
    -0.034099495970840124,
    -0.03409948374156837,
    -0.03409950076330519,
    -0.03409950057150179,
    -0.03409948226237288,
    0.0007619805607300982,
    0.0014723848039702836,
    0.008522674959288209,
    0.010614963005863322,
    -0.00359936683921289,
    -0.005499404984629783,
    -0.006999405369179938,
    -0.021999642371728623,
    -0.09721848318729337,
    -0.19912342232578298,
    0.00014945110373268904,
    0.02700817171666325,
    0.02345637934200704,
    0.07114483800122473,
    0.10516599590502289,
    0.0811129373256405,
    0.08107772881738631,
    -0.06095938546108457,
    -0.006598432384614109,
    -0.09419834170759406,
    -0.09419723426060099,
    -0.0941983324843104,
    -0.09419833177164466,
    0.07255595053218124,
    -0.01329975263797722,
    -0.028899748814244994,
    -0.010399750100702139,
    -0.010399752726073424,
    -0.010399749376265388,
    -0.010399750125036628,
    -0.010399750089048341,
    -0.021115824713742275,
    -0.03247716679736899,
    -0.02962683786129508,
    0.022714105082783254
  ],
  "pd": [
    0.049750704406788075,
    0.011418746644482843,
    0.053536743117230175,
    0.1599096100885482,
    0.28753684028307763,
    0.0020412272762703842,
    0.01700349057856914,
    0.30152227865118764,
    0.0048100207104193205,
    0.005180540513042658,
    0.007625971210356683,
    0.03102934928878346,
    0.00950551711820961,
    0.016147926670693435,
    0.009114787144534092,
    0.01571677635491355,
    0.39804605559640893,
    0.0034559392499231255,
    0.04337776380166668,
    0.1398678571284677,
    0.024063576999464726,
    0.2008015228507965,
    0.006905141776162191,
    0.04298703382799116,
    0.013776599933904078,
    0.2582523024284659,
    0.007188084170892739,
    0.0643222377354113,
    0.014052805604950565,
    0.00639988749985764,
    0.021550779065310093,
    0.04269735470957656,
    0.01040150136818968,
    0.012274310552358548,
    0.0030045787630910608,
    0.014935316407562512,
    0.005079489657781748,
    0.0037321449209696137,
    0.018990824065367038,
    0.006723250236692552,
    0.009370782644528397,
    0.01240904502603976,
    0.006541358697222914,
    0.025330081052068125,
    0.015784143591754157,
    0.009788459512940158,
    0.13847335532586716,
    0.0575585671566144,
    0.0866477400243884,
    0.02237939607844956,
    0.01481405538124942,
    0.016579076986473318,
    0.1263876730366623,
    0.024238731815250304,
    0.0039881404209639185,
    0.005955263736709636,
    0.037004823196545286,
    0.01419427680231584,
    0.006029367697234302,
    0.015096997775979969,
    0.025276187262595645,
    0.03256532228874929,
    0.055571233669816505,
    0.33238994657155374,
    0.05777414231450434,
    0.015379940170710519,
    0.01488815934177409,
    0.33532715809780406,
    0.014160593183895537,
    0.006467254736698246,
    0.009970351052409798,
    0.004917808289364292,
    0.005315274986723872,
    0.019920491933767413,
    0.0056723213419790875,
    0.004850441052523685,
    0.038850685485977914,
    0.08195898034028216,
    0.2518860985470286,
    0.0034963595920274896,
    0.013864177341796867,
    0.35408219683422903,
    0.003570463552552157,
    0.030274836236168667,
    0.029607900591446662,
    0.010630549973447742,
    0.024110734065253152,
    0.07314734576153079,
    0.059384219274994834,
    0.2295808064291037,
    0.026522481144146872,
    0.0058676863288168474,
    0.11238876122118423,
    0.012112629183941091,
    0.004136348342013253,
    0.0013069243947077707,
    0.09855826749780766,
    0.5203714842515826,
    0.029641584209866963,
    0.2038128383375716,
    0.01021287310503598,
    0.01039476464450562,
    0.1610076960490501,
    0.00781459947351038,
    0.014099962670738991,
    0.03827132724914869,
    0.00781459947351038,
    0.055315238169822194,
    0.009586357802418339,
    0.25101706119178485,
    0.18037577664072452,
    0.06099429623548534,
    0.010125295697143193,
    0.10806378461601726,
    0.21573010253467495,
    0.09940709468199929,
    0.06039472782760393,
    0.009350572473476215,
    0.009748039170835795,
    0.308562154901031,
    0.027943929841483677,
    0.025559129657326197,
    0.007262188131417406,
    0.015373203447026458,
    0.013581234947066319,
    0.006797354197217219,
    0.051886245814635315,
    0.010381291197137498,
    0.008259223236658385,
    0.014315537828628933,
    0.034916438854486476,
    0.12807185395767748,
    0.009465096776105247,
    0.020627847920593783,
    0.04594445552529379,
    0.15904057273330438,
    0.05217592493304992,
    0.00968740865767925,
    0.31355406715092,
    0.003637830789392764,
    0.006345993710385155,
    0.06204522513019881,
    0.01278630155234716,
    0.0076124977629885605,
    0.052290449235678944,
    0.014174066631263657,
    0.11310285393169466,
    0.004931281736732413,
    0.01729316969698375,
    0.0021759617499515975,
    0.024285888881038727,
    0.355301543821044,
    0.1481270803651261,
    0.2531323924285798,
    0.036196416354458,
    0.015123944670716214,
    0.013540814604961954,
    0.004776337091999017,
    0.0064066242235417,
    0.051758248064638156
  ],