{
  "hour": 3,
  "dispatch": 1,
  "load": 0.6734116795288165,
  "wind": 0.49244894271554385,
  "solar": 0.0004303379815837512,
  "gen": [
    47,
    1,
    2,
    3,
    4,
    5,
    6,
    7,
    8,
    9,
    10,
    11,
    12,
    13,
    14,
    15,
    16,
    17,
    18,
    19,
    20,
    21,
    22,
    23,
    24,
    25,
    26,
    27,
    28,
    29,
    30,
    31,
    32,
    33,
    34,
    35,
    36,
    37,
    38,
    39,
    40,
    41,
    42,
    43,
    44,
    45,
    46,
    48,
    49
  ],
  "pg": [
    2.3754229893226992,
    0.04507349743438114,
    0.04507349743592915,
    0.045073497434381285,
    0.04507349743592913,
    0.09024649742903332,
    0.4259683354489454,
    0.046764997507322936,
    0.041267221399562584,
    0.041267221399562584,
    0.041267221399562584,
    0.041267221399562584,
    0.041267221399562584,
    0.041267221399562584,
    0.0,
    0.02387999735422541,
    0.17909999734721851,
    0.17909999734448415,
    0.031839997282129766,
    0.049749997284489506,
    0.06268499728355063,
    0.17909999749176786,
    0.33289548527570756,
    0.7623109633236619,
    0.006894285198017614,
    0.657419338525251,
    0.00016791788041397972,
    0.00016791788041397972,
    0.00016791788041397972,
    0.0005763086249369596,
    0.0005763086249369596,
    0.4550228230691625,
    6.971475301656769e-06,
    9.970931033295515e-05,
    9.970931033295515e-05,
    9.970931033295515e-05,
    9.970931033295515e-05,
    1.3790699971579525,
    0.11939999724826315,
    0.2586999972368613,
    0.09352999724770195,
    0.09352999725033982,
    0.09352999724736161,
    0.09352999724780087,
    0.09352999724765247,
    0.1741249975123197,
    0.0,
    0.6716249971616035,
    0.6716249971616047
  ],
  "qg": [
    -0.4666993402658829,
    0.0030615924109098167,
    0.003359778884035361,
    0.0032059096526098445,
    0.003316173382704772,
    0.006829825548700697,
    -0.16115553453428053,
    -0.005699654385394819,
    -0.03409964618880459,
    -0.03409965322656793,
    -0.034099644906564565,
    -0.034099656495415964,
    -0.03409965636202032,
    -0.0340996438832491,
    0.000747346021209508,
    0.0014713269579167034,
    0.008518112204201869,
    0.01061165710663433,
    -0.003599572969913782,
    -0.00549959725284209,
    -0.00699959739848483,
    -0.021999753564933923,
    -0.09965790437181674,
    -0.2029362108261369,
    6.722841737368546e-05,
    0.02605805329089742,
    0.023394115989721763,
    0.0709558478529271,
    0.10488700851911044,
    0.0803367485554027,
    0.08030210805837487,
    -0.05908402863115338,
    -0.0065990286726551,
    -0.09419897350351673,
    -0.09419840627267635,
    -0.0941989671665796,
    -0.09419896667256213,
    0.0708677443839071,
    -0.013299828416772881,
    -0.02889982573352288,
    -0.010399826661873461,
    -0.010399828485370103,
    -0.010399826158363313,
    -0.010399826678972119,
    -0.010399826653674117,
    -0.02124163739650966,
    -0.03248863233551265,
    -0.029650923381930733,
    0.02268670674772591
  ],
  "pd": [
    0.0497314525332031,
    0.01141432796801344,
    0.05351602617215505,
    0.1598477303697552,
    0.28742557305648947,
    0.002040437388972314,
    0.01699691079130733,
    0.3014055995235077,
    0.00480815939183575,
    0.005178535815576599,
    0.007623020212266203,
    0.031017341959097288,
    0.0095018387981516,
    0.016141677958305733,
    0.009111260024024887,
    0.01571069448340729,
    0.3978920249663965,
    0.003454601915982829,
    0.0433609780448605,
    0.13981373290377289,
    0.024054265192769327,
    0.20072381931715436,
    0.00690246971517037,
    0.04297039927073379,
    0.013771268846364298,
    0.25815236734737185,
    0.007185302620572473,
    0.0642973471614114,
    0.014047367634971114,
    0.0063974109555237565,
    0.02154243962812684,
    0.042680832248536395,
    0.010397476331924928,
    0.012269560801015038,
    0.003003416090698522,
    0.01492953693515386,
    0.005077524063647277,
    0.003730700704589644,
    0.018983475245917338,
    0.006720648561697589,
    0.009367156462245839,
    0.0124042431369208,
    0.006538827408224809,
    0.02532027915028349,
    0.01577803565136017,
    0.009784671703553703,
    0.13841977072714826,
    0.05753629389894208,
    0.08661421022099638,
    0.022370735993947285,
    0.014808322832838675,
    0.016572661433204176,
    0.12633876519640128,
    0.02422935222944682,
    0.003986597142810594,
    0.005952959247034739,
    0.036990503556517895,
    0.014188784087672164,
    0.006027034531782907,
    0.015091155738240778,
    0.025266406215921196,
    0.032552720588422984,
    0.055549729444332084,
    0.33226132267951813,
    0.05775178563639131,
    0.015373988643642882,
    0.014882398117586846,
    0.3351973976022637,
    0.014155113503695724,
    0.0064647521234766385,
    0.009966492857026485,
    0.0049159052605603605,
    0.005313218151482363,
    0.019912783363667103,
    0.0056701263416326355,
    0.004848564092607479,
    0.03883565155842686,
    0.08192726493147583,
    0.2517886269758245,
    0.0034950066167545577,
    0.013858812364703045,
    0.35394517876034604,
    0.0035690819015027275,
    0.030263120878025015,
    0.029596443315291487,
    0.010626436302964724,
    0.024101404010336346,
    0.07311904016323889,
    0.05936123955046517,
    0.22949196626662538,
    0.026512217823049508,
    0.005865415728695992,
    0.11234527049579246,
    0.012107941997928121,
    0.004134747712306933,
    0.001306418658285904,
    0.09852012871506587,
    0.520170117735239,
    0.029630113899267927,
    0.20373396952464815,
    0.010208921061656858,
    0.010390742215129638,
    0.16094539140738714,
    0.0078115754825342715,
    0.01409450645253813,
    0.038256517514032064,
    0.0078115754825342715,
    0.055293833006111126,
    0.009582648199695058,
    0.2509199259092324,
    0.18030597719384062,
    0.06097069346453905,
    0.010121377543318112,
    0.10802196751321745,
    0.21564662213551292,
    0.09936862743127217,
    0.0603713570697584,
    0.009346954111859974,
    0.009744267002781975,
    0.30844275157458384,
    0.027933116466855312,
    0.0255492391213233,
    0.007259377905320642,
    0.015367254526847594,
    0.013575979459300941,
    0.006794723846445759,
    0.05186616755730945,
    0.010377273981539063,
    0.00825602719102329,
    0.014309998189987353,
    0.03490292734997856,
    0.1280222943952233,
    0.009461434097379873,
    0.020619865627172364,
    0.045926676543865286,
    0.15897902930316302,
    0.05215573457950684,
    0.009683659951624382,
    0.31343273211989237,
    0.0036364230694556094,
    0.006343538021161451,
    0.06202121568460401,
    0.012781353677456938,
    0.007609551978675627,
    0.052270214565026736,
    0.0141685817372863,
    0.11305908687609302,
    0.004929373494150937,
    0.01728647781350472,
    0.0021751197248780774,
    0.024276491047013835,
    0.35516405390029315,
    0.14806976009479617,
    0.25303443858295277,
    0.03618240954108331,
    0.015118092205421933,
    0.013535574758529212,
    0.004774488807859309,
    0.006404145072319045,
    0.05173821933819897
  ],