{
  "hour": 4,
  "dispatch": 0,
  "load": 0.6730697906853182,
  "wind": 0.4376612910900062,
  "solar": 0.0004469244583706961,
  "gen": [
    47,
    1,
    2,
    3,
    4,
    5,
    6,
    7,
    8,
    9,
    10,
    11,
    12,
    13,
    14,
    15,
    16,
    17,
    18,
    19,
    20,
    21,
    22,
    23,
    24,
    25,
    26,
    27,
    28,
    29,
    30,
    31,
    32,
    33,
    34,
    35,
    36,
    37,
    38,
    39,
    40,
    41,
    42,
    43,
    44,
    45,
    46,
    48,
    49
  ],
  "pg": [
    2.6935548858191165,
    0.04507349612197108,
    0.045073496124314175,
    0.045073496121971666,
    0.04507349612431411,
    0.09024649611389154,
    0.3785770167928553,
    0.046764996226839516,
    0.03667601619334252,
    0.03667601619334252,
    0.03667601619334252,
    0.03667601619334252,
    0.03667601619334252,
    0.03667601619334252,
    0.0,
    0.02387999599675766,
    0.17909999598622395,
    0.1790999959820905,
    0.031839995881849645,
    0.049749995885507825,
    0.06268499588409283,
    0.17909999620205416,
    0.29585903277684417,
    0.6774996786073296,
    0.006127258075260087,
    0.5842778236051582,
    0.0001743899236562456,
    0.0001743899236562456,
    0.0001743899236562456,
    0.0005985212346500361,
    0.0005985212346500361,
    0.40439903296716573,
    7.240176225605276e-06,
    0.00010355239700449028,
    0.00010355239700449028,
    0.00010355239700449028,
    0.00010355239700449028,
    1.3790699956967716,
    0.11939999583265223,
    0.2586999958154697,
    0.09352999583181815,
    0.09352999583579578,
    0.09352999583131195,
    0.09352999583196907,
    0.09352999583174268,
    0.17412499623215555,
    0.0,
    0.6716249957044649,
    0.6716249957044692
  ],
  "qg": [
    -0.46669893680990904,
    0.0029125292905978926,
    0.0031725600189229,
    0.0030569296553618445,
    0.003128968239950635,
    0.006643631082510077,
    -0.16939017064653739,
    -0.0056994746570881325,
    -0.03409946273204418,
    -0.034099473488314165,
    -0.03409946078158535,
    -0.034099478478069996,
    -0.034099478276507264,
    -0.03409945922505866,
    0.0007673954478273793,
    0.001470461436983277,
    0.008502669372883891,
    0.010598943869601505,
    -0.0035993271272728826,
    -0.005499368607620695,
    -0.006999369048590523,
    -0.021999626181532464,
    -0.09540171790669769,
    -0.19632861594333492,
    0.000201221060454752,
    0.027291058201693082,
    0.0234276881082173,
    0.07105760394643687,
    0.10503719306467058,
    0.08117090273766038,
    0.08113565853866803,
    -0.06257794954118912,
    -0.006598340207141289,
    -0.09419829641395794,
    -0.09419716999412021,
    -0.09419828683924142,
    -0.09419828609709371,
    0.07342264103635428,
    -0.013299741979166326,
    -0.028899738024060442,
    -0.010399739342307422,
    -0.010399742069824365,
    -0.01039973859100174,
    -0.010399739367825926,
    -0.010399739330084963,
    -0.02108054365119272,
    -0.03247595614054045,
    -0.02969761787266547,
    0.02265147754997502
  ],
  "pd": [
    0.04970620404211075,
    0.011408532952116144,
    0.05348885626576224,
    0.159766576214974,
    0.28727964806030754,
    0.0020394014657765143,
    0.016988281516897432,
    0.30125257691493473,
    0.004805718305493172,
    0.005175906690370097,
    0.007619150030557803,
    0.031001594558965756,
    0.00949701474656984,
    0.01613348288272708,
    0.009106634267972357,
    0.015702718216688474,
    0.3976900165243271,
    0.0034528480262156825,
    0.04333896382222764,
    0.13974274994208577,
    0.02404205292327957,
    0.20062191250957281,
    0.006898965354524512,
    0.042948583343630164,
    0.013764277219514757,
    0.25802130425921677,
    0.007181654666612346,
    0.06426470361463418,
    0.014040235833695739,
    0.006394163011510523,
    0.02153150260402333,
    0.04265916333363547,
    0.010392197568181313,
    0.012263331586286499,
    0.0030018912664565196,
    0.014921957259493504,
    0.005074946221767299,
    0.0037288066403966635,
    0.01897383739941912,
    0.006717236511039476,
    0.009362400788432777,
    0.01239794554442356,
    0.00653550766755444,
    0.02530742412976796,
    0.015770025195757008,
    0.009779704058657674,
    0.13834949547536718,
    0.05750708291615359,
    0.08657023647794564,
    0.022359378446566273,
    0.014800804697170147,
    0.016564247548765683,
    0.12627462343047255,
    0.02421705106885775,
    0.003984573160857084,
    0.0059499369496582135,
    0.03697172360234453,
    0.014181580489739654,
    0.006023974626633598,
    0.015083494009257981,
    0.02525357854651314,
    0.032536193681728276,
    0.05552152703363191,
    0.3320926347241361,
    0.0577224652491729,
    0.015366183321345815,
    0.014874842374145535,
    0.335027219011524,
    0.01414792700020539,
    0.006461469990579055,
    0.00996143290214271,
    0.004913409472002824,
    0.005310520648507162,
    0.01990267371056486,
    0.0056672476375703796,
    0.004846102492934291,
    0.03881593482882231,
    0.08188567073477582,
    0.2516607947372405,
    0.0034932322136568016,
    0.013851776292303851,
    0.3537654819842033,
    0.0035672698906321866,
    0.030247756393398204,
    0.02958141730061974,
    0.01062104129701432,
    0.02408916780862754,
    0.07308191787261185,
    0.059331102048910796,
    0.2293754539676496,
    0.026498757659280982,
    0.005862437876869122,
    0.11228823318003164,
    0.012101794836522023,
    0.0041326485148078535,
    0.0013057553939295175,
    0.09847011037726207,
    0.5199060291169673,
    0.029615070790154,
    0.20363053447393617,
    0.010203738026789425,
    0.01038546687027446,
    0.16086367997379106,
    0.007807609571949691,
    0.014087350719043712,
    0.03823709480883293,
    0.007807609571949691,
    0.05526576051317148,
    0.009577783121452079,
    0.2507925347072565,
    0.18021443645599394,
    0.06093973884864872,
    0.010116238954000333,
    0.1079671251238319,
    0.21553713907115948,
    0.09931817831352556,
    0.06034070673493878,
    0.009342208694712218,
    0.009739319871216555,
    0.3082861562275963,
    0.027918934917627,
    0.025536267858600976,
    0.0072556923435877305,
    0.015359452623438963,
    0.013569086980216017,
    0.006791274188014861,
    0.05183983527858321,
    0.010372005474460754,
    0.008251835633802001,
    0.014302733052063013,
    0.034885207251220046,
    0.12795729790718585,
    0.009456630559128721,
    0.020609396990784446,
    0.045903359724738704,
    0.15889831618498995,
    0.052129255288577904,
    0.009678743590054877,
    0.31327360337657456,
    0.0036345768697007186,
    0.006340317428255697,
    0.06198972772211782,
    0.01277486462720734,
    0.007605688634744096,
    0.0522436771529944,
    0.014161388396019096,
    0.11300168715815809,
    0.0049268708678165294,
    0.01727770152689212,
    0.002174015423913578,
    0.024264165954205722,
    0.35498373830534374,
    0.14799458557588777,
    0.2529059738500083,
    0.03616403985352215,
    0.015110416800885396,
    0.013528702792774896,
    0.004772064815958907,
    0.006400893709417376,
    0.051711952018353
  ],