{
  "hour": 5,
  "dispatch": 3,
  "load": 0.6640027933459658,
  "wind": 0.7045287113553435,
  "solar": 0.0004918675073854125,
  "gen": [
    47,
    1,
    2,
    3,
    4,
    5,
    6,
    7,
    8,
    9,
    10,
    11,
    12,
    13,
    14,
    15,
    16,
    17,
    18,
    19,
    20,
    21,
    22,
    23,
    24,
    25,
    26,
    27,
    28,
    29,
    30,
    31,
    32,
    33,
    34,
    35,
    36,
    37,
    38,
    39,
    40,
    41,
    42,
    43,
    44,
    45,
    46,
    48,
    49
  ],
  "pg": [
    0.9892323234695808,
    0.045073498238872016,
    0.045073498239929934,
    0.04507349823887207,
    0.04507349823992993,
    0.09024649823520248,
    0.6094173353223721,
    0.046764998298375715,
    0.05903950601157779,
    0.05903950601157779,
    0.05903950601157779,
    0.05903950601157779,
    0.05903950601157779,
    0.05903950601157779,
    0.0,
    0.023879998189602118,
    0.1790999981847304,
    0.17909999818285255,
    0.03183999815269284,
    0.049749998154179534,
    0.06268499815353205,
    0.17909999829010378,
    0.4762614088762121,
    1.0906104451780716,
    0.009863401958974808,
    0.9405458296593835,
    0.00019192670138178797,
    0.00019192670138178797,
    0.00019192670138178797,
    0.0006587089658905444,
    0.0006587089658905444,
    0.6509845292923374,
    7.968253619643682e-06,
    0.00011396570146120009,
    0.00011396570146120009,
    0.00011396570146120009,
    0.00011396570146120009,
    1.3790699980609096,
    0.1193999981254544,
    0.258699998117595,
    0.09352999812506271,
    0.09352999812687506,
    0.0935299981248237,
    0.09352999812512937,
    0.09352999812502938,
    0.17412499830503728,
    0.0,
    0.6716249980608654,
    0.671624998060866
  ],
  "qg": [
    -0.46669962159297174,
    0.003694442864870994,
    0.0041543663386183,
    0.0038378164211993874,
    0.004111000337283694,
    0.007617634224412148,
    -0.12442995645493986,
    -0.005699768625418608,
    -0.03409976304082443,
    -0.03409976772633446,
    -0.0340997622161377,
    -0.034099769878381356,
    -0.03409976979050272,
    -0.03409976156110339,
    0.000672522619356295,
    0.0014370608688793922,
    0.008202203970990734,
    0.010357492697433489,
    -0.0035997418104163938,
    -0.005499754272214342,
    -0.006999754293764076,
    -0.021999833574971504,
    -0.10995387908149815,
    -0.2124146186753243,
    -0.00044132229434966364,
    0.026132948201858554,
    0.0222422865811239,
    0.06745577803660496,
    0.09971920041415668,
    0.07049128786736546,
    0.07046458388505773,
    -0.03954989058712226,
    -0.006599480175238686,
    -0.0941994563327701,
    -0.09419927681993637,
    -0.0941994529609361,
    -0.09419945269352029,
    0.055486286529518127,
    -0.013299881903518057,
    -0.0288998799982932,
    -0.010399880679647472,
    -0.010399881953543449,
    -0.010399880325439785,
    -0.010399880691174066,
    -0.010399880674122073,
    -0.021378094927162906,
    -0.03249712870839722,
    -0.02962964053159471,
    0.02264961597201861
  ],
  "pd": [
    0.04903660628859957,
    0.01125484734721412,
    0.0527683019872039,
    0.1576143430565319,
    0.2834096722559251,
    0.0020119284638382764,
    0.016759430504052177,
    0.2971943702457874,
    0.0047409799444901955,
    0.0051061814808304766,
    0.007516511620676333,
    0.030583968661515182,
    0.009369079414111577,
    0.0159161469565028,
    0.008983957793970918,
    0.015491185168761383,
    0.3923326904763973,
    0.0034063343298648043,
    0.04275513986354674,
    0.13786025995448942,
    0.0237181797783179,
    0.19791931261263201,
    0.00680602863179615,
    0.04237001824340608,
    0.013578857123925,
    0.254545470829176,
    0.007084909805001456,
    0.0633989867086728,
    0.013851098269196846,
    0.006308026536786675,
    0.021241449359137445,
    0.04208449704226731,
    0.010252203129261712,
    0.012098130894763496,
    0.002961452458323008,
    0.014720941928480061,
    0.005006581061828582,
    0.003678575475136651,
    0.018718238744422775,
    0.006626747877592738,
    0.009236278855442384,
    0.01223093145343269,
    0.0064474671233893275,
    0.024966505029808305,
    0.015557585448095978,
    0.009647960587316883,
    0.13648577417226326,
    0.056732398663479316,
    0.08540403928015813,
    0.022058172794952983,
    0.014601421425677788,
    0.01634110874424422,
    0.12457356405963664,
    0.023890820504587847,
    0.003930896536608117,
    0.005869784693178338,
    0.036473673438493906,
    0.013990538855799498,
    0.0059428250004463935,
    0.014880302598883092,
    0.024913384806340633,
    0.03209789503034398,
    0.054773590423108726,
    0.3276189782368996,
    0.05694487955735003,
    0.015159183772088398,
    0.014674461732945844,
    0.3305140304158879,
    0.013957338716132202,
    0.006374426816121271,
    0.009827241341520293,
    0.00484722039142555,
    0.0052389820394996706,
    0.019634562599240207,
    0.005590903519973032,
    0.004780820112090954,
    0.03829304109226186,
    0.0807825798384702,
    0.24827064443205663,
    0.0034461744974655624,
    0.013665177487059976,
    0.34899986818263967,
    0.003519214804733619,
    0.029840285532967702,
    0.0291829227675552,
    0.01047796407899934,
    0.023764659973852117,
    0.07209742330150497,
    0.05853184623344688,
    0.22628551194437166,
    0.026141789974030674,
    0.005783464330043363,
    0.11077558601390748,
    0.011938770224360464,
    0.00407697715114423,
    0.0012881654190911736,
    0.09714360866651481,
    0.5129023176921578,
    0.029216122907222492,
    0.20088740509888847,
    0.010066282347124842,
    0.010245563101328252,
    0.15869666760968582,
    0.0077024324028132024,
    0.013897578464731065,
    0.03772199868998432,
    0.0077024324028132024,
    0.05452126936163725,
    0.009448759749313093,
    0.2474140808286404,
    0.17778674791838234,
    0.060118812909543747,
    0.009979961983989866,
    0.10651268808062637,
    0.21263361451317864,
    0.09798025218613071,
    0.05952785042346583,
    0.009216358771642005,
    0.009608120419716126,
    0.3041331994362527,
    0.027542835867990664,
    0.025192265979545943,
    0.007157950112269511,
    0.01515254374415494,
    0.01338629631385467,
    0.006699788184860795,
    0.051141495143506285,
    0.010232283045461333,
    0.00814067424642154,
    0.014110059358601774,
    0.03441526477912141,
    0.12623357104300156,
    0.00932923924651082,
    0.020331765532253472,
    0.04528499050619487,
    0.15675777945311561,
    0.051427016344645055,
    0.00954836016831499,
    0.30905346013494633,
    0.0035856150840682154,
    0.006254906313318998,
    0.06115465726716346,
    0.012602773017706431,
    0.007503231564809413,
    0.05153989681951386,
    0.01397061877199912,
    0.1114794289748542,
    0.00486050044729247,
    0.01704495170519094,
    0.0021447290225074696,
    0.023937300700122066,
    0.35020171323859584,
    0.14600093420091095,
    0.24949904959974664,
    0.03567687008647874,
    0.014906862710616933,
    0.013346456146253913,
    0.004707779804822897,
    0.006314666564720134,
    0.05101533461277055
  ],