{
  "hour": 6,
  "dispatch": 2,
  "load": 0.7151931362179831,
  "wind": 0.9604576316672496,
  "solar": 0.00044827028466019804,
  "gen": [
    47,
    1,
    2,
    3,
    4,
    5,
    6,
    7,
    8,
    9,
    10,
    11,
    12,
    13,
    14,
    15,
    16,
    17,
    18,
    19,
    20,
    21,
    22,
    23,
    24,
    25,
    26,
    27,
    28,
    29,
    30,
    31,
    32,
    33,
    34,
    35,
    36,
    37,
    38,
    39,
    40,
    41,
    42,
    43,
    44,
    45,
    46,
    48,
    49
  ],
  "pg": [
    0.26130795268619655,
    0.04507349818698533,
    0.0450734981880659,
    0.045073498186985465,
    0.04507349818806587,
    0.09024649818322386,
    0.8307958513921708,
    0.04676499825927324,
    0.08048634953371553,
    0.08048634953371553,
    0.08048634953371553,
    0.08048634953371553,
    0.08048634953371553,
    0.08048634953371553,
    0.0,
    0.023879998150639056,
    0.1790999981456297,
    0.17909999814372232,
    0.03183999811493363,
    0.0497499981164628,
    0.06268499811580168,
    0.17909999825269593,
    0.6492693590070607,
    1.4867884138209024,
    0.013446406843341495,
    1.2822109382757783,
    0.00017491506507440926,
    0.00017491506507440926,
    0.00017491506507440926,
    0.0006003235652169372,
    0.0006003235652169372,
    0.8874628516605386,
    7.261978611495209e-06,
    0.00010386422495576789,
    0.00010386422495576789,
    0.00010386422495576789,
    0.00010386422495576789,
    1.3790699980248144,
    0.11939999808484533,
    0.2586999980769419,
    0.09352999808449755,
    0.09352999808631195,
    0.09352999808427638,
    0.0935299980845688,
    0.09352999808446194,
    0.1741249982740288,
    0.0,
    0.6716249980141875,
    0.6716249980141877
  ],
  "qg": [
    -0.4666996078785647,
    0.005611307237342562,
    0.006553939261880084,
    0.0057540873277305985,
    0.006510585780519475,
    0.010046617552011035,
    -0.07215891290844423,
    -0.0056997522375418245,
    -0.03409974545787444,
    -0.03409975113558229,
    -0.03409974465498822,
    -0.034099753590377806,
    -0.03409975350113485,
    -0.034099744026338384,
    0.000993874659036644,
    0.0015852138623492376,
    0.009626262963841626,
    0.011472447288092017,
    -0.0035997328886960135,
    -0.005499746004713113,
    -0.00699974603036028,
    -0.02199982319373333,
    -0.08290140029733287,
    -0.13352852115450195,
    0.000354172983537354,
    0.10402505830143215,
    0.027080689956339478,
    0.08216200408144525,
    0.12143020296449865,
    0.10643737828536647,
    0.10637691778867327,
    0.02046871876304026,
    -0.006599257848230498,
    -0.09419924040654233,
    -0.0941987875436605,
    -0.09419923415414758,
    -0.09419923366766468,
    0.08591884912665126,
    -0.013299884539220007,
    -0.028899882862083517,
    -0.010399883422295243,
    -0.010399884591734816,
    -0.010399883106828402,
    -0.010399883435054496,
    -0.010399883416148075,
    -0.020752920834638474,
    -0.032480321452895734,
    -0.020801666467273456,
    0.03103794774210393
  ],
  "pd": [
    0.05281701310969805,
    0.012122523658894813,
    0.05683639853524312,
    0.16976539474406263,
    0.3052587344005595,
    0.0021670352027404888,
    0.01805147475814189,
    0.32010614390844483,
    0.0051064789925963985,
    0.0054998352175162895,
    0.008095986301987568,
    0.0329417958542003,
    0.010091375152035741,
    0.017143179475145057,
    0.00967656313302931,
    0.016685455867965545,
    0.42257901646575746,
    0.003668940788798253,
    0.04605128604107593,
    0.14848839894157764,
    0.025546698825706357,
    0.21317761811249422,
    0.007330729646234327,
    0.0456364740220695,
    0.014625699635657753,
    0.27416928876916385,
    0.00763111076344588,
    0.06828664064609302,
    0.014918928821507128,
    0.006794334794070839,
    0.022879028427613277,
    0.045328940973495775,
    0.01104258202320566,
    0.013030818941891651,
    0.003189761387532205,
    0.015855831829952684,
    0.005392556247083592,
    0.003962169974647627,
    0.020161294509984943,
    0.007137627499455471,
    0.009948336524792146,
    0.013173857569135248,
    0.006944525352676615,
    0.026891261921796156,
    0.016756975181587343,
    0.010391756269247293,
    0.14700794914960644,
    0.06110610155846448,
    0.09198814118035699,
    0.023758715985161397,
    0.015727097065433446,
    0.017600903082324565,
    0.1341773842858558,
    0.02573264904112303,
    0.00423394336641046,
    0.006322307324166971,
    0.03928555897245382,
    0.015069119380112902,
    0.0064009785691509485,
    0.016027478182645,
    0.026834046470898723,
    0.03457243620477729,
    0.05899628180662143,
    0.3528762934099529,
    0.06133496336205423,
    0.016327859299856553,
    0.015805768310417426,
    0.35599453548386323,
    0.015033359723302005,
    0.006865854107692637,
    0.01058485841602615,
    0.0052209098943912765,
    0.0056428738447598875,
    0.02114826103796576,
    0.006021926206955418,
    0.005149390580769478,
    0.041245188165691095,
    0.08701039695227983,
    0.2674107136319039,
    0.0037118523769713325,
    0.014718674743366092,
    0.375905512396172,
    0.0037905236219553102,
    0.03214077954163616,
    0.031432738336780355,
    0.011285747689519772,
    0.025596762345241615,
    0.0776556707305486,
    0.0630442749576152,
    0.24373066889172645,
    0.028157153772901997,
    0.006229332216458633,
    0.11931567091524613,
    0.012859172589199335,
    0.004391285856378416,
    0.0013874746842628873,
    0.10463275582869093,
    0.5524437861402188,
    0.031468497993591256,
    0.21637453143138857,
    0.010842327945064623,
    0.011035430091843478,
    0.17093115955609794,
    0.008296240380128604,
    0.014968992341042386,
    0.04063012206854362,
    0.008296240380128604,
    0.058724508414858594,
    0.010177198328381898,
    0.26648811448618276,
    0.19149296222236495,
    0.0647535865531762,
    0.010749352837356285,
    0.11472413098072666,
    0.22902629801108473,
    0.10553389918032559,
    0.06411706466194218,
    0.009926880730705604,
    0.010348844681074216,
    0.3275799121819228,
    0.02966621129032194,
    0.02713442758811028,
    0.007709782008429858,
    0.016320707368494374,
    0.01441829362615454,
    0.00721629874443945,
    0.055084175351509064,
    0.011021126229119119,
    0.008768267850032473,
    0.015197854144632142,
    0.03706846025017806,
    0.13596536712640075,
    0.010048463563862662,
    0.021899213830994642,
    0.048776171890066444,
    0.16884279559834145,
    0.05539170840008279,
    0.010284477298814597,
    0.33287949332129807,
    0.003862042935577109,
    0.0067371193431734,
    0.06586928784567625,
    0.01357436572541732,
    0.008081682439263209,
    0.05551329123323984,
    0.015047663586026364,
    0.12007377563963718,
    0.0052352137571156365,
    0.018359007806715625,
    0.002310073829984085,
    0.02578271256065829,
    0.3772000119727265,
    0.15725666679161013,
    0.26873382093390713,
    0.03842732720899223,
    0.01605608590809372,
    0.014375382037981459,
    0.0050707193357855,
    0.006801486725433019,
    0.05494828865562764
  ],