{
  "hour": 7,
  "dispatch": 1,
  "load": 0.7138323516426388,
  "wind": 0.9357960450395347,
  "solar": 0.008023520830793019,
  "gen": [
    47,
    1,
    2,
    3,
    4,
    5,
    6,
    7,
    8,
    9,
    10,
    11,
    12,
    13,
    14,
    15,
    16,
    17,
    18,
    19,
    20,
    21,
    22,
    23,
    24,
    25,
    26,
    27,
    28,
    29,
    30,
    31,
    32,
    33,
    34,
    35,
    36,
    37,
    38,
    39,
    40,
    41,
    42,
    43,
    44,
    45,
    46,
    48,
    49
  ],
  "pg": [
    0.3472776743571783,
    0.04507349785874972,
    0.04507349786002652,
    0.0450734978587499,
    0.045073497860026485,
    0.09024649785430718,
    0.8094635789591975,
    0.04676499794279507,
    0.07841970857431302,
    0.07841970857431302,
    0.07841970857431302,
    0.07841970857431302,
    0.07841970857431302,
    0.07841970857431302,
    0.0,
    0.023879997813534642,
    0.17909999780761646,
    0.1790999978053608,
    0.03183999777150469,
    0.049749997773321404,
    0.06268499777254069,
    0.17909999793477568,
    0.6325981264467254,
    1.4486122777211998,
    0.013101144630553486,
    1.2492877201277788,
    0.0031307778281754357,
    0.0031307778281754357,
    0.0031307778281754357,
    0.01074509909659801,
    0.01074509909659801,
    0.8646755456165302,
    0.00012998103745884688,
    0.0018590497764947424,
    0.0018590497764947424,
    0.0018590497764947424,
    0.0018590497764947424,
    1.3790699976647136,
    0.11939999773638522,
    0.25869999772700847,
    0.09352999773596032,
    0.0935299977381149,
    0.09352999773569276,
    0.09352999773604372,
    0.09352999773591861,
    0.17412499795923142,
    0.0,
    0.6716249976532828,
    0.6716249976532833
  ],
  "qg": [
    -0.4666995335562696,
    0.005452219352303005,
    0.006354783979627879,
    0.005594991647122307,
    0.0063114516063746,
    0.009844703711645022,
    -0.07694994451672627,
    -0.005699704964502386,
    -0.034099696838063055,
    -0.034099703673050576,
    -0.03409969587675689,
    -0.0340997066243371,
    -0.03409970651820065,
    -0.034099695124091764,
    0.0009835890431361364,
    0.0015800233025224531,
    0.00957472913483427,
    0.011432417772134697,
    -0.003599682091318327,
    -0.00549969793216751,
    -0.006999697982460234,
    -0.02199979017652208,
    -0.08506575084538684,
    -0.14046080861013183,
    0.0003024886633433766,
    0.0971595771541301,
    0.02685356596664614,
    0.08146784918993638,
    0.12040474518798837,
    0.10367396401240005,
    0.10361599901678982,
    0.014674167676100018,
    -0.006599062192804832,
    -0.09419897770431747,
    -0.09419815463920952,
    -0.09419897072239902,
    -0.0941989701851021,
    0.08513453952197964,
    -0.013299862211804393,
    -0.028899860162976975,
    -0.010399860854985425,
    -0.01039986227197946,
    -0.01039986046984453,
    -0.010399860869741269,
    -0.01039986084788616,
    -0.02073639440830456,
    -0.0324724294966028,
    -0.021320815421659672,
    0.03054269809565746
  ],
  "pd": [
    0.05271651916880887,
    0.012099458360342728,
    0.056728256985040505,
    0.16944238530941316,
    0.3046779243281111,
    0.0021629120254771958,
    0.018017128555460202,
    0.31949708394821225,
    0.005096762990728441,
    0.005489370784131893,
    0.008080582220594672,
    0.032879118116659944,
    0.010072174481677633,
    0.017110561468874054,
    0.009658151717724904,
    0.01665370876382276,
    0.42177498329156954,
    0.0036619599639267373,
    0.045963665122269515,
    0.14820587284804468,
    0.02549809160067506,
    0.21277200905412136,
    0.007316781604337048,
    0.04554964235831679,
    0.014597871591091964,
    0.2736476320022056,
    0.007616591192026957,
    0.06815671293483914,
    0.014890542855265445,
    0.006781407340605068,
    0.022835496929048012,
    0.04524269444711045,
    0.011021571509362343,
    0.013006025446928879,
    0.0031836922883261695,
    0.0158256632359173,
    0.005382295931385496,
    0.003954631228100219,
    0.02012293399280599,
    0.007124046869393535,
    0.009929408011349106,
    0.013148791917257405,
    0.0069313121344500225,
    0.026840096421763212,
    0.016725091998987026,
    0.010371984069367542,
    0.1467282398801444,
    0.06098983612434706,
    0.09181311706827622,
    0.02371351072156846,
    0.015697173412621626,
    0.01756741417392534,
    0.13392208749167547,
    0.025683688012102142,
    0.004225887521724422,
    0.006310277988520928,
    0.039210811075730156,
    0.0150404476491104,
    0.006388799547201617,
    0.015996983000311535,
    0.026782989833631806,
    0.03450665587840515,
    0.05888403068700128,
    0.3522048823004781,
    0.061218262476872704,
    0.016296792588001444,
    0.01577569497130232,
    0.35531719135363987,
    0.015004756031528269,
    0.006852790575769332,
    0.010564718804311054,
    0.005210976166991264,
    0.005632137254460421,
    0.021108022638072828,
    0.006010468400831019,
    0.005139592931826999,
    0.04116671171923099,
    0.08684484390084345,
    0.26690191627918264,
    0.0037047899050252956,
    0.014690669796805507,
    0.375190284023371,
    0.0037833114637059856,
    0.032079625882820186,
    0.031372931854693975,
    0.011264274508920839,
    0.025548059865290046,
    0.07750791674135772,
    0.06292432179729861,
    0.24326692711629486,
    0.028103579684170692,
    0.006217479782807385,
    0.11908865122454143,
    0.012834705682534645,
    0.004382930639085802,
    0.0013848347621867193,
    0.10443367304531807,
    0.55139266170284,
    0.031408623472276104,
    0.21596283966596394,
    0.010821698450902405,
    0.011014433185845916,
    0.17060593204259067,
    0.00828045527905461,
    0.01494051111988043,
    0.04055281589681831,
    0.00828045527905461,
    0.05861277439337707,
    0.01015783436387475,
    0.26598107254556375,
    0.19112861215231652,
    0.06463038111772453,
    0.010728900245188862,
    0.11450584752699569,
    0.22859053396652224,
    0.10533310180838779,
    0.06399507032476257,
    0.009907993040799827,
    0.010329154128268984,
    0.32695663202287784,
    0.02960976594613666,
    0.027082799421321718,
    0.007695112750707646,
    0.016289654264485018,
    0.014390860209115598,
    0.007202568428074226,
    0.05497936772351605,
    0.011000156538813064,
    0.008751584631138752,
    0.015168937472406076,
    0.03699793078563797,
    0.13570666837078207,
    0.010029344540579075,
    0.0218575466072976,
    0.048683366382027964,
    0.1685215415757942,
    0.05528631563472238,
    0.010264909216621146,
    0.33224612974854983,
    0.00385469469887025,
    0.006724300752473657,
    0.06574395958628705,
    0.013548538034177285,
    0.008066305573561817,
    0.05540766713450162,
    0.01501903267856112,
    0.11984531351728264,
    0.005225252814024116,
    0.018324076466666537,
    0.002305678495805723,
    0.02573365627671713,
    0.37648232057984415,
    0.1569574574791834,
    0.26822250612972154,
    0.038354212253758985,
    0.01602553629437724,
    0.01434803026801704,
    0.005061071373146309,
    0.006788545664121495,
    0.05484373957670394
  ],