{
  "hour": 7,
  "dispatch": 2,
  "load": 0.7345371881331355,
  "wind": 0.847329306390737,
  "solar": 0.021055642863289634,
  "gen": [
    47,
    1,
    2,
    3,
    4,
    5,
    6,
    7,
    8,
    9,
    10,
    11,
    12,
    13,
    14,
    15,
    16,
    17,
    18,
    19,
    20,
    21,
    22,
    23,
    24,
    25,
    26,
    27,
    28,
    29,
    30,
    31,
    32,
    33,
    34,
    35,
    36,
    37,
    38,
    39,
    40,
    41,
    42,
    43,
    44,
    45,
    46,
    48,
    49
  ],
  "pg": [
    1.1077259774576411,
    0.04507349582871483,
    0.04507349583120547,
    0.0450734958287157,
    0.045073495831205256,
    0.09024649582007165,
    0.7329398500279874,
    0.04676499598292682,
    0.07100619587554377,
    0.07100619587554377,
    0.07100619587554377,
    0.07100619587554377,
    0.07100619587554377,
    0.07100619587554377,
    0.0,
    0.023879995735744956,
    0.17909999572433047,
    0.17909999571994326,
    0.03183999563787441,
    0.04974999564159259,
    0.06268499564007968,
    0.17909999596442638,
    0.5727946111201382,
    1.311665766292861,
    0.011862610289470318,
    1.131184624031634,
    0.008215911845255615,
    0.008215911845255615,
    0.008215911845255615,
    0.028197716922517477,
    0.028197716922517477,
    0.782932279105041,
    0.00034110141438529204,
    0.004878592451424208,
    0.004878592451424208,
    0.004878592451424208,
    0.004878592451424208,
    1.3790699954415144,
    0.11939999557516608,
    0.25869999555681533,
    0.09352999557429563,
    0.0935299955785262,
    0.09352999557375875,
    0.09352999557445651,
    0.09352999557421518,
    0.17412499601307713,
    0.0,
    0.6716249954184448,
    0.6716249954184488
  ],
  "qg": [
    -0.4666990191378036,
    0.005227494205307894,
    0.006072176714583574,
    0.005370427546913558,
    0.006028834613260793,
    0.009565349131220346,
    -0.09585100123552362,
    -0.005699394317664951,
    -0.03409937751329571,
    -0.034099392595854525,
    -0.03409937553319046,
    -0.034099399003416735,
    -0.034099398788616384,
    -0.03409937398280226,
    0.0011415150969067045,
    0.0016458441622051593,
    0.010186937067445506,
    0.011920836327207014,
    -0.0035993337645234165,
    -0.005499371527634222,
    -0.006999371922341551,
    -0.021999578166101347,
    -0.08247124998191399,
    -0.1427042319558721,
    0.0006474469968893987,
    0.0984603172207152,
    0.028817420175721437,
    0.0874243948856626,
    0.1291913751890241,
    0.11643224879451158,
    0.11635594950340508,
    0.0032961538500121314,
    -0.006596968742395737,
    -0.09419671361349198,
    -0.09419164435454197,
    -0.09419669429977402,
    -0.0941966928587718,
    0.10004459892653877,
    -0.01329972714278509,
    -0.028899722976291127,
    -0.010399724359980609,
    -0.01039972723838412,
    -0.01039972356792538,
    -0.010399724387062447,
    -0.010399724347007935,
    -0.018331847621732046,
    -0.032321405263369275,
    -0.020169023019412827,
    0.03166959995740832
  ],
  "pd": [
    0.05424557134363206,
    0.012450405338856647,
    0.05837367034094028,
    0.17435709234716237,
    0.3135151626389849,
    0.002225647680043401,
    0.01853971862848034,
    0.32876415466462877,
    0.005244595523270587,
    0.005648590976743812,
    0.008314960969667095,
    0.03383278288541222,
    0.010364319724558542,
    0.01760685639955126,
    0.009938288155441323,
    0.01713675259914605,
    0.4340086429803444,
    0.0037681757751229852,
    0.0472968495438926,
    0.1525046110002016,
    0.026237668360115603,
    0.2189434996668437,
    0.0075290061783646394,
    0.04687081797477538,
    0.015021285497322621,
    0.28158483107083754,
    0.007837511797380556,
    0.07013361072295178,
    0.015322445744457206,
    0.006978103287264787,
    0.023497844648379004,
    0.046554966983878135,
    0.011341254184775613,
    0.013383267567785729,
    0.003276035859073785,
    0.016284689460911612,
    0.005538410398523841,
    0.0040693360222575714,
    0.02070660333347309,
    0.007330681137568692,
    0.010217412286931916,
    0.013530175005412355,
    0.0071323560967727455,
    0.027618598273805885,
    0.017210206317959366,
    0.01067282534357446,
    0.150984119020766,
    0.0627588573540951,
    0.0944761731376839,
    0.02440132538978276,
    0.01615247276704765,
    0.018076960199956464,
    0.13780652186565756,
    0.026428648029030215,
    0.004348460153748162,
    0.006493308743096919,
    0.04034812774415314,
    0.015476698553965164,
    0.006574107833791563,
    0.016460978386063568,
    0.027559835298755244,
    0.03550752767435576,
    0.060591972649102356,
    0.36242064862488915,
    0.06299390925429771,
    0.016769484005079483,
    0.016233271857742294,
    0.3656232307651495,
    0.015439971694558508,
    0.007051557006078101,
    0.010871150384370407,
    0.0053621214733718895,
    0.00579549841437044,
    0.021720264653096816,
    0.0061848031240810016,
    0.005288667754558576,
    0.04236075963963794,
    0.08936379430827728,
    0.2746434546429794,
    0.0038122480064109736,
    0.015116775331779929,
    0.3860727460827761,
    0.0038930470971056184,
    0.03301010123470311,
    0.03228290941845131,
    0.011590996828740877,
    0.02628908596328492,
    0.07975604788749585,
    0.06474945313393589,
    0.25032292834389125,
    0.028918729096801547,
    0.006397818908639611,
    0.12254283909625101,
    0.013206978642633775,
    0.004510058335137452,
    0.001425002144978283,
    0.10746279062387773,
    0.5673859056015592,
    0.03231963627785796,
    0.2222268808977988,
    0.011135583772098334,
    0.01133390881289428,
    0.1755543879638194,
    0.008520631382344372,
    0.015373863347626526,
    0.041729057657843426,
    0.008520631382344372,
    0.06031284851761176,
    0.010452464187134518,
    0.2736959016702877,
    0.19667233212264704,
    0.0665049970135741,
    0.011040093937641026,
    0.11782711034843626,
    0.235220843755874,
    0.10838830748092547,
    0.0658512589161356,
    0.01019537617128792,
    0.010628753112286471,
    0.33644006828062006,
    0.030468602563762465,
    0.027868340917771163,
    0.0079183108880752,
    0.016762138633198153,
    0.014808269712764012,
    0.007411480228263338,
    0.056574054230014104,
    0.011319218069131618,
    0.009005425926512241,
    0.015608915247829131,
    0.038071062460940414,
    0.1396428648359904,
    0.010320247493270554,
    0.02249152870063661,
    0.050095436230679836,
    0.17340953937447065,
    0.05688990522091135,
    0.01056264476535449,
    0.3418829888446866,
    0.003966500815918932,
    0.006919340312214136,
    0.0676508750270618,
    0.013941515830766912,
    0.00830027022590443,
    0.057014776542893976,
    0.01545466243832117,
    0.12332144851567213,
    0.0053768122171345524,
    0.018855569619377587,
    0.0023725551176700275,
    0.026480065632199533,
    0.387402258393297,
    0.16151003692671384,
    0.27600234844102567,
    0.039466683118393374,
    0.016490359873588892,
    0.014764197481476024,
    0.005207868663863931,
    0.006985448659146118,
    0.056434492164268796
  ],