{
  "hour": 7,
  "dispatch": 3,
  "load": 0.800032167396059,
  "wind": 0.663399179920479,
  "solar": 0.042961857887415175,
  "gen": [
    47,
    1,
    2,
    3,
    4,
    5,
    6,
    7,
    8,
    9,
    10,
    11,
    12,
    13,
    14,
    15,
    16,
    17,
    18,
    19,
    20,
    21,
    22,
    23,
    24,
    25,
    26,
    27,
    28,
    29,
    30,
    31,
    32,
    33,
    34,
    35,
    36,
    37,
    38,
    39,
    40,
    41,
    42,
    43,
    44,
    45,
    46,
    48,
    49
  ],
  "pg": [
    3.0628975447774334,
    0.04507349406772025,
    0.04507349407126846,
    0.04507349406772133,
    0.04507349407126823,
    0.0902464940554514,
    0.5738402906312143,
    0.04676499425846536,
    0.055592851277336146,
    0.055592851277336146,
    0.055592851277336146,
    0.055592851277336146,
    0.055592851277336146,
    0.055592851277336146,
    0.0,
    0.02387999393155914,
    0.17909999391560916,
    0.17909999390943918,
    0.031839993727214425,
    0.04974999373338912,
    0.06268499373126964,
    0.17909999422226966,
    0.4484578456262438,
    1.0269419305169016,
    0.009287588518886707,
    0.8856379051938394,
    0.016763716947669403,
    0.016763716947669403,
    0.016763716947669403,
    0.0575345200828264,
    0.0575345200828264,
    0.6129808422465226,
    0.0006959820977761258,
    0.009954262472514096,
    0.009954262472514096,
    0.009954262472514096,
    0.009954262472514096,
    1.3790699934994308,
    0.11939999365805268,
    0.25869999363231694,
    0.0935299936568903,
    0.09352999366284892,
    0.09352999365617379,
    0.09352999365712676,
    0.09352999365677206,
    0.17412499430234132,
    0.0,
    0.6716249934538492,
    0.6716249934538542
  ],
  "qg": [
    -0.46669780818702367,
    0.005208349672006201,
    0.006044734402777874,
    0.0053521970180681324,
    0.006001121688303467,
    0.009560526181160703,
    -0.13591953530026737,
    -0.005699031149528622,
    -0.03409899812196412,
    -0.034099026543708714,
    -0.03409899480968706,
    -0.03409903827551326,
    -0.034099037931787445,
    -0.03409899222045765,
    0.00156252772631296,
    0.0018481098518212283,
    0.0121098664166509,
    0.013440224579147581,
    -0.0035987079903664716,
    -0.005498815695839997,
    -0.006998817260390941,
    -0.021999350948381177,
    -0.0469677650174141,
    -0.08010104649721819,
    0.002140884755538288,
    0.14762153612743104,
    0.03539272131117738,
    0.1073799049785838,
    0.15861669041562268,
    0.16413126317213905,
    0.1639717690109557,
    -0.001626544221391847,
    -0.006568578134370345,
    -0.09414903871463505,
    -0.09356328916966791,
    -0.09414870150370716,
    -0.09414867740171685,
    0.1422573629519114,
    -0.01329961824955032,
    -0.028899612805630005,
    -0.010399614541102975,
    -0.010399618397731996,
    -0.010399613502733506,
    -0.010399614582749675,
    -0.01039961452106553,
    -0.002563891323566657,
    -0.02418395306615016,
    -0.012354638703654745,
    0.039227283790770874
  ],
  "pd": [
    0.059082375562198954,
    0.013560545237363199,
    0.0635785563429648,
    0.18990363557480253,
    0.3414697296879859,
    0.002424097467210059,
    0.02019281190507653,
    0.3580783974831281,
    0.005712229675207861,
    0.006152247367275694,
    0.009056364134923387,
    0.03684948163026247,
    0.011288453881958392,
    0.019176771052483534,
    0.010824435224868678,
    0.018664750465350054,
    0.47270700642763536,
    0.004104165018741782,
    0.05151407125863224,
    0.16610267859476976,
    0.028577149019387228,
    0.2384655881357433,
    0.008200329715809605,
    0.05105005260154253,
    0.016360657823249407,
    0.3066923313712792,
    0.00853634322611595,
    0.0763870713429757,
    0.01668867101188179,
    0.00760030559026256,
    0.025593029034999926,
    0.05070603876956222,
    0.01235249666459515,
    0.014576586089956194,
    0.0035681434665864233,
    0.017736713151170626,
    0.006032242542166284,
    0.0044321782073741675,
    0.022552906798894903,
    0.007984321030612668,
    0.01112844744847918,
    0.014736592523435406,
    0.007768312345415733,
    0.030081209494091807,
    0.018744753682089662,
    0.011624467392264736,
    0.16444661200825994,
    0.06835474838231928,
    0.10290013737048112,
    0.026577068600897077,
    0.017592707361039336,
    0.019688791639617013,
    0.15009403492517462,
    0.028785157382910202,
    0.004736190430984669,
    0.007072284359781162,
    0.043945766955065524,
    0.01685667776703496,
    0.007160287898194727,
    0.017928720871345682,
    0.030017206920700132,
    0.03867355497192548,
    0.0659946534885009,
    0.3947358713932156,
    0.06861075867588602,
    0.018264734381652027,
    0.017680710899452903,
    0.3982240116430623,
    0.01681667615866516,
    0.007680308807002166,
    0.011840476077461673,
    0.005840234821991231,
    0.006312253800754906,
    0.02365695118990146,
    0.006736270849474817,
    0.005760231605251624,
    0.04613785509373073,
    0.09733191348540454,
    0.29913202738938643,
    0.004152166948785546,
    0.016464662005010896,
    0.42049690718336863,
    0.004240170487199112,
    0.03595344560277889,
    0.035161413757056795,
    0.012624507601509809,
    0.028633151271104954,
    0.08686749273586408,
    0.07052283555596259,
    0.27264296232690294,
    0.03149726643038284,
    0.006968280178019674,
    0.13346936648668453,
    0.01438457836978114,
    0.004912197507811802,
    0.0015520624047483545,
    0.11704470609004344,
    0.6179768473834119,
    0.03520141536542659,
    0.24204173192400366,
    0.012128487657724254,
    0.01234449634292119,
    0.19120768800765808,
    0.009280373141794283,
    0.016744673263599515,
    0.045449827429770114,
    0.009280373141794283,
    0.06569064126489041,
    0.011384457742045918,
    0.2980999858934456,
    0.21420861282029477,
    0.07243491243603918,
    0.012024483475962766,
    0.12833315997200181,
    0.25619430096524,
    0.11805274662096246,
    0.07172288380705669,
    0.011104446483457299,
    0.011576465462220974,
    0.3664387336324169,
    0.033185334303588526,
    0.030353220431006477,
    0.008624346764529516,
    0.018256734059978064,
    0.01612864849470455,
    0.008072324569026235,
    0.06161847753284447,
    0.01232849569957327,
    0.009808394372275682,
    0.017000683557166253,
    0.04146566723613774,
    0.15209411534366477,
    0.011240451951914629,
    0.024496984965667327,
    0.05456219381641122,
    0.18887159407886162,
    0.06196249136482477,
    0.011504462567155328,
    0.3723669719928217,
    0.004320173703938719,
    0.007536303016870876,
    0.07368296261717705,
    0.0151846105371772,
    0.009040363491575465,
    0.06209849683328209,
    0.016832676802013082,
    0.13431740058412436,
    0.005856235465339152,
    0.020536825737056834,
    0.0025841039006892705,
    0.028841159634627925,
    0.4219449654063555,
    0.17591107296704545,
    0.30061208689906915,
    0.04298572835419025,
    0.017960722158041526,
    0.016080646564660784,
    0.005672228066838058,
    0.00760830591193652,
    0.061466471421039205
  ],