{
  "ace_integral": 7.976680605717266,
  "ace_raw": -0.022550101087156067
}