{
  "ace_integral": -668.0609488540721,
  "ace_raw": 6.684344594831446
}