{
  "ace_integral": -454.4618035117052,
  "ace_raw": 4.544041179599674
}