{
  "ace_integral": 25.5161127904832,
  "ace_raw": -0.07394238951894214
}