{
  "ace_integral": -505.822586771077,
  "ace_raw": 5.058119424326952
}