{
  "ace_integral": -362.63667763409717,
  "ace_raw": 3.6269184915928254
}