{
  "ace_integral": -14.598137465063262,
  "ace_raw": 0.04535016977050962
}