{
  "ace_integral": 3.328072347559657,
  "ace_raw": -0.00955551801870191
}