{
  "ace_integral": 66.73542996866337,
  "ace_raw": -0.20193874720827115
}