{
  "ace_integral": -752.9929159542465,
  "ace_raw": 7.527990063997242
}