{
  "ace_integral": -1272.469159708655,
  "ace_raw": 12.689121453846104
}