{
  "ace_integral": 42.62549067745276,
  "ace_raw": -0.12731398185004641
}