{
  "ace_integral": -142.31906560846923,
  "ace_raw": 0.4452486588926525
}