{
  "ace_integral": -57.25597457018223,
  "ace_raw": 0.17753570056058
}