{
  "ace_integral": -340.45341464711146,
  "ace_raw": 3.4031952717408185
}