{
  "ace_integral": -16.6311457400899,
  "ace_raw": 0.04901656743778769
}