{
  "hour": 11,
  "dispatch": 3,
  "load": 0.8790170508234674,
  "wind": 0.44086728587153956,
  "solar": 0.9472472056721353,
  "gen": [
    47,
    1,
    2,
    3,
    4,
    5,
    6,
    7,
    8,
    9,
    10,
    11,
    12,
    13,
    14,
    15,
    16,
    17,
    18,
    19,
    20,
    21,
    22,
    23,
    24,
    25,
    26,
    27,
    28,
    29,
    30,
    31,
    32,
    33,
    34,
    35,
    36,
    37,
    38,
    39,
    40,
    41,
    42,
    43,
    44,
    45,
    46,
    48,
    49
  ],
  "pg": [
    1.1445180161826132,
    0.04507349761720092,
    0.04507349761861503,
    0.04507349761720106,
    0.045073497618615,
    0.09024649761230034,
    0.3813502022788817,
    0.04676499767169803,
    0.03694467855603502,
    0.03694467855603502,
    0.03694467855603502,
    0.03694467855603502,
    0.03694467855603502,
    0.03694467855603502,
    0.0,
    0.023879997410187627,
    0.1790999974027547,
    0.17909999740014354,
    0.03183999746147947,
    0.04974999746417304,
    0.06268499746331802,
    0.17909999765784193,
    0.2980262852491607,
    0.6824625585291433,
    0.006172142002201553,
    0.5885578266385053,
    0.3696158596532671,
    0.3696158596532671,
    0.3696158596532671,
    1.2685534578361235,
    1.2685534578361235,
    0.40736137214530255,
    0.015345404731888591,
    0.21947717755423374,
    0.21947717755423374,
    0.21947717755423374,
    0.21947717755423374,
    1.3790699973044636,
    0.11939999744120657,
    0.25869999742907324,
    0.09352999744016362,
    0.09352999744302233,
    0.09352999743960683,
    0.09352999744022408,
    0.09352999744013339,
    0.17412499764274814,
    0.0,
    0.6716249973369522,
    0.6716249973369528
  ],
  "qg": [
    -0.46669902078708575,
    0.005862527474195633,
    0.006865896543605969,
    0.00600598404141065,
    0.006822312038469866,
    0.010379939623732959,
    -0.10757156561907247,
    -0.0056993110950267125,
    -0.03409926155030369,
    -0.034099302649223166,
    -0.03409925919302168,
    -0.03409931745570653,
    -0.03409931720831159,
    -0.034099257326142725,
    0.0018129145807682283,
    0.0019420108232837525,
    0.0131555354763026,
    0.014169453700890764,
    -0.0035993565731033393,
    -0.005499418195045746,
    -0.006999418554472888,
    -0.021999642199653353,
    -0.07677346065429794,
    -0.15631427825948063,
    0.0007706465344980851,
    0.05449568439558576,
    0.050376910382453684,
    0.12320852146041901,
    0.17420037615638917,
    0.17027114383156758,
    0.16184061521065934,
    -0.02383610851938974,
    -0.0065889619824256555,
    -0.09418085167581826,
    -0.08031018449403322,
    -0.0941816742511483,
    -0.09418173810203084,
    0.1647539268205529,
    -0.013299759951457674,
    -0.02889975152054892,
    -0.010399755543094642,
    -0.010399759971597596,
    -0.01039975406868493,
    -0.010399755530343885,
    -0.010399755549950061,
    0.0004983938879204863,
    -0.017183680584936016,
    -0.016249728786000055,
    0.03495683649064444
  ],
  "pd": [
    0.06491540920331307,
    0.014899339011457772,
    0.06985548502894096,
    0.20865227735396644,
    0.3751820576324723,
    0.0026634216639951063,
    0.022186390362784317,
    0.3934304516075675,
    0.006276181742879557,
    0.006759641120832464,
    0.009950473015321652,
    0.0404875253609289,
    0.012402930587119124,
    0.021070038708238516,
    0.011893100697641514,
    0.020507467795711495,
    0.5193760146495539,
    0.004509357470724388,
    0.05659990790252307,
    0.1825015200919683,
    0.03139848905541426,
    0.2620086123389509,
    0.009009924770940541,
    0.056090078013045455,
    0.01797589868933991,
    0.33697118643317625,
    0.009379111932286398,
    0.08392854801262466,
    0.018336295680177528,
    0.00835066198282294,
    0.028119755455842717,
    0.05571210068119137,
    0.013572023264714336,
    0.016015690666003574,
    0.003920416046672665,
    0.01948780801675627,
    0.006627788563208944,
    0.0048697544615620095,
    0.024779490662713545,
    0.008772590167218203,
    0.012227127176954431,
    0.016191494076168267,
    0.008535255563495868,
    0.03305104111096236,
    0.02059536950079384,
    0.01277211774846498,
    0.18068195479676372,
    0.07510321682235706,
    0.11305917307691439,
    0.029200946428355586,
    0.019329584947608048,
    0.021632609620765533,
    0.16491238890499071,
    0.03162703348862835,
    0.0052037809408749264,
    0.007770510729279452,
    0.04828440660173307,
    0.018520889260850455,
    0.007867202604870033,
    0.019698772108953905,
    0.032980719746896495,
    0.0424916842368064,
    0.07251011652242784,
    0.4337070128762989,
    0.07538450227862056,
    0.020067959270299758,
    0.01942627682319863,
    0.4375395272178891,
    0.018476938408309284,
    0.008438563687905286,
    0.013009452352187317,
    0.006416824471011312,
    0.006935444530997158,
    0.025992534192849928,
    0.007401323567933596,
    0.006328922765928965,
    0.05069291332098937,
    0.10694121440318305,
    0.32866447530289444,
    0.004562098493773796,
    0.01809017090594696,
    0.4620113619128145,
    0.004658790369364377,
    0.039503026264006626,
    0.038632799383691394,
    0.013870889061994313,
    0.0314600202489719,
    0.09544367137841209,
    0.07748535303008865,
    0.29956022075012945,
    0.034606901290919916,
    0.007656238512672401,
    0.14664641458887906,
    0.015804726573805942,
    0.005397164692056089,
    0.0017052930785975268,
    0.12860019453547328,
    0.6789879307380792,
    0.038676750236232564,
    0.2659378185561318,
    0.013325898490483766,
    0.0135632330942061,
    0.2100850751468087,
    0.01019659778955222,
    0.018397826873735174,
    0.04993695865728118,
    0.01019659778955222,
    0.07217609004311491,
    0.01250841263321794,
    0.3275305433073323,
    0.2353568153579834,
    0.07958620378155674,
    0.013211626273876715,
    0.1410031251225924,
    0.28148763018519896,
    0.12970775601951084,
    0.07880387860632385,
    0.012200756665429727,
    0.012719376725415572,
    0.40261617978867276,
    0.03646162726815743,
    0.033349906908242355,
    0.009475803807876979,
    0.020059169099791524,
    0.017720983744601102,
    0.008869282042808785,
    0.06770189325442347,
    0.013545652753189632,
    0.01077674904309571,
    0.018679112329998682,
    0.045559453744180314,
    0.1671099315320494,
    0.012350189564069717,
    0.026915502096214572,
    0.05994896286616047,
    0.2075183453584042,
    0.06807987058627755,
    0.012640265190841462,
    0.40912969613527467,
    0.004746692074446724,
    0.008280340618757062,
    0.08095747038084136,
    0.01668374362462941,
    0.00993289267430518,
    0.06822930348491753,
    0.018494518749325752,
    0.14757817266275194,
    0.006434404812027781,
    0.022564367694638408,
    0.0028392250741597993,
    0.031688564682186,
    0.463602382774805,
    0.193278269135064,
    0.33029065684691783,
    0.0472295861407449,
    0.019733932790986845,
    0.017668242721551694,
    0.006232230890338384,
    0.008359452153331174,
    0.067534880014767
  ],