{
  "hour": 12,
  "dispatch": 2,
  "load": 0.8452669070712353,
  "wind": 0.18327025308564152,
  "solar": 0.9836666414719167,
  "gen": [
    47,
    1,
    2,
    3,
    4,
    5,
    6,
    7,
    8,
    9,
    10,
    11,
    12,
    13,
    14,
    15,
    16,
    17,
    18,
    19,
    20,
    21,
    22,
    23,
    24,
    25,
    26,
    27,
    28,
    29,
    30,
    31,
    32,
    33,
    34,
    35,
    36,
    37,
    38,
    39,
    40,
    41,
    42,
    43,
    44,
    45,
    46,
    48,
    49
  ],
  "pg": [
    1.9829329594357283,
    0.04507349840794638,
    0.04507349840889682,
    0.04507349840794641,
    0.04507349840889681,
    0.09024649840466338,
    0.1585287689190799,
    0.04676499843374498,
    0.015358047208576761,
    0.015358047208576761,
    0.015358047208576761,
    0.015358047208576761,
    0.015358047208576761,
    0.015358047208576761,
    0.0,
    0.023879998253624052,
    0.17909999824863201,
    0.17909999824687164,
    0.031839998287354294,
    0.0497499982891729,
    0.06268499828859744,
    0.1790999984226193,
    0.12389069108589364,
    0.28370235177657305,
    0.0025657835431989813,
    0.2446657878693314,
    0.3838267235023419,
    0.3838267235023419,
    0.3838267235023419,
    1.3173263662591908,
    1.3173263662591908,
    0.16934171385113278,
    0.01593539959184505,
    0.2279155608290431,
    0.2279155608290431,
    0.2279155608290431,
    0.2279155608290431,
    1.379069998179018,
    0.11939999827631206,
    0.25869999826823065,
    0.09352999827562943,
    0.09352999827753548,
    0.09352999827526494,
    0.09352999827567142,
    0.09352999827560843,
    0.1741249984066659,
    0.0,
    0.6716249982102832,
    0.6716249982102834
  ],
  "qg": [
    -0.4666992951238399,
    0.00535627407460872,
    0.006229204670809296,
    0.005500848282106468,
    0.006185332190835015,
    0.00975752795898944,
    -0.13480407929483976,
    -0.005699565223477577,
    -0.03409953636080945,
    -0.03409955997221612,
    -0.03409953472060629,
    -0.034099568728095414,
    -0.03409956856453111,
    -0.034099533415923304,
    0.0016013301369852781,
    0.0018414262588625774,
    0.012207794152545155,
    0.013413430739457026,
    -0.0035995631230185524,
    -0.00549960516038359,
    -0.00699960540616832,
    -0.02199976726501657,
    -0.08350151769750246,
    -0.17859789556806394,
    0.0005334441372759934,
    0.02819509315631461,
    0.04874858147620971,
    0.1159066862782579,
    0.16281941790630575,
    0.1645084208578078,
    0.15542417562461916,
    -0.04404013974613075,
    -0.0065912599741824425,
    -0.09418337786687436,
    -0.08709688852248626,
    -0.09418403587378775,
    -0.09418408716972831,
    0.15992536367615992,
    -0.013299843000176406,
    -0.028899837767254587,
    -0.010399840238863865,
    -0.010399843020668096,
    -0.01039983932198909,
    -0.010399840232904588,
    -0.010399840242155407,
    -0.002021580634195287,
    -0.023102290588231118,
    -0.02128821989221775,
    0.03016271706807633
  ],
  "pd": [
    0.062422961087210724,
    0.014327274074857439,
    0.06717336110495106,
    0.20064100573149912,
    0.36077682127614463,
    0.002561158728425843,
    0.02133453673447798,
    0.3783245622669435,
    0.006035205716488619,
    0.006500102515377799,
    0.009568421388046384,
    0.0389329937397011,
    0.01192671605877513,
    0.02026104776249751,
    0.011436461252673814,
    0.01972007694197192,
    0.49943440471211004,
    0.004336219233275437,
    0.054426736146316844,
    0.17549431524612988,
    0.030192933920584527,
    0.25194870699072314,
    0.008663985797480163,
    0.05393648134021553,
    0.017285708249606763,
    0.32403306882575805,
    0.00901899789845008,
    0.08070608428716154,
    0.01763226768150597,
    0.008030035617176735,
    0.027040088357208815,
    0.0535730165701749,
    0.013050921045179874,
    0.015400763046837908,
    0.00376989040553771,
    0.018739567329769287,
    0.006373312479317114,
    0.004682778665174644,
    0.023828074110338122,
    0.008435763732570928,
    0.011757662677360883,
    0.015569816428252153,
    0.008207541667661696,
    0.03178203570587844,
    0.01980460363267904,
    0.01228172815974505,
    0.17374461274849243,
    0.07221960454016635,
    0.1087182295875023,
    0.028079766652906436,
    0.018587419286496463,
    0.0208020185830231,
    0.15858052443563445,
    0.030412703316423043,
    0.005003980089861713,
    0.0074721594585097206,
    0.046430511205422964,
    0.017809773731990927,
    0.007565138818287556,
    0.01894243138746638,
    0.03171441435331274,
    0.040860202287823506,
    0.06972606716430621,
    0.4170546919489476,
    0.07249008995042915,
    0.019297443488436303,
    0.018680398646274302,
    0.4207400556637781,
    0.017767510386637368,
    0.008114562307883858,
    0.012509950224654284,
    0.006170448421620018,
    0.006669155896792047,
    0.024994542442096427,
    0.0071171473575398015,
    0.006085921730912894,
    0.04874654253079815,
    0.1028351719142865,
    0.3160452965539349,
    0.004386935247699711,
    0.017395592947526024,
    0.44427228635664134,
    0.004479914607477547,
    0.037986294803781316,
    0.037149480565780796,
    0.013338311793584093,
    0.030252102604079515,
    0.09177908076979473,
    0.07451027785832938,
    0.2880585092608063,
    0.033278158131394536,
    0.00736227476059046,
    0.1410158781066942,
    0.01519789898914081,
    0.0051899388094173845,
    0.0016398177997181966,
    0.12366254850452174,
    0.652917969698105,
    0.037191743911134355,
    0.25572705006533153,
    0.012814246311199927,
    0.013042468376109161,
    0.20201879079002524,
    0.00980509612202633,
    0.017691436365000954,
    0.04801961299071688,
    0.00980509612202633,
    0.06940486573961914,
    0.012028148087623678,
    0.31495490224381306,
    0.22632021436832325,
    0.07653046576622966,
    0.012704361613280667,
    0.13558926456329684,
    0.2706798216514217,
    0.12472758480743149,
    0.07577817821893625,
    0.011732304670148746,
    0.012231012145320776,
    0.3871576014458379,
    0.035061671305314845,
    0.03206942645428267,
    0.009111977258227917,
    0.019288990819365588,
    0.017040580846556106,
    0.008528743092348764,
    0.06510245718262654,
    0.013025563037967737,
    0.010362972280693345,
    0.01796192177526375,
    0.04381018379350213,
    0.16069369170331255,
    0.011876000044350856,
    0.025882072694521228,
    0.05764720306225825,
    0.19955061142137726,
    0.06546592195266718,
    0.012154938123684364,
    0.39342102922723576,
    0.004564441298184671,
    0.007962414264611035,
    0.07784908214126078,
    0.016043165896212047,
    0.009551516049904958,
    0.06560961732686928,
    0.01778441572477879,
    0.1419118610281897,
    0.006187353759761443,
    0.02169800150451861,
    0.00273021210984009,
    0.03047187199991803,
    0.44580221945844023,
    0.1858572875268232,
    0.31760904033201665,
    0.04541619091693747,
    0.018976242063749232,
    0.01698986483213183,
    0.005992942371135059,
    0.008038488286247448,
    0.064941856470283
  ],