{
  "hour": 14,
  "dispatch": 1,
  "load": 0.9730064571839011,
  "wind": 0.22544350878621106,
  "solar": 0.8185226994023707,
  "gen": [
    47,
    1,
    2,
    3,
    4,
    5,
    6,
    7,
    8,
    9,
    10,
    11,
    12,
    13,
    14,
    15,
    16,
    17,
    18,
    19,
    20,
    21,
    22,
    23,
    24,
    25,
    26,
    27,
    28,
    29,
    30,
    31,
    32,
    33,
    34,
    35,
    36,
    37,
    38,
    39,
    40,
    41,
    42,
    43,
    44,
    45,
    46,
    48,
    49
  ],
  "pg": [
    4.4459615250226525,
    0.0450734984184328,
    0.04507349841937018,
    0.04507349841843285,
    0.04507349841937017,
    0.0902464984151994,
    0.19500863510007252,
    0.046764998446312565,
    0.018892166036284488,
    0.018892166036284488,
    0.018892166036284488,
    0.018892166036284488,
    0.018892166036284488,
    0.018892166036284488,
    0.0,
    0.02387999829904056,
    0.179099998294378,
    0.1790999982926871,
    0.03183999828965815,
    0.04974999829184927,
    0.06268499829129863,
    0.17909999843305868,
    0.15239981193947866,
    0.3489865516010548,
    0.003156209123006955,
    0.30096708422959173,
    0.319387557306805,
    0.319387557306805,
    0.319387557306805,
    1.0961655990396548,
    1.0961655990396548,
    0.20830980211845904,
    0.013260067730318403,
    0.18965170945152926,
    0.18965170945152926,
    0.18965170945152926,
    0.18965170945152926,
    1.3790699982152137,
    0.11939999828390765,
    0.2586999982760719,
    0.09352999828326442,
    0.09352999828512115,
    0.0935299982829228,
    0.09352999828330866,
    0.09352999828324228,
    0.17412499843327084,
    0.0,
    0.671624998224483,
    0.6716249982244833
  ],
  "qg": [
    -0.41494266978056144,
    0.007087939559690295,
    0.008393649277717595,
    0.007233339969438182,
    0.008349312847935489,
    0.011972403231854965,
    -0.13459822290779516,
    -0.0056994081686832735,
    -0.034099349691244486,
    -0.034099398433813446,
    -0.03409934754885266,
    -0.03409941506333288,
    -0.03409941484817608,
    -0.03409934584925423,
    0.002448623291238821,
    0.0022480017157418524,
    0.016027324152932725,
    0.016466174081219156,
    -0.00359833221144983,
    -0.005498973572752059,
    -0.006998979564572016,
    -0.02199972717990488,
    -0.00489208868546397,
    -0.00816268087009337,
    0.0030166418125985774,
    0.1594324748071629,
    0.05595890384684377,
    0.1477526961805265,
    0.21233897789687056,
    0.21047107059970596,
    0.2040897077155073,
    -0.002555073974108879,
    -0.006414441907989494,
    -0.08817571843172338,
    -0.03680855227244909,
    -0.08905810224765565,
    -0.08912303244118142,
    0.19452016352819482,
    -0.013299851963649518,
    -0.02889984750749702,
    -0.010399849559651961,
    -0.010399851991287097,
    -0.010399848774116765,
    -0.010399849557814846,
    -0.010399849560865548,
    0.00972776654658316,
    0.004730179783683523,
    0.002393991648495176,
    0.05314616352093016
  ],
  "pd": [
    0.0718565268630311,
    0.016492459449267124,
    0.07732482315240462,
    0.2309625427417426,
    0.41529861605523266,
    0.0029482095652672204,
    0.024558682979321664,
    0.43549823010637045,
    0.006947266104293054,
    0.007482419655744199,
    0.011014433095321761,
    0.044816677417890485,
    0.013729121110864844,
    0.02332296477869811,
    0.013164777365698183,
    0.022700240646100413,
    0.5749105952916798,
    0.004991523125353413,
    0.06265188577807139,
    0.20201560064052154,
    0.03475579065060895,
    0.2900240346928054,
    0.009973316186134987,
    0.06208754203290474,
    0.019897982049410776,
    0.3730020253614485,
    0.010381978898152226,
    0.09290265653191887,
    0.020296914696856176,
    0.00924356134324706,
    0.031126476565312994,
    0.061669149256315656,
    0.015023219698919434,
    0.017728177649890677,
    0.0043396087990401995,
    0.021571553155767087,
    0.007336468687166614,
    0.0053904557727988125,
    0.027429052028014173,
    0.009710604442695333,
    0.013534519819428065,
    0.017922778941327457,
    0.009447892699255679,
    0.036585042790114666,
    0.022797541291818803,
    0.014137783822882083,
    0.20000147727415088,
    0.08313367170179252,
    0.12514809052299336,
    0.03232327450764919,
    0.021396411993473984,
    0.023945688911295806,
    0.18254574143227167,
    0.03500877232947676,
    0.0057601982265286945,
    0.008601377081505686,
    0.05344724469311169,
    0.020501246052864793,
    0.008708407791795915,
    0.02180507470549122,
    0.036507202273539964,
    0.04703513214026977,
    0.08026330265310001,
    0.4800813859745369,
    0.08344503376809136,
    0.022213737417508463,
    0.021503442703764215,
    0.4843236941278586,
    0.0204525957300056,
    0.00934086198896545,
    0.014400495566321737,
    0.0071029471374424785,
    0.007677020947180981,
    0.028771800938927956,
    0.008192714369488447,
    0.007005646491724088,
    0.05611328238579559,
    0.11837596558099342,
    0.3638071143410606,
    0.0050499035127844465,
    0.020024472888844687,
    0.5114121938958585,
    0.005156934223074676,
    0.043726910185844514,
    0.042763633793232454,
    0.015354041894361958,
    0.034823901102611826,
    0.10564904112102798,
    0.08577051920076087,
    0.3315908705437016,
    0.03830726421933019,
    0.00847488624207178,
    0.16232666725199021,
    0.017494656100166543,
    0.005974259647109153,
    0.0018876325269367683,
    0.14235084468600476,
    0.7515891077871326,
    0.04281228411609165,
    0.2943733735564174,
    0.01475077789090794,
    0.015013489634347593,
    0.23254854326695235,
    0.011286874903333253,
    0.020365025148859052,
    0.05527649683261742,
    0.011286874903333253,
    0.07989356019937012,
    0.013845881885726913,
    0.3625519360112935,
    0.2605224789109895,
    0.08809600463343041,
    0.014624287051474033,
    0.15607996579686959,
    0.31158585778400066,
    0.14357683282205644,
    0.08723002888653673,
    0.013505329625712548,
    0.01407940343545105,
    0.44566614758394224,
    0.04036030784398822,
    0.03691586498555721,
    0.010489009608442453,
    0.022204007352936622,
    0.019615810176827446,
    0.009817635152985562,
    0.07494095733230406,
    0.014994029505203916,
    0.011929059165074628,
    0.0206763872151579,
    0.05043092467584159,
    0.18497825757523145,
    0.01367074072343381,
    0.02979345771897105,
    0.06635904037994206,
    0.2297073644119754,
    0.07535935010889315,
    0.013991832854304498,
    0.45287612543167494,
    0.005254234868793066,
    0.009165720826672347,
    0.0896138947066373,
    0.018467662557350443,
    0.010994972966178082,
    0.0755247612066144,
    0.02047205585914928,
    0.16335805409660517,
    0.007122407266586156,
    0.024977075755910738,
    0.0031428108567040005,
    0.035076882781479635,
    0.5131733355833613,
    0.21394465980559615,
    0.3656071762868508,
    0.052279636944491004,
    0.02184399496377858,
    0.01955742978939641,
    0.006898615781433859,
    0.009253291407818899,
    0.07475608610543912
  ],