{
  "hour": 15,
  "dispatch": 1,
  "load": 0.9546417574698589,
  "wind": 0.47990217282199243,
  "solar": 0.6154944288896723,
  "gen": [
    47,
    1,
    2,
    3,
    4,
    5,
    6,
    7,
    8,
    9,
    10,
    11,
    12,
    13,
    14,
    15,
    16,
    17,
    18,
    19,
    20,
    21,
    22,
    23,
    24,
    25,
    26,
    27,
    28,
    29,
    30,
    31,
    32,
    33,
    34,
    35,
    36,
    37,
    38,
    39,
    40,
    41,
    42,
    43,
    44,
    45,
    46,
    48,
    49
  ],
  "pg": [
    3.652711069925267,
    0.04507349910659526,
    0.0450734991071233,
    0.04507349910659528,
    0.0450734991071233,
    0.09024649910476762,
    0.41511537949102345,
    0.04676499912887852,
    0.04021580208248297,
    0.04021580208248297,
    0.04021580208248297,
    0.04021580208248297,
    0.04021580208248297,
    0.04021580208248297,
    0.0,
    0.023879999055419713,
    0.17909999905284654,
    0.1790999990519014,
    0.031839999044251825,
    0.04974999904540998,
    0.06268499904509789,
    0.1790999991224526,
    0.3244138688276669,
    0.7428885635284443,
    0.0067186304195078934,
    0.6406694007173599,
    0.24016592615275012,
    0.24016592615275012,
    0.24016592615275012,
    0.8242701391690491,
    0.8242701391690491,
    0.44342960768752104,
    0.009971009748012691,
    0.14261005917373706,
    0.14261005917373706,
    0.14261005917373706,
    0.14261005917373706,
    1.3790699990052644,
    0.11939999903857863,
    0.2586999990342,
    0.09352999903823052,
    0.09352999903926427,
    0.09352999903804368,
    0.093529999038256,
    0.09352999903821779,
    0.17412499912735555,
    0.0,
    0.6716249990044332,
    0.6716249990044334
  ],
  "qg": [
    -0.46669852728812844,
    0.006951591442893501,
    0.008226526722077535,
    0.0070959784593151885,
    0.008182514482285796,
    0.01177846927980053,
    -0.11449288094836901,
    -0.005699708867744724,
    -0.03409968397999712,
    -0.03409970409767424,
    -0.03409968301950293,
    -0.034099711152485924,
    -0.03409971104773844,
    -0.03409968225506933,
    0.00236479364588158,
    0.002216395576410033,
    0.015689636121804823,
    0.01622409552340573,
    -0.0035995283852000943,
    -0.0054996135245545495,
    -0.006999613964857623,
    -0.021999855369634985,
    -0.013420995624611838,
    -0.018018947878024126,
    0.0029834559254129055,
    0.16862666575839141,
    0.05058708680361017,
    0.14095197795011905,
    0.2048049305195501,
    0.1933543652447148,
    0.1896512789425628,
    0.007010497161985674,
    -0.006529966754149191,
    -0.09293818651388666,
    -0.04402255842329005,
    -0.09305589631368137,
    -0.09306470860566922,
    0.18810618690640893,
    -0.013299919224735366,
    -0.02889991689735294,
    -0.010399917966250529,
    -0.010399919245739376,
    -0.010399917557152926,
    -0.010399917966316974,
    -0.01039991796637553,
    0.009270231113509199,
    0.0035300798591155467,
    0.0027802169049317904,
    0.05358056394201301
  ],
  "pd": [
    0.07050029378914908,
    0.01618117778911411,
    0.07586538046612969,
    0.22660331397062042,
    0.40746019492328517,
    0.0028925645251336725,
    0.024095157958539237,
    0.42727855780835944,
    0.006816142148334792,
    0.007341195114943215,
    0.010806544694558802,
    0.0439707993490617,
    0.013469995197899709,
    0.02288276292655252,
    0.012916302978567192,
    0.02227179220177181,
    0.5640596288186408,
    0.004897312215820376,
    0.061469382763484216,
    0.19820272168589212,
    0.034099803576823365,
    0.28455006864904087,
    0.009785078014066055,
    0.060915690544151704,
    0.019522423940258615,
    0.36596191772607045,
    0.010186027552203394,
    0.09114919500322212,
    0.019913827060821256,
    0.009069096695963659,
    0.030538989821460784,
    0.06050519458843966,
    0.014739668735334622,
    0.01739357282110083,
    0.004257702238315571,
    0.021164407763106772,
    0.007197998851322736,
    0.005288715336383019,
    0.026911351143075322,
    0.009527324739549191,
    0.013279066846405738,
    0.0175845011725948,
    0.00926957146503233,
    0.03589453008086668,
    0.022367256377518793,
    0.013870944736037049,
    0.1962266132479295,
    0.08156459175822475,
    0.12278602284577327,
    0.031713199183148716,
    0.020992572246762195,
    0.023493733651333226,
    0.17910034011892023,
    0.03434801043376552,
    0.005651479204221565,
    0.008439033136033553,
    0.052438471737819355,
    0.020114301829889925,
    0.008544043729355237,
    0.021393521784899536,
    0.035818158740269106,
    0.046147382556092964,
    0.07874839857368866,
    0.4710202431356285,
    0.0818700771206151,
    0.021794471323036878,
    0.021097582840083885,
    0.47518248119819695,
    0.020066569742016434,
    0.009164560871710645,
    0.014128698010553912,
    0.00696888482952997,
    0.007532123466437188,
    0.028228756768383725,
    0.008038083597896213,
    0.006873420653782984,
    0.055054190153286775,
    0.11614171621378304,
    0.35694055311798023,
    0.0049545907212685675,
    0.019646527368729697,
    0.5017597077261579,
    0.005059601314590253,
    0.04290160058069546,
    0.0419565052408003,
    0.015064246932874373,
    0.03416662849984625,
    0.10365500202607728,
    0.08415167092096805,
    0.3253323645281532,
    0.03758424599158835,
    0.008314929707562473,
    0.15926288439869657,
    0.01716445879930806,
    0.005861500390864934,
    0.0018520050094915264,
    0.13966408911784037,
    0.7374034791400178,
    0.04200423732867379,
    0.2888173173049311,
    0.01447236904324306,
    0.014730122317759923,
    0.22815938003529626,
    0.011073844386650362,
    0.019980651983844147,
    0.054233198241862686,
    0.011073844386650362,
    0.07838563470585012,
    0.013584552208796091,
    0.3557090652508442,
    0.2556053305625547,
    0.08643326472132104,
    0.014348265614771979,
    0.15313408431574008,
    0.30570492999457294,
    0.14086693773225237,
    0.08558363355717284,
    0.013250427593681642,
    0.01381366623058886,
    0.43725456417391945,
    0.03959854009984975,
    0.03621910827840645,
    0.010291038145525079,
    0.02178492490546218,
    0.019245577830592355,
    0.009632335332870877,
    0.07352650816032853,
    0.014711029482610527,
    0.01170390794658047,
    0.020286137346234502,
    0.04947908228966279,
    0.18148694451259487,
    0.013412716692451518,
    0.02923113061372708,
    0.06510656785944438,
    0.2253718261034843,
    0.07393700411604058,
    0.01372774847241657,
    0.44432845959677114,
    0.005155065490337238,
    0.00899272535536607,
    0.08792250586297402,
    0.01811910055677792,
    0.010787451859409405,
    0.07409929321481044,
    0.02008566257716583,
    0.16027480466161462,
    0.006987977664679367,
    0.024505653914251278,
    0.003083492876627644,
    0.03441483535678841,
    0.5034876093071783,
    0.20990662963247256,
    0.35870664036929945,
    0.05129290162885552,
    0.021431707455198335,
    0.019188299325144164,
    0.0067684100604613,
    0.009078643113538358,
    0.07334512622640925
  ],