{
  "hour": 16,
  "dispatch": 2,
  "load": 0.9432469194425963,
  "wind": 0.3921752394411922,
  "solar": 0.4738783628682549,
  "gen": [
    47,
    1,
    2,
    3,
    4,
    5,
    6,
    7,
    8,
    9,
    10,
    11,
    12,
    13,
    14,
    15,
    16,
    17,
    18,
    19,
    20,
    21,
    22,
    23,
    24,
    25,
    26,
    27,
    28,
    29,
    30,
    31,
    32,
    33,
    34,
    35,
    36,
    37,
    38,
    39,
    40,
    41,
    42,
    43,
    44,
    45,
    46,
    48,
    49
  ],
  "pg": [
    4.699975687328259,
    0.04507349878564872,
    0.04507349878636975,
    0.045073498785648744,
    0.045073498786369744,
    0.09024649878315907,
    0.33923158211663124,
    0.04676499881396621,
    0.03286428506517191,
    0.03286428506517191,
    0.03286428506517191,
    0.03286428506517191,
    0.03286428506517191,
    0.03286428506517191,
    0.0,
    0.023879998725476744,
    0.1790999987220747,
    0.17909999872080223,
    0.031839998695367,
    0.04974999869699766,
    0.0626849986965757,
    0.17909999880427668,
    0.2651104618622459,
    0.6070872706549656,
    0.005490453352176691,
    0.5235539446539916,
    0.18490733719119304,
    0.18490733719119304,
    0.18490733719119304,
    0.6346179035531669,
    0.6346179035531669,
    0.36236992124366163,
    0.00767682947846573,
    0.10979761667657466,
    0.10979761667657466,
    0.10979761667657466,
    0.10979761667657466,
    1.379069998649689,
    0.11939999868842124,
    0.25869999868273413,
    0.09352999868803398,
    0.09352999868937249,
    0.0935299986878208,
    0.0935299986880741,
    0.0935299986880139,
    0.17412499881417684,
    0.0,
    0.671624998645851,
    0.6716249986458511
  ],
  "qg": [
    -0.43300167553059604,
    0.0065629014781525144,
    0.007737827086568299,
    0.0067079304130656815,
    0.0076936733831984485,
    0.011298654518562112,
    -0.14245092536573348,
    -0.005699671433573929,
    -0.03409964983204011,
    -0.03409966733768325,
    -0.03409964865503682,
    -0.0340996738257803,
    -0.03409967370227854,
    -0.03409964771413903,
    0.0023231818981201894,
    0.002199468291180558,
    0.01551561126792162,
    0.01609549614754532,
    -0.0035991331533783717,
    -0.005499351898849677,
    -0.006999353583621836,
    -0.021999819448951748,
    0.009817756866412529,
    0.028601632640948064,
    0.0033614090295048466,
    0.19840683851874172,
    0.048350055545671795,
    0.13928849995798237,
    0.20369258247733935,
    0.19768544095309953,
    0.1953971144528686,
    0.005487326814254459,
    -0.006456677290780411,
    -0.09083779735913917,
    -0.04148294303975966,
    -0.0910597058641903,
    -0.09107670164058698,
    0.18648823508726955,
    -0.013299904169029566,
    -0.02889990206200486,
    -0.010399902947977664,
    -0.010399904204064059,
    -0.010399902570038151,
    -0.010399902953154804,
    -0.010399902945578687,
    0.00970492272163107,
    0.004544273868846271,
    0.003974780147409561,
    0.054837162894964854
  ],
  "pd": [
    0.06965878500083574,
    0.015988035284552008,
    0.07495983268810313,
    0.2238985212680891,
    0.40259665015648893,
    0.002858038165911067,
    0.023807552246731128,
    0.42217845620411726,
    0.006734783004820138,
    0.007253568810513565,
    0.010677555128090191,
    0.04344595310952598,
    0.013309214033335032,
    0.022609628659039035,
    0.012762130820058329,
    0.022005950630595773,
    0.5573268748218524,
    0.004838856696740519,
    0.06073566914290878,
    0.19583692541467185,
    0.03369277996248954,
    0.28115360927825467,
    0.009668280924286612,
    0.060188585929632075,
    0.019289399502601095,
    0.3615937065683193,
    0.010064444630452503,
    0.09006121586837909,
    0.01967613073957256,
    0.008960845734704665,
    0.030174468952968655,
    0.05978298975427176,
    0.014563732436193688,
    0.017185958872244105,
    0.00420688126071398,
    0.02091178420404236,
    0.007112081772597176,
    0.005225587933711984,
    0.02659013065908679,
    0.00941360425603711,
    0.013120564649446515,
    0.017374608256132622,
    0.00915892758778761,
    0.035466084171041606,
    0.022100275322540032,
    0.013705377739500924,
    0.19388440429142567,
    0.08059101679717542,
    0.12132041877870675,
    0.03133466266388305,
    0.02074199975854269,
    0.023213306687482296,
    0.1769625545566255,
    0.033938024161544615,
    0.0055840217631001705,
    0.008338302767872553,
    0.05181255328498182,
    0.019874212592655503,
    0.008442059929011236,
    0.021138163464708582,
    0.035390624417486215,
    0.04559655608585509,
    0.07780843838481978,
    0.46539803005297714,
    0.08089285581139706,
    0.021534327170874473,
    0.02084575691968138,
    0.4695105866217467,
    0.019827050246683374,
    0.009055170426648924,
    0.013960054407750427,
    0.006885702511930953,
    0.007442218194402086,
    0.027891811407917574,
    0.007942139061706661,
    0.0067913778199866935,
    0.054397049844254544,
    0.11475542021938627,
    0.35268002317958674,
    0.004895451511907075,
    0.019412021602128633,
    0.4957705808590287,
    0.00499920867304576,
    0.042389516559750276,
    0.04145570210950211,
    0.014884436388804169,
    0.03375880724685052,
    0.10241775051307711,
    0.08314721594886486,
    0.32144911767684237,
    0.03713563121845502,
    0.008215680668345014,
    0.15736188357060835,
    0.01695957961157788,
    0.005791536085377541,
    0.001829899023718637,
    0.13799702431445185,
    0.7286016504542391,
    0.041502864455474235,
    0.28536992300816305,
    0.01429962329874976,
    0.01455429996699926,
    0.22543601374678052,
    0.010941664265534116,
    0.019742158023933542,
    0.053585857493533895,
    0.010941664265534116,
    0.07745000455543158,
    0.013422403663668146,
    0.35146323465350593,
    0.25255436268075515,
    0.08540157608633268,
    0.014177001199222222,
    0.15130623834778686,
    0.3020559610131026,
    0.13918551543294952,
    0.08456208632802875,
    0.013092267241863237,
    0.01364878292433437,
    0.4320353865122924,
    0.039125882218478895,
    0.0357867881236521,
    0.010168201791591188,
    0.021524894701680047,
    0.019015857895962742,
    0.009517361417175798,
    0.07264887773546877,
    0.014535435028610409,
    0.01156420723236623,
    0.020043997038155174,
    0.04888848783470977,
    0.17932067185523198,
    0.013252619218168478,
    0.0288822206733323,
    0.06432943990598507,
    0.22268173274200814,
    0.07305447391082909,
    0.013563890701584536,
    0.439024846185362,
    0.005093533364990021,
    0.008885385981149256,
    0.08687304128066313,
    0.017902826531020478,
    0.010658690189701338,
    0.07321482588713432,
    0.019845915185072227,
    0.1583617253052175,
    0.006904567450319805,
    0.024213148422091445,
    0.003046687549799586,
    0.0340040514459056,
    0.4974778577832198,
    0.20740113264703808,
    0.35442502998055553,
    0.0506806569816507,
    0.02117589334148629,
    0.018959263080796186,
    0.006687620658848007,
    0.00897027820389909,
    0.07246966082077468
  ],