{
  "hour": 17,
  "dispatch": 2,
  "load": 0.8498242320643814,
  "wind": 0.42676215980521154,
  "solar": 0.2088025388509503,
  "gen": [
    47,
    1,
    2,
    3,
    4,
    5,
    6,
    7,
    8,
    9,
    10,
    11,
    12,
    13,
    14,
    15,
    16,
    17,
    18,
    19,
    20,
    21,
    22,
    23,
    24,
    25,
    26,
    27,
    28,
    29,
    30,
    31,
    32,
    33,
    34,
    35,
    36,
    37,
    38,
    39,
    40,
    41,
    42,
    43,
    44,
    45,
    46,
    48,
    49
  ],
  "pg": [
    4.393894750495086,
    0.04507349666034632,
    0.04507349666234291,
    0.045073496660346456,
    0.045073496662342866,
    0.09024649665345484,
    0.36914926823150795,
    0.04676499674536437,
    0.03576266899167673,
    0.03576266899167673,
    0.03576266899167673,
    0.03576266899167673,
    0.03576266899167673,
    0.03576266899167673,
    0.0,
    0.02387999654011468,
    0.17909999653100667,
    0.17909999652751898,
    0.03183999642698846,
    0.04974999643106875,
    0.062684996429892,
    0.17909999672004287,
    0.28849122002832295,
    0.6606278233784676,
    0.005974670237272961,
    0.5697274833399574,
    0.0814747506596408,
    0.0814747506596408,
    0.0814747506596408,
    0.2796283600291926,
    0.2796283600291926,
    0.39432823566001546,
    0.0033826011293853946,
    0.04837954825176518,
    0.04837954825176518,
    0.04837954825176518,
    0.04837954825176518,
    1.3790699963036663,
    0.11939999639943083,
    0.2586999963845137,
    0.09352999639862475,
    0.09352999640210649,
    0.09352999639815546,
    0.09352999639875031,
    0.09352999639856197,
    0.17412499675574641,
    0.0,
    0.6716249962891885,
    0.6716249962891893
  ],
  "qg": [
    -0.4666960996208307,
    0.005243971222734098,
    0.006087635632696781,
    0.005388693523648486,
    0.00604373617479383,
    0.009619400097757039,
    -0.15959017829547334,
    -0.005699361239647662,
    -0.03409933509757522,
    -0.03409935643996866,
    -0.034099332742412385,
    -0.03409936516993028,
    -0.034099364923132626,
    -0.03409933085587512,
    0.0017960272293875896,
    0.001957798505550678,
    0.013184577747095425,
    0.01427259507863541,
    -0.0035987758652907304,
    -0.005498934660509474,
    -0.0069989355876248546,
    -0.021999592425955828,
    -0.01054472395410596,
    -0.014041834148466154,
    0.002957219698679056,
    0.16873323790648725,
    0.03903030741239911,
    0.11700192372164431,
    0.1724292379027167,
    0.16928671780795887,
    0.1687257132167721,
    -0.010463906217008075,
    -0.006574136847646098,
    -0.09414107256844616,
    -0.07282029285385064,
    -0.09414138497807045,
    -0.09414141144946646,
    0.16270161330222208,
    -0.01329976855596056,
    -0.028899764695994933,
    -0.010399766122618568,
    -0.01039976865980602,
    -0.010399765412151572,
    -0.010399766144739192,
    -0.010399766112018888,
    0.0037372273234235888,
    -0.0097247760750824,
    -0.005257394576452281,
    0.04604668459925298
  ],
  "pd": [
    0.06275951953795457,
    0.014404520733491265,
    0.06753553172215639,
    0.20172277796512222,
    0.36272197872971923,
    0.0025749674231550757,
    0.021449563617304986,
    0.38036432978737583,
    0.0060677450169396826,
    0.006535148344575093,
    0.009620010306968798,
    0.0391429041288854,
    0.01199101991442842,
    0.020370286842583223,
    0.011498121859831081,
    0.01982639933406202,
    0.5021271457575603,
    0.004359598310490277,
    0.05472018230262552,
    0.17644050706120687,
    0.030355721569339706,
    0.25330710885143015,
    0.00871069837865991,
    0.05422728424802818,
    0.0173789055457166,
    0.3257801193618806,
    0.00906762455612695,
    0.08114121767750714,
    0.017727333480862997,
    0.008073330204611623,
    0.02718587718373956,
    0.053861859828240495,
    0.013121286143074049,
    0.01548379750821303,
    0.0037902160750071415,
    0.018840603224867334,
    0.006407674709765436,
    0.004708026245636674,
    0.023956545101894912,
    0.008481245836002526,
    0.011821055068015545,
    0.015653762354625903,
    0.008251793293345144,
    0.03195339112562073,
    0.019911381757268455,
    0.012347946091895462,
    0.1746813709008336,
    0.07260898238758075,
    0.10930439272812074,
    0.02823116098917875,
    0.018687634863095746,
    0.020914174351104427,
    0.1594355241775986,
    0.03057667586967644,
    0.0050309594538211376,
    0.007512446211449132,
    0.04668084506729648,
    0.017905796569596514,
    0.007605926876976213,
    0.019044561040562787,
    0.031885405187055585,
    0.041080503377992184,
    0.07010200090299083,
    0.4193032761005659,
    0.07288092614184136,
    0.019401487218029825,
    0.01878111552862283,
    0.4230085097523665,
    0.017863305357993298,
    0.00815831262781806,
    0.012577398634552846,
    0.0062037168940699845,
    0.006705113190987971,
    0.025129302542143756,
    0.007155520033982092,
    0.006118734470863546,
    0.049009363463152884,
    0.10338961607295265,
    0.31774928036887223,
    0.004410587764414139,
    0.01748938269588497,
    0.4466676163730389,
    0.0045040684299412215,
    0.0381911009889733,
    0.03734977499922956,
    0.013410226381975938,
    0.030415209265584213,
    0.09227391511755052,
    0.07491200605647522,
    0.2896116000452205,
    0.0334575800163747,
    0.007401969061280763,
    0.14177617663530076,
    0.015279839692517578,
    0.005217920784875301,
    0.0016486590102049,
    0.12432928515101901,
    0.6564382298158108,
    0.03739226621083278,
    0.2571058231687579,
    0.012883335358096023,
    0.013112787900753405,
    0.20310799146338715,
    0.009857961091946824,
    0.017786821177107504,
    0.048278514623577504,
    0.009857961091946824,
    0.06977906769480637,
    0.012092998822276147,
    0.3166530071095092,
    0.2275404381352381,
    0.0769430859711091,
    0.012772858207927652,
    0.13632030506544743,
    0.2721392138339769,
    0.1254000636834201,
    0.07618674240457178,
    0.011795560341053614,
    0.012296956637971599,
    0.3892449930124486,
    0.03525070914603054,
    0.03224233136452263,
    0.009161105221654031,
    0.019392988975709183,
    0.01713245651841793,
    0.008574726501529609,
    0.06545346235359865,
    0.013095791416112118,
    0.010418845085109317,
    0.018058764931368106,
    0.04404638994789689,
    0.16156008475775954,
    0.011940030460504559,
    0.02602161798581136,
    0.05795801262679081,
    0.20062650470575918,
    0.06581888677338635,
    0.012220472457085805,
    0.3955421905720457,
    0.00458905085314766,
    0.008005344266046472,
    0.07826881177312954,
    0.01612966392458196,
    0.009603013822327509,
    0.06596335689283728,
    0.017880301842634585,
    0.142676990321289,
    0.006220713378711272,
    0.02181498803709267,
    0.0027449322695679516,
    0.03063616356592095,
    0.44820579823307544,
    0.1868593521463162,
    0.3193214551981913,
    0.04566105598881921,
    0.019078554009845365,
    0.017081467064494066,
    0.006025253805336464,
    0.008081828446932266,
    0.06529199574950642
  ],