{
  "hour": 19,
  "dispatch": 0,
  "load": 0.8157458347621034,
  "wind": 0.42951620977216476,
  "solar": 0.030639612625603635,
  "gen": [
    47,
    1,
    2,
    3,
    4,
    5,
    6,
    7,
    8,
    9,
    10,
    11,
    12,
    13,
    14,
    15,
    16,
    17,
    18,
    19,
    20,
    21,
    22,
    23,
    24,
    25,
    26,
    27,
    28,
    29,
    30,
    31,
    32,
    33,
    34,
    35,
    36,
    37,
    38,
    39,
    40,
    41,
    42,
    43,
    44,
    45,
    46,
    48,
    49
  ],
  "pg": [
    4.749694741985412,
    0.045073496802948296,
    0.04507349680487009,
    0.045073496802948414,
    0.04507349680487007,
    0.09024649679632395,
    0.3715315214529225,
    0.0467649968870672,
    0.03599345837890741,
    0.03599345837890741,
    0.03599345837890741,
    0.03599345837890741,
    0.03599345837890741,
    0.03599345837890741,
    0.0,
    0.023879996721835387,
    0.1790999967133421,
    0.17909999671003746,
    0.03183999658161769,
    0.04974999658541681,
    0.06268499658428771,
    0.1790999968625117,
    0.29035295780598336,
    0.664891092727311,
    0.006013226936810306,
    0.57340414004584,
    0.011955576846510538,
    0.011955576846510538,
    0.011955576846510538,
    0.04103256922820839,
    0.04103256922820839,
    0.3968729778294803,
    0.0004963617245347788,
    0.007099198245352362,
    0.007099198245352362,
    0.007099198245352362,
    0.007099198245352362,
    1.3790699964761337,
    0.11939999655252351,
    0.25869999653913844,
    0.09352999655205202,
    0.09352999655515017,
    0.09352999655174198,
    0.0935299965521905,
    0.09352999655198278,
    0.17412499690614638,
    0.0,
    0.6716249964540517,
    0.6716249964540526
  ],
  "qg": [
    -0.46669657764919387,
    0.004655621641325649,
    0.00535013973264119,
    0.0048008296231104464,
    0.0053061483204973284,
    0.008880132901280395,
    -0.1820118324695853,
    -0.005699496292424986,
    -0.03409948089432355,
    -0.03409949363849277,
    -0.03409947901056001,
    -0.03409949922949567,
    -0.03409949903291109,
    -0.03409947750166383,
    0.0016526642949615503,
    0.0018927534192473491,
    0.012555381453233354,
    0.013782502287127206,
    -0.0035989624231618396,
    -0.005499082740245068,
    -0.00699908352980315,
    -0.021999654170043664,
    -0.0027391535563619064,
    0.002966957758869192,
    0.003157355168818339,
    0.1879069993042895,
    0.0375075168923799,
    0.1138533441605984,
    0.1681720326692348,
    0.18562314294107213,
    0.18543312470652767,
    -0.009368349243885606,
    -0.006579686514761207,
    -0.09415967114577942,
    -0.07913233188069571,
    -0.09415973424757201,
    -0.09415974076075145,
    0.15472516235358136,
    -0.013299807035652776,
    -0.028899804787077252,
    -0.010399805411391823,
    -0.01039980713570607,
    -0.010399804977411664,
    -0.010399805437311256,
    -0.01039980539881927,
    0.002675703614854752,
    -0.012292630917412749,
    -0.007831679011402354,
    0.043647520180185605
  ],
  "pd": [
    0.060242829897181334,
    0.013826891899217653,
    0.06482732148854435,
    0.19363358879748047,
    0.34817663719316094,
    0.002471709879329173,
    0.020589424869395488,
    0.3651115207228222,
    0.005824425260201418,
    0.006273085469320575,
    0.00923424284950701,
    0.03757325314914248,
    0.011510173728493278,
    0.01955342765924762,
    0.01103704114433126,
    0.019031350324999873,
    0.4819915839275364,
    0.00418477613232959,
    0.052525874300331836,
    0.1693651502133079,
    0.029138441217702333,
    0.24314936096754017,
    0.00836139480631156,
    0.052052741716169824,
    0.016682002320885014,
    0.3127161657560524,
    0.008704008056911643,
    0.07788741230308563,
    0.017016458113137477,
    0.007749585430239982,
    0.026095709254039687,
    0.05170197100722212,
    0.012595115688726876,
    0.014862889109365524,
    0.0036382264230389815,
    0.01808508515667583,
    0.006150723594106259,
    0.004519231924582054,
    0.022995875081943694,
    0.008141143430925792,
    0.011347024561540858,
    0.015026038276317943,
    0.007920892055540025,
    0.03067204338705508,
    0.019112924908476082,
    0.011852786979093363,
    0.16767655633535036,
    0.06969732412207412,
    0.10492122926710175,
    0.027099076630797074,
    0.01793825090641865,
    0.020075504993495363,
    0.1530420760597182,
    0.02935053513474048,
    0.004829215341791652,
    0.007211193179296994,
    0.044808918703482345,
    0.017187764738437517,
    0.0073009252211208246,
    0.018280864157018736,
    0.030606783720274117,
    0.03943315365240007,
    0.06729087390952591,
    0.40248899487162193,
    0.069958362789198,
    0.01862347740761882,
    0.018027982948242486,
    0.40604564671118454,
    0.017146977446699414,
    0.007831160013716192,
    0.012073038354479131,
    0.005954944593763355,
    0.006436234636272997,
    0.024121604333915397,
    0.006868579928696911,
    0.0058733700102871446,
    0.047044062290730514,
    0.0992436382571575,
    0.3050073676175505,
    0.004233720882415317,
    0.01678804927940409,
    0.4287560107509616,
    0.004323452924239148,
    0.03665961781420893,
    0.03585202943779445,
    0.01287246927254599,
    0.029195543426135683,
    0.08857368273846918,
    0.07190799533427941,
    0.2779980230285772,
    0.03211591351458401,
    0.007105146220777921,
    0.13609087761336172,
    0.014667110109022618,
    0.005008679425439314,
    0.0015825469194384806,
    0.11934361562569573,
    0.6301147126036392,
    0.035892816729532546,
    0.24679574484892675,
    0.012366706854993487,
    0.012586958230379254,
    0.1949632545081427,
    0.009462651683240399,
    0.017073560321570824,
    0.046342520872835094,
    0.009462651683240399,
    0.06698089049231631,
    0.011608063228664731,
    0.30395505549070745,
    0.21841594725755317,
    0.07385762787936084,
    0.012260659896474414,
    0.130853789354189,
    0.2612262886658684,
    0.12037145537749597,
    0.07313161408642256,
    0.011322552186497995,
    0.011803842229007636,
    0.37363606469608623,
    0.033837137225932054,
    0.030949396970874204,
    0.008793740098735474,
    0.018615319949271198,
    0.016445436028804005,
    0.008230875472749623,
    0.06282874419337721,
    0.012570643313684014,
    0.010001043934183388,
    0.0173345989886947,
    0.04228010661571982,
    0.15508144064662346,
    0.011461228978407553,
    0.024978137460415606,
    0.05563386593077545,
    0.19258127667063737,
    0.06317951490232492,
    0.011730425103879047,
    0.3796807413316734,
    0.004405027507715358,
    0.0076843257634590136,
    0.07513019138158973,
    0.015482855943784722,
    0.009217927932811768,
    0.06331819169423446,
    0.017163292363394655,
    0.13695556819820956,
    0.005971259510458597,
    0.02094019557834319,
    0.002634859046281594,
    0.029407637343173827,
    0.43023251071188096,
    0.17936619414749128,
    0.3065164974118603,
    0.04383002370176781,
    0.018313493990409224,
    0.016396491278718277,
    0.005783637968463313,
    0.007757742888587603,
    0.0626737524847724
  ],