{
  "hour": 20,
  "dispatch": 3,
  "load": 0.7149252086997098,
  "wind": 0.3987884397221065,
  "solar": 0.0004210790686968034,
  "gen": [
    47,
    1,
    2,
    3,
    4,
    5,
    6,
    7,
    8,
    9,
    10,
    11,
    12,
    13,
    14,
    15,
    16,
    17,
    18,
    19,
    20,
    21,
    22,
    23,
    24,
    25,
    26,
    27,
    28,
    29,
    30,
    31,
    32,
    33,
    34,
    35,
    36,
    37,
    38,
    39,
    40,
    41,
    42,
    43,
    44,
    45,
    46,
    48,
    49
  ],
  "pg": [
    3.55479532436374,
    0.04507349416195354,
    0.04507349416547928,
    0.04507349416195485,
    0.04507349416547912,
    0.09024649414982124,
    0.34495200035962204,
    0.046764994313298905,
    0.03341847124871253,
    0.03341847124871253,
    0.03341847124871253,
    0.03341847124871253,
    0.03341847124871253,
    0.03341847124871253,
    0.0,
    0.02387999398519398,
    0.17909999396954393,
    0.1790999939633829,
    0.03183999377734906,
    0.04974999378339233,
    0.06268499378129076,
    0.17909999427229992,
    0.26958098525214397,
    0.6173245046898208,
    0.005583038156109491,
    0.5323825670290121,
    0.00016430505260549267,
    0.00016430505260549267,
    0.00016430505260549267,
    0.0005639090887987591,
    0.0005639090887987591,
    0.36848051830322637,
    6.821480912888214e-06,
    9.756402021704934e-05,
    9.756402021704934e-05,
    9.756402021704934e-05,
    9.756402021704934e-05,
    1.3790699935290776,
    0.11939999371161061,
    0.25869999368625196,
    0.09352999371049306,
    0.09352999371636615,
    0.09352999370980149,
    0.09352999371072979,
    0.09352999371037468,
    0.1741249943279888,
    0.0,
    0.6716249935261682,
    0.6716249935261773
  ],
  "qg": [
    -0.46669781217586037,
    0.003336404268416269,
    0.003701134077488643,
    0.003480934608188599,
    0.0036574913657323026,
    0.007190304711076186,
    -0.17851720365045037,
    -0.005699152294722125,
    -0.034099132048537296,
    -0.034099151994904944,
    -0.0340991289704892,
    -0.03409916082657055,
    -0.03409916051593113,
    -0.03409912653544223,
    0.001047206606906575,
    0.0015956947590815708,
    0.009695784153873914,
    0.011536666972971732,
    -0.0035987665135970306,
    -0.005498870826650989,
    -0.006998873140236558,
    -0.021999409599136373,
    -0.0653725289941609,
    -0.13338043143712908,
    0.0012722946313110351,
    0.07605823139931957,
    0.02765080847304623,
    0.0838952964094827,
    0.12398771154167507,
    0.11393650666050185,
    0.11386749933461612,
    -0.04858319261980447,
    -0.006591818080937416,
    -0.09419079834342801,
    -0.09416743808254352,
    -0.0941907584185349,
    -0.0941907555727124,
    0.10709851264956854,
    -0.013299625080814462,
    -0.028899619883983013,
    -0.010399621436896218,
    -0.010399625201426092,
    -0.01039962042606679,
    -0.010399621477201906,
    -0.010399621417539815,
    -0.016110684541008405,
    -0.03203852390718273,
    -0.023257041442119205,
    0.028830974316281063
  ],
  "pd": [
    0.052797226662473565,
    0.012117982287460081,
    0.056815106335365934,
    0.16970179678905012,
    0.3051443775772101,
    0.0021662233823601207,
    0.018044712267580674,
    0.3199862249098161,
    0.005104565990115928,
    0.005497774854900768,
    0.008092953362480716,
    0.03292945511270863,
    0.010087594694752905,
    0.017136757252532043,
    0.009672938073707074,
    0.01667920511896423,
    0.4224207088123105,
    0.003667566320629511,
    0.04603403418817431,
    0.14843277183023373,
    0.025537128454753633,
    0.2130977569571225,
    0.007327983389172025,
    0.045619377567128486,
    0.014620220517909064,
    0.27406657875503376,
    0.007628251976825904,
    0.06826105892664829,
    0.014913339853475946,
    0.006791789482647243,
    0.022870457426303715,
    0.04531195972738761,
    0.01103844522232352,
    0.013025937302508712,
    0.0031885664308007058,
    0.015849891876872566,
    0.005390536073595811,
    0.003960685656196393,
    0.020153741633244817,
    0.007134953582823103,
    0.009944609653012963,
    0.013168922344248653,
    0.006941923776474182,
    0.026881187847109078,
    0.016750697639834198,
    0.010387863282406783,
    0.14695287664822534,
    0.061083209831303206,
    0.09195368034295667,
    0.02374981543300436,
    0.015721205339306616,
    0.017594309386099856,
    0.13412711840415256,
    0.025723009009015557,
    0.004232357235502282,
    0.0063199388449054344,
    0.039270841713875064,
    0.015063474147302884,
    0.006398580617862402,
    0.016021473926960496,
    0.02682399383041311,
    0.03455948458854396,
    0.05897418046563906,
    0.3527440979724369,
    0.06131198589808711,
    0.016321742514614372,
    0.015799847112263586,
    0.35586117188236754,
    0.0150277278868679,
    0.0068632820035172135,
    0.010580893088755705,
    0.005218954023507881,
    0.005640759896640711,
    0.021140338421250418,
    0.006019670257251556,
    0.00514746150263791,
    0.04122973678571227,
    0.08697780089040669,
    0.26731053553282147,
    0.003710461833151494,
    0.014713160795040028,
    0.3757646896925675,
    0.003789103606108462,
    0.03212873887896496,
    0.03142096292235225,
    0.01128151979328142,
    0.025587173219362613,
    0.07762657916061448,
    0.0630206571468794,
    0.24363936187277407,
    0.028146605466507574,
    0.0062269985677744725,
    0.11927097256737258,
    0.012854355252420782,
    0.0043896407814162175,
    0.001386954904877437,
    0.10459355803276754,
    0.5522368282080038,
    0.03145670918278723,
    0.21629347264001017,
    0.0108382661638876,
    0.011031295970236521,
    0.17086712487923061,
    0.008293132420916633,
    0.014963384618084927,
    0.04061490110623051,
    0.008293132420916633,
    0.058702508886333174,
    0.01017338571979687,
    0.26638828201359893,
    0.19142122462934727,
    0.06472932839567173,
    0.010745325886756639,
    0.11468115272752044,
    0.22894049958190807,
    0.10549436379572917,
    0.06409304495992897,
    0.009923161896751971,
    0.0103449677698848,
    0.32745719334072804,
    0.029655097656863964,
    0.02712426241806699,
    0.0077068937497828715,
    0.016314593262527377,
    0.01441289220738615,
    0.007213595355780072,
    0.05506353957405165,
    0.011016997466062528,
    0.008764983058658441,
    0.015192160684868833,
    0.03705457356690596,
    0.13591443142590182,
    0.010044699182230922,
    0.021891009890385116,
    0.048757899233320204,
    0.1687795432698275,
    0.055370957413792526,
    0.010280624501101827,
    0.3327547891371929,
    0.003860596126978433,
    0.006734595465951266,
    0.06584461172124328,
    0.013569280461120492,
    0.00807865485830672,
    0.05549249469927147,
    0.015042026391041893,
    0.12002879328859428,
    0.0052332525276818755,
    0.01835213010732155,
    0.0023092084241000625,
    0.025773053773624537,
    0.37705870432031396,
    0.15719775488889218,
    0.26863314716891595,
    0.038412931463435405,
    0.016050070935308487,
    0.014369996694864166,
    0.005068819729680942,
    0.00679893873473424,
    0.0549277037843987
  ],