{
  "hour": 21,
  "dispatch": 2,
  "load": 0.6598615635377251,
  "wind": 0.21070357469607653,
  "solar": 0.00041718801141799364,
  "gen": [
    47,
    1,
    2,
    3,
    4,
    5,
    6,
    7,
    8,
    9,
    10,
    11,
    12,
    13,
    14,
    15,
    16,
    17,
    18,
    19,
    20,
    21,
    22,
    23,
    24,
    25,
    26,
    27,
    28,
    29,
    30,
    31,
    32,
    33,
    34,
    35,
    36,
    37,
    38,
    39,
    40,
    41,
    42,
    43,
    44,
    45,
    46,
    48,
    49
  ],
  "pg": [
    3.84068204386862,
    0.04507349729127121,
    0.04507349729291539,
    0.045073497291271344,
    0.04507349729291539,
    0.09024649728561554,
    0.1822585921121062,
    0.046764997348835484,
    0.017656959559531216,
    0.017656959559531216,
    0.017656959559531216,
    0.017656959559531216,
    0.017656959559531216,
    0.017656959559531216,
    0.0,
    0.02387999718998318,
    0.17909999718264344,
    0.17909999717975122,
    0.031839997096036424,
    0.04974999709881148,
    0.06268499709782566,
    0.17909999732813417,
    0.14243561649454772,
    0.3261691336295265,
    0.0029498500457450717,
    0.28128927221926214,
    0.00016278676205530113,
    0.00016278676205530113,
    0.00016278676205530113,
    0.000558698184890977,
    0.000558698184890977,
    0.19469010301917472,
    6.7584457849714956e-06,
    9.666246224554913e-05,
    9.666246224554913e-05,
    9.666246224554913e-05,
    9.666246224554913e-05,
    1.3790699969708635,
    0.11939999706655868,
    0.25869999705475066,
    0.09352999706604366,
    0.09352999706877829,
    0.09352999706572365,
    0.09352999706615436,
    0.09352999706598827,
    0.17412499734505713,
    0.0,
    0.6716249969847571,
    0.6716249969847584
  ],
  "qg": [
    -0.46669897912998404,
    0.002359126243685975,
    0.0024771945338360832,
    0.002504816332523997,
    0.0024332095087284153,
    0.005959972931920363,
    -0.19719519243241768,
    -0.005699639313972011,
    -0.03409963132778293,
    -0.034099638315027034,
    -0.03409962994082394,
    -0.034099641647687834,
    -0.034099641506091474,
    -0.034099628829944086,
    0.0006590624190934321,
    0.0014287112906400284,
    0.008119292627715151,
    0.010291150030959968,
    -0.0035994494367610186,
    -0.005499489362219884,
    -0.006999489739641166,
    -0.021999740718275654,
    -0.07438265683630188,
    -0.15840499403680633,
    0.0006454793783679308,
    0.03457189271434258,
    0.022445965387610293,
    0.06807450093264533,
    0.10063275429672287,
    0.07714917262906522,
    0.0771172585820482,
    -0.07116301753483971,
    -0.00659867873590989,
    -0.09419858623560967,
    -0.09419736140118698,
    -0.09419857768330374,
    -0.09419857702853433,
    0.07741528820480659,
    -0.013299825555033073,
    -0.028899823147523,
    -0.01039982390762912,
    -0.0103998256306486,
    -0.010399823448760434,
    -0.010399823927568476,
    -0.010399823898015172,
    -0.02105158571287906,
    -0.03247736774041822,
    -0.030611489026193938,
    0.021823022293629465
  ],
  "pd": [
    0.048730776467261,
    0.01118465350196444,
    0.052439198454343014,
    0.1566313393369498,
    0.2816421125491718,
    0.001999380537519307,
    0.01665490586369218,
    0.295340838608215,
    0.004711411563659357,
    0.005074335423605106,
    0.007469632899247048,
    0.030393223616547616,
    0.0093106466615173,
    0.015816881677999273,
    0.00892792695466542,
    0.015394570277335125,
    0.3898858034319002,
    0.0033850898209485296,
    0.04248848607619412,
    0.13700045782170248,
    0.02357025504956754,
    0.1966849362436897,
    0.006763581026261682,
    0.04210576636934224,
    0.013494168974346478,
    0.25295793038218695,
    0.007040722882947527,
    0.06300358208658198,
    0.013764712215396945,
    0.006268684853608388,
    0.021108971417571825,
    0.04182202589702102,
    0.010188262541022475,
    0.01202267768765735,
    0.002942982573378254,
    0.014629130863631363,
    0.004975356189074447,
    0.0036556330619989972,
    0.018601497476128468,
    0.006585418404106496,
    0.009178674348809757,
    0.012154650000364895,
    0.006407255781951311,
    0.024810794789018455,
    0.015460556433688898,
    0.009587788518203145,
    0.13563454438517938,
    0.05637857198866323,
    0.08487139430222221,
    0.021920601140723226,
    0.014510355782194574,
    0.016239193078663415,
    0.1237966279353126,
    0.023741819056087347,
    0.003906380456143332,
    0.00583317622167349,
    0.03624619568512724,
    0.013903283143739866,
    0.0059057609936626395,
    0.01478749763888042,
    0.024758005863935444,
    0.03189770798141362,
    0.05443198037622694,
    0.32557569544951365,
    0.056589727688995305,
    0.015064639495566263,
    0.014582940554183726,
    0.328452691866538,
    0.01387029006556298,
    0.0063346710099621605,
    0.009765951140358331,
    0.004816989413825393,
    0.005206307736312652,
    0.01951210643381053,
    0.005556034364987646,
    0.004751003257471621,
    0.038054216369220614,
    0.08027875781999963,
    0.2467222386067554,
    0.003424681514760793,
    0.013579950977606383,
    0.34682323779542834,
    0.003497266286749943,
    0.029654178665385365,
    0.02900091571748302,
    0.0104126154726253,
    0.023616445359015182,
    0.07164776856892618,
    0.05816679682585046,
    0.2248742222380213,
    0.02597874975648024,
    0.005747394218413586,
    0.11008470464499867,
    0.011864310912408296,
    0.004051550000121632,
    0.0012801314332631867,
    0.09653774674556918,
    0.5097034661390804,
    0.0290339087956599,
    0.19963451743270333,
    0.010003501303231912,
    0.010181663925387097,
    0.1577069136855163,
    0.0076543941370376106,
    0.013810902524844586,
    0.03748673542457816,
    0.0076543941370376106,
    0.054181232982082606,
    0.009389830049141828,
    0.24587101718979182,
    0.1766779336372259,
    0.05974386596270563,
    0.009917719299972007,
    0.10584839340708647,
    0.21130746849168572,
    0.09736917231562671,
    0.05915658917115705,
    0.009158878501903623,
    0.009548196824390882,
    0.3022363919471842,
    0.027371057655544838,
    0.02503514772062129,
    0.007113307654936676,
    0.015058040879930887,
    0.013302809120920538,
    0.006658003176095646,
    0.05082253762367559,
    0.010168466694116344,
    0.00808990276897251,
    0.014022058225176659,
    0.03420062483816029,
    0.1254462818441569,
    0.009271054967705037,
    0.020204961075525142,
    0.04500255863327285,
    0.15578011791998614,
    0.05110627809599681,
    0.009488809283672487,
    0.30712596613299875,
    0.0035632524431037154,
    0.00621589592852537,
    0.060773250001824486,
    0.012524172475946022,
    0.007456435667976293,
    0.051218454561798216,
    0.013883487296833735,
    0.11078415790234868,
    0.004830186645096148,
    0.016938646336013403,
    0.002131352850226852,
    0.023788009365534987,
    0.34801758722543163,
    0.14509036059067498,
    0.2479429824993002,
    0.035454361808881965,
    0.014813892101421929,
    0.013263217427108273,
    0.00467841848548247,
    0.006275283469243765,
    0.050697163926603415
  ],