{
  "hour": 22,
  "dispatch": 0,
  "load": 0.6450991550111039,
  "wind": 0.2465573856132623,
  "solar": 0.00037394109365107434,
  "gen": [
    47,
    1,
    2,
    3,
    4,
    5,
    6,
    7,
    8,
    9,
    10,
    11,
    12,
    13,
    14,
    15,
    16,
    17,
    18,
    19,
    20,
    21,
    22,
    23,
    24,
    25,
    26,
    27,
    28,
    29,
    30,
    31,
    32,
    33,
    34,
    35,
    36,
    37,
    38,
    39,
    40,
    41,
    42,
    43,
    44,
    45,
    46,
    48,
    49
  ],
  "pg": [
    3.404805868568551,
    0.045073497599441875,
    0.04507349760089885,
    0.04507349759944196,
    0.04507349760089887,
    0.09024649759442609,
    0.2132721385554719,
    0.04676499765279514,
    0.020661508914391384,
    0.020661508914391384,
    0.020661508914391384,
    0.020661508914391384,
    0.020661508914391384,
    0.020661508914391384,
    0.0,
    0.02387999750896733,
    0.17909999750243102,
    0.17909999749985805,
    0.03183999743234671,
    0.049749997434694965,
    0.0626849974338164,
    0.1790999976353082,
    0.16667279267456533,
    0.38167083292933,
    0.003451803398585672,
    0.32915410979370513,
    0.0001459118147426492,
    0.0001459118147426492,
    0.0001459118147426492,
    0.0005007819126175187,
    0.0005007819126175187,
    0.22781902430665435,
    6.057845717147404e-06,
    8.664215139895392e-05,
    8.664215139895392e-05,
    8.664215139895392e-05,
    8.664215139895392e-05,
    1.379069997316297,
    0.11939999740451249,
    0.2586999973939396,
    0.09352999740402435,
    0.09352999740647286,
    0.09352999740372493,
    0.09352999740412027,
    0.09352999740397637,
    0.17412499764906703,
    0.0,
    0.6716249973301661,
    0.6716249973301673
  ],
  "qg": [
    -0.46669924371129456,
    0.00221461211819871,
    0.0022972873130941963,
    0.0023601082155469653,
    0.0022533667290604545,
    0.005771177972612907,
    -0.19210329641737536,
    -0.005699686889688091,
    -0.034099680138598557,
    -0.0340996859837738,
    -0.03409967893520661,
    -0.0340996888048582,
    -0.034099688681222394,
    -0.03409967796987793,
    0.0005653154904123588,
    0.0013862486832608295,
    0.007711467105722781,
    0.009972244050590091,
    -0.003599556990129124,
    -0.005499585278920528,
    -0.006999585470532464,
    -0.021999774003263875,
    -0.08989904519406494,
    -0.19097013531945786,
    0.00015379455592980074,
    0.012859048360359213,
    0.020950258206787663,
    0.06353050765629026,
    0.09392252936346786,
    0.06514719121465896,
    0.06512439588263672,
    -0.07738866747085761,
    -0.006599144037941873,
    -0.09419910592417426,
    -0.09419868410259345,
    -0.0941991004683669,
    -0.09419910004029415,
    0.06243961018980802,
    -0.013299842453051063,
    -0.028899840156557846,
    -0.010399840915585363,
    -0.010399842520209425,
    -0.01039984048152375,
    -0.01039984093268307,
    -0.010399840907357003,
    -0.02133150481231854,
    -0.032493216650974786,
    -0.0332460535794468,
    0.019296005608089837
  ],
  "pd": [
    0.04764057259757003,
    0.010934430677438212,
    0.05126602984873243,
    0.15312718642498574,
    0.27534122134183936,
    0.001954650439683645,
    0.01628230267248026,
    0.2887334797998699,
    0.004606007966779282,
    0.004960812502035389,
    0.007302522434725697,
    0.029713267079811444,
    0.009102349077206676,
    0.015463026745616162,
    0.008728191567300236,
    0.015050163286409055,
    0.38116328672986083,
    0.0033093586652069634,
    0.041537934591164984,
    0.1339354865634054,
    0.023042941816996634,
    0.19228470513415974,
    0.006612266338863816,
    0.04116377708125855,
    0.013192277719977075,
    0.2472987610735067,
    0.006883207983968479,
    0.0615940673204602,
    0.013456768373531628,
    0.0061284419726054876,
    0.020636721968805213,
    0.04088638444460377,
    0.009960330953371446,
    0.011753706604302314,
    0.002877142231349524,
    0.014301848266596173,
    0.004864047628783724,
    0.0035738493187615164,
    0.01818534517976302,
    0.006438089567010817,
    0.008973329246204457,
    0.011882726435304533,
    0.006263912795157819,
    0.0242557282284175,
    0.015114673201910164,
    0.00937329072231134,
    0.13260013131253243,
    0.05511727180414872,
    0.08297265331752819,
    0.021430193929468874,
    0.014185730418694175,
    0.015875890204823266,
    0.12102705247163321,
    0.02321066759729952,
    0.003818986997665735,
    0.005702676530298159,
    0.03543529658475994,
    0.013592239196083959,
    0.00577363743734938,
    0.014456672063798838,
    0.024204120296016617,
    0.031184093153236756,
    0.05321422929686597,
    0.3182919230824788,
    0.05532370353375227,
    0.014727613708903502,
    0.014256691325745398,
    0.3211045553983271,
    0.013559984238333406,
    0.006192951888106597,
    0.009547467494164338,
    0.004709223831581059,
    0.00508983233303761,
    0.019075582013678344,
    0.0054317348851934955,
    0.004644713916079948,
    0.037202868269490375,
    0.07848276319865091,
    0.24120257405865175,
    0.0033480646145076297,
    0.01327614061012852,
    0.3390641158738363,
    0.003419025521558851,
    0.02899075602619901,
    0.02835210786273802,
    0.010179664666075219,
    0.02308809875784741,
    0.07004486625110566,
    0.0568654905142288,
    0.2198433410362341,
    0.025397553732787164,
    0.005618813640146715,
    0.10762189203050247,
    0.011598882807099649,
    0.003960908811768178,
    0.0012514923607215417,
    0.09437800637812452,
    0.4983003912967771,
    0.028384362820488573,
    0.19516829835705937,
    0.009779703189968335,
    0.009953879961821333,
    0.15417869804765383,
    0.007483150198128805,
    0.013501925314382405,
    0.03664808299618082,
    0.007483150198128805,
    0.05296909161796175,
    0.00917976097580801,
    0.2403703961486875,
    0.17272529875422307,
    0.058407277494705354,
    0.009695840299816893,
    0.10348035545533119,
    0.20658010240920582,
    0.09519083131343849,
    0.05783313924674546,
    0.008953976271554122,
    0.009334584773010675,
    0.29547476596973593,
    0.026758712949860593,
    0.024475061941121284,
    0.0069541688910197,
    0.014721162717353391,
    0.013005198965023855,
    0.0065090504740620385,
    0.04968553691895523,
    0.009940977978721111,
    0.007908915640436134,
    0.01370835704398596,
    0.03343548920422552,
    0.12263980035916097,
    0.00906364312790601,
    0.019752936126440003,
    0.043995762371757285,
    0.15229500851502142,
    0.049962929555610006,
    0.009276525849059674,
    0.3002549507083682,
    0.0034835354370599614,
    0.006076834040204599,
    0.05941363217652268,
    0.012243981962110753,
    0.007289620451625474,
    0.050072596411961885,
    0.013572886221433626,
    0.10830569713481425,
    0.0047221258146812805,
    0.016559695309135036,
    0.0020836702706858654,
    0.023255824538150296,
    0.34023174534440637,
    0.14184440220384154,
    0.24239600749542228,
    0.034661177598746616,
    0.014482476029999284,
    0.01296649301572319,
    0.004573753009028727,
    0.006134892964155598,
    0.04956296807950311
  ],