{
  "hour": 22,
  "dispatch": 3,
  "load": 0.6433979146251615,
  "wind": 0.27438570752493396,
  "solar": 0.0004452538121875718,
  "gen": [
    47,
    1,
    2,
    3,
    4,
    5,
    6,
    7,
    8,
    9,
    10,
    11,
    12,
    13,
    14,
    15,
    16,
    17,
    18,
    19,
    20,
    21,
    22,
    23,
    24,
    25,
    26,
    27,
    28,
    29,
    30,
    31,
    32,
    33,
    34,
    35,
    36,
    37,
    38,
    39,
    40,
    41,
    42,
    43,
    44,
    45,
    46,
    48,
    49
  ],
  "pg": [
    3.2135972627575664,
    0.045073498415527075,
    0.045073498416488195,
    0.04507349841552709,
    0.0450734984164882,
    0.09024649841221506,
    0.23734363700906788,
    0.04676499845189005,
    0.02299352229058947,
    0.02299352229058947,
    0.02299352229058947,
    0.02299352229058947,
    0.02299352229058947,
    0.02299352229058947,
    0.0,
    0.023879998356457235,
    0.17909999835212959,
    0.17909999835043028,
    0.03183999830749025,
    0.04974999830901176,
    0.06268499830843045,
    0.17909999844064103,
    0.18548473828685533,
    0.4247490752485978,
    0.0038413999053490753,
    0.3663049195457868,
    0.0001737380375155905,
    0.0001737380375155905,
    0.0001737380375155905,
    0.0005962839052815962,
    0.0005962839052815962,
    0.253532393753039,
    7.213111757438663e-06,
    0.0001031653082838604,
    0.0001031653082838604,
    0.0001031653082838604,
    0.0001031653082838604,
    1.379069998229999,
    0.11939999828863018,
    0.2586999982816253,
    0.09352999828830022,
    0.09352999828992223,
    0.09352999828809856,
    0.09352999828836295,
    0.09352999828826886,
    0.1741249984497881,
    0.0,
    0.6716249982388987,
    0.6716249982388989
  ],
  "qg": [
    -0.4666995292433553,
    0.0022293645424108755,
    0.0023161600612639378,
    0.0023747960363576215,
    0.0022722462403795348,
    0.005787876156419141,
    -0.18881179623699995,
    -0.005699794377777289,
    -0.034099789879027065,
    -0.03409979367522857,
    -0.0340997890873434,
    -0.034099795515332605,
    -0.03409979543356986,
    -0.03409978845141098,
    0.0005500097300143789,
    0.001381387760472336,
    0.007667794921273336,
    0.00993893095549271,
    -0.0035997173943800908,
    -0.005499734337408191,
    -0.006999734391283961,
    -0.021999851407272744,
    -0.09481767659445396,
    -0.20081982656752084,
    1.5557707261976477e-05,
    0.007815282846212655,
    0.020743933436615746,
    0.06290391225251821,
    0.09299716001037993,
    0.06313224376614635,
    0.06311076533749922,
    -0.07805890763141689,
    -0.006599488998360714,
    -0.09419946552647154,
    -0.09419926685344829,
    -0.09419946226075745,
    -0.09419946200194103,
    0.05920893319909,
    -0.013299895271819023,
    -0.02889989371116062,
    -0.010399894243173275,
    -0.010399895319325211,
    -0.010399893950786464,
    -0.010399894254469733,
    -0.010399894237735473,
    -0.021372938500993293,
    -0.03249703086261794,
    -0.03365928634070686,
    0.018897527655922054
  ],
  "pd": [
    0.047514935995068175,
    0.010905594652896488,
    0.051130832275261585,
    0.1527233629945746,
    0.2746150979203114,
    0.0019494956813142395,
    0.016239363365139075,
    0.28797203862792975,
    0.004593861110423653,
    0.004947729963467492,
    0.007283264393556828,
    0.029634907947634938,
    0.009078344575361028,
    0.015422248013565122,
    0.008705173784878435,
    0.015010473348205019,
    0.3801580918354229,
    0.0033006313020270783,
    0.04142839172271415,
    0.13358227503447603,
    0.02298217351041077,
    0.19177761641232188,
    0.006594828624907905,
    0.04105522093223156,
    0.013157487354084552,
    0.24664659057155566,
    0.006865055749050474,
    0.061431632888410415,
    0.01342128049908087,
    0.006112280188939034,
    0.020582299288858914,
    0.04077855982894274,
    0.009934063801812493,
    0.011722710004470442,
    0.0028695546992282203,
    0.01426413176723983,
    0.004851220276273717,
    0.003564424447023395,
    0.018137387213283302,
    0.006421111187959111,
    0.008949664992435998,
    0.011851389587395475,
    0.006247393751010318,
    0.024191761589906064,
    0.015074813139667534,
    0.009348571699503596,
    0.13225044135120195,
    0.0549719178255738,
    0.08275383977908828,
    0.021373678723847864,
    0.0141483201426073,
    0.015834022678925225,
    0.12070788276282654,
    0.02314945696821331,
    0.003808915654580956,
    0.005687637565286428,
    0.03534184745036013,
    0.013556394061152152,
    0.005758411335895195,
    0.014418547266749869,
    0.024140289756736058,
    0.0311018551929803,
    0.05307389397742958,
    0.31745253107605476,
    0.05517780515825385,
    0.014688774390892436,
    0.01421909391321607,
    0.3202577459838204,
    0.013524224165420895,
    0.006176619980401549,
    0.00952228913645239,
    0.004696804776763679,
    0.005076409546392525,
    0.019025276335466024,
    0.00541741044114386,
    0.004632464985301163,
    0.03710475773643307,
    0.07827579029329715,
    0.2405664802783479,
    0.003339235176904588,
    0.013241129082985824,
    0.3381699439269849,
    0.003410008947513356,
    0.02891430228325476,
    0.02827733834777585,
    0.010152819092785047,
    0.02302721136443453,
    0.06986014557000003,
    0.056715526174207984,
    0.21926357532510876,
    0.02533057589879261,
    0.005603995836385157,
    0.10733807409691569,
    0.011568294504960403,
    0.0039504631957984915,
    0.0012481919543728133,
    0.09412911490966114,
    0.49698628517305976,
    0.028309508243507104,
    0.19465360509069635,
    0.009753912385717448,
    0.009927629822666241,
    0.1537721015954136,
    0.007463415809651873,
    0.01346631835310463,
    0.036551435529855424,
    0.007463415809651873,
    0.05282940276987201,
    0.009155552325116048,
    0.23973649696848148,
    0.172269791640887,
    0.05825324719016213,
    0.009670270656816178,
    0.10320745948502215,
    0.2060353142004155,
    0.09493979628208883,
    0.057680623046145726,
    0.008930363054997241,
    0.009309967824626087,
    0.2946955468357627,
    0.0266881454986517,
    0.024410516880878627,
    0.00693582951965924,
    0.014682340411746186,
    0.012970901958843256,
    0.0064918849585678794,
    0.049554507384429944,
    0.009914761864373739,
    0.00788805843330448,
    0.013672205685784682,
    0.033347313915022124,
    0.12231637754938945,
    0.00903974070048352,
    0.019700844145822446,
    0.04387973777743601,
    0.15189337968470815,
    0.04983116848771876,
    0.009252062012309822,
    0.2994631253831352,
    0.003474348738975872,
    0.006060808355769021,
    0.05925694793697738,
    0.012211692419585566,
    0.007270396435264325,
    0.04994054613320503,
    0.013537092123713398,
    0.10802007588641838,
    0.004709672735056182,
    0.016516024468427894,
    0.0020781752642392713,
    0.02319449482223707,
    0.3393344941524565,
    0.1414703334677805,
    0.24175676642040442,
    0.03456976995280993,
    0.014444283183334876,
    0.012932298083965746,
    0.004561691214692395,
    0.006118714168085285,
    0.04943226178065115
  ],