{
  "hour": 7,
  "dispatch": 0,
  "load": 0.7075967563886967,
  "wind": 0.9268856685137694,
  "solar": 0.002292199282370494,
  "gen": [
    47,
    1,
    2,
    3,
    4,
    5,
    6,
    7,
    8,
    9,
    10,
    11,
    12,
    13,
    14,
    15,
    16,
    17,
    18,
    19,
    20,
    21,
    22,
    23,
    24,
    25,
    26,
    27,
    28,
    29,
    30,
    31,
    32,
    33,
    34,
    35,
    36,
    37,
    38,
    39,
    40,
    41,
    42,
    43,
    44,
    45,
    46,
    48,
    49
  ],
  "pg": [
    0.33424105640950574,
    0.0450734974745042,
    0.04507349747601093,
    0.045073497474504495,
    0.04507349747601087,
    0.0902464974692633,
    0.8017561032644105,
    0.046764997573196826,
    0.07767301902145389,
    0.07767301902145389,
    0.07767301902145389,
    0.07767301902145389,
    0.07767301902145389,
    0.07767301902145389,
    0.0,
    0.023879997420784945,
    0.1790999974138089,
    0.1790999974111463,
    0.03183999737125978,
    0.049749997373392224,
    0.06268499737247102,
    0.17909999756371106,
    0.6265747119153081,
    1.4348190148593154,
    0.012976399359192772,
    1.2373923674658822,
    0.0008944161599809667,
    0.0008944161599809667,
    0.0008944161599809667,
    0.0030697132789505653,
    0.0030697132789505653,
    0.856442357706723,
    3.7133628374402e-05,
    0.0005311025737252435,
    0.0005311025737252435,
    0.0005311025737252435,
    0.0005311025737252435,
    1.379069997244497,
    0.11939999732966443,
    0.2586999973186066,
    0.0935299973291647,
    0.09352999733170525,
    0.09352999732884976,
    0.09352999732926316,
    0.09352999732911545,
    0.1741249975921244,
    0.0,
    0.671624997231882,
    0.6716249972318827
  ],
  "qg": [
    -0.4666994545857142,
    0.005325847645752931,
    0.006196631791309468,
    0.00546858363591565,
    0.006153325978439803,
    0.009683890104302977,
    -0.07944015200225017,
    -0.005699655180087281,
    -0.03409964588392231,
    -0.034099653753939314,
    -0.0340996447560688,
    -0.034099657168002485,
    -0.034099657043990296,
    -0.034099643873006076,
    0.0009484729364443972,
    0.001562488180604744,
    0.009405672423315057,
    0.011299338705070825,
    -0.0035996278787497516,
    -0.005499646366806131,
    -0.006999646445183346,
    -0.02199975411175621,
    -0.08732354360069113,
    -0.14609933889307586,
    0.00022023671995847075,
    0.0916586843585325,
    0.02632159258711772,
    0.0798533614917957,
    0.11802245733925014,
    0.10046146853607914,
    0.10040757205342349,
    0.011325583052990291,
    -0.006598933294756112,
    -0.09419884165907172,
    -0.09419798228427177,
    -0.09419883379493484,
    -0.0941988331900301,
    0.08117856769037807,
    -0.013299837615866152,
    -0.028899835208065112,
    -0.010399836013703232,
    -0.010399837684246094,
    -0.010399835559577273,
    -0.010399836030991639,
    -0.010399836005389509,
    -0.020901530670571645,
    -0.032474556422677096,
    -0.02208263245331625,
    0.02981642520059462
  ],
  "pd": [
    0.05225602045930525,
    0.01199376502078841,
    0.05623271423020972,
    0.16796224206398494,
    0.3020164475618235,
    0.002144018171857751,
    0.017859742131250703,
    0.31670615622445286,
    0.005052240840615294,
    0.005441419056629078,
    0.008009995282320046,
    0.032591906599263365,
    0.00998419023264451,
    0.01696109425063706,
    0.009573784113939067,
    0.016508232326548293,
    0.4180906194798253,
    0.003629971360274014,
    0.04556215514386818,
    0.14691123856142121,
    0.025275356138204245,
    0.21091336517677883,
    0.007252866752984141,
    0.04515174902516274,
    0.014470353668148847,
    0.2712572165616069,
    0.007550057390667394,
    0.06756133829999275,
    0.014760468338268213,
    0.0067221691856926185,
    0.022636020236874405,
    0.044847482419915596,
    0.010925293918641478,
    0.012892412901402054,
    0.0031558815334935876,
    0.015687420089137403,
    0.005335279543170773,
    0.00392008603039338,
    0.01994715256259736,
    0.007061815628759192,
    0.00984267088136677,
    0.013033932252679792,
    0.006870764504534245,
    0.026605638040214985,
    0.016578992002187164,
    0.010281380870327763,
    0.1454465132756966,
    0.06045706686585024,
    0.09101109480671418,
    0.023506364247232504,
    0.01556005267298744,
    0.017413956174725825,
    0.1327522274660834,
    0.025459331294865304,
    0.004188972797821084,
    0.006255155326476079,
    0.038868289828431116,
    0.014909063657109837,
    0.006332990969678835,
    0.01585724331067069,
    0.0265490302997039,
    0.03420522720382959,
    0.05836965643450359,
    0.34912823960218303,
    0.06068349782789463,
    0.016154433948353943,
    0.015637888316190198,
    0.3522133614600376,
    0.014873683819290405,
    0.006792928861331487,
    0.010472431994552712,
    0.0051654563216374854,
    0.005582938407906818,
    0.02092363608641376,
    0.005957964688792826,
    0.005094696645998616,
    0.040807104940936145,
    0.08608622138224883,
    0.2645704272137337,
    0.0036724271656573357,
    0.014562341246479378,
    0.371912855157899,
    0.0037502628088600925,
    0.03179939823210803,
    0.03109887744328322,
    0.011165876815813634,
    0.025324887911151457,
    0.07683085580868468,
    0.06237465407566361,
    0.24114189860970392,
    0.02785808429902299,
    0.006163167748145549,
    0.11804836686832627,
    0.012722589679868767,
    0.004344644084226597,
    0.0013727377073940717,
    0.10352140545966633,
    0.5465760385048849,
    0.031134257281102654,
    0.21407632267783627,
    0.010727166826852642,
    0.010918217951077589,
    0.1691156247768985,
    0.008208122374108881,
    0.014810000111215423,
    0.040198571730441855,
    0.008208122374108881,
    0.058100769667075884,
    0.010069101843411154,
    0.26365762739799237,
    0.18945903152307353,
    0.0640658103234326,
    0.01063517924852211,
    0.11350559569231083,
    0.22659370929835235,
    0.10441297737271608,
    0.06343604921024665,
    0.00982144297867511,
    0.010238925064944442,
    0.3241005423287147,
    0.02935111345500314,
    0.026846220937387155,
    0.00762789303387015,
    0.016147357980790058,
    0.014265150608796125,
    0.00713965127196195,
    0.054499102177057425,
    0.010904066015949817,
    0.008675136233325421,
    0.015036431073259806,
    0.03667473988362615,
    0.13452121935705513,
    0.009941734427261189,
    0.021666612680621894,
    0.04825809878570911,
    0.16704944224824353,
    0.05480336878230456,
    0.010175241356869459,
    0.329343834293555,
    0.003821022484498962,
    0.006665561445181522,
    0.06516966126339897,
    0.013430186436257463,
    0.007995843347192272,
    0.05492366023089063,
    0.014887835754418178,
    0.11879841943009829,
    0.00517960825676526,
    0.018164008736497844,
    0.00228553752313549,
    0.025508863067812516,
    0.37319360528696255,
    0.15558637479474663,
    0.26587948121305277,
    0.038019173720764673,
    0.015885547180926243,
    0.014222694803412803,
    0.005016861002795859,
    0.006729245153256505,
    0.05436465879334356
  ],