{
  "hour": 8,
  "dispatch": 1,
  "load": 0.9359793858095239,
  "wind": 0.49840899564340313,
  "solar": 0.11699935792154005,
  "gen": [
    47,
    1,
    2,
    3,
    4,
    5,
    6,
    7,
    8,
    9,
    10,
    11,
    12,
    13,
    14,
    15,
    16,
    17,
    18,
    19,
    20,
    21,
    22,
    23,
    24,
    25,
    26,
    27,
    28,
    29,
    30,
    31,
    32,
    33,
    34,
    35,
    36,
    37,
    38,
    39,
    40,
    41,
    42,
    43,
    44,
    45,
    46,
    48,
    49
  ],
  "pg": [
    5.73822989280567,
    0.04507349433084163,
    0.045073494334236824,
    0.04507349433084238,
    0.045073494334236575,
    0.09024649431916201,
    0.4311237812315437,
    0.04676499448627447,
    0.04176667383491719,
    0.04176667383491719,
    0.04176667383491719,
    0.04176667383491719,
    0.04176667383491719,
    0.04176667383491719,
    0.0,
    0.023879994202810697,
    0.17909999418794778,
    0.17909999418219422,
    0.03183999392683214,
    0.04974999393432642,
    0.06268499393237467,
    0.17909999444040076,
    0.3369244810549405,
    0.771537125255988,
    0.006977725939007644,
    0.6653760091839431,
    0.04565314946098493,
    0.04565314946098493,
    0.04565314946098493,
    0.15668554012852642,
    0.15668554012852642,
    0.46052991197450444,
    0.0018953895983289488,
    0.02710875123042083,
    0.02710875123042083,
    0.02710875123042083,
    0.02710875123042083,
    1.3790699937882502,
    0.11939999388752749,
    0.25869999386478487,
    0.09352999388695393,
    0.09352999389221595,
    0.09352999388653602,
    0.09352999388721621,
    0.09352999388682277,
    0.1741249945381068,
    0.0,
    0.6716249937124285,
    0.6716249937124315
  ],
  "qg": [
    -0.3556522980956639,
    0.006284253756807896,
    0.0073848556555744,
    0.0064299709860155116,
    0.007340554110077739,
    0.010964552214770173,
    -0.1801015220838443,
    -0.005699003397328547,
    -0.034098969262565115,
    -0.03409899924913645,
    -0.03409896569136998,
    -0.03409901172503956,
    -0.03409901135193579,
    -0.034098962849263385,
    0.0024271602478399597,
    0.0022506939589615163,
    0.0159780531551716,
    0.016477836561555773,
    -0.0035961070753783636,
    -0.005497350199165338,
    -0.00699737538297489,
    -0.021999342189031195,
    0.046713103586927575,
    0.11306292355443354,
    0.0034785056421491435,
    0.29425907078555796,
    0.049004214400053675,
    0.14843922261714743,
    0.21902702522547238,
    0.2591521128838385,
    0.2586788439654119,
    0.03111185224983971,
    -0.006009932296692554,
    -0.08530320439063944,
    -0.03945512241068301,
    -0.08542837420253253,
    -0.08543826358860056,
    0.18239160152270217,
    -0.013299679150483341,
    -0.02889967611987465,
    -0.010399676659636363,
    -0.010399679289667462,
    -0.010399676032977005,
    -0.010399676705954531,
    -0.010399676637149231,
    0.011578067150488733,
    0.00889512725159355,
    0.004827224814601555,
    0.05578597810386238
  ],
  "pd": [
    0.06912207764203333,
    0.01586485058947143,
    0.07438228179028286,
    0.2221734268096067,
    0.39949472145122095,
    0.0028360175390028577,
    0.02362411969783238,
    0.41892565350062666,
    0.00668289281468,
    0.007197681476875238,
    0.01059528664736381,
    0.04311121051038667,
    0.013206669133772381,
    0.022435425877854288,
    0.012663801090002858,
    0.021836399070936194,
    0.5530327798994152,
    0.004801574249202857,
    0.06026771265227525,
    0.19432804008177335,
    0.033433183661116195,
    0.27898737552824476,
    0.00959378870454762,
    0.059724844608505724,
    0.019140778439804763,
    0.358807697550081,
    0.00998690004658762,
    0.08936731175709334,
    0.019524529987986667,
    0.008891804165190477,
    0.029941980552046665,
    0.05932237347260763,
    0.014451521716899049,
    0.017053544409449527,
    0.004174468060710477,
    0.020750662983397145,
    0.00705728456900381,
    0.0051853257973847626,
    0.02638525888597048,
    0.009341074270379049,
    0.013019473256610478,
    0.01724074028661143,
    0.009088359836210477,
    0.03519282490643809,
    0.021929997009517144,
    0.013599780475812381,
    0.19239056275314764,
    0.07997007872356572,
    0.12038566860282097,
    0.03109323519659238,
    0.02058218669395143,
    0.02303445268477238,
    0.17559909257172476,
    0.03367653830142667,
    0.005540997963992381,
    0.008274057770556191,
    0.05141334766251715,
    0.019721085659006668,
    0.008377015502995239,
    0.02097529803599143,
    0.035117946555573334,
    0.045245243510032375,
    0.07720893953542764,
    0.46181222895841917,
    0.08026959212702477,
    0.02136840937803143,
    0.02068514442639048,
    0.4658930990805486,
    0.019674286689716193,
    0.008985402103771429,
    0.013852494909980953,
    0.006832649516409524,
    0.007384877354037145,
    0.02767691043838762,
    0.007880946428516191,
    0.006739051577828572,
    0.05397793117963526,
    0.11387125207758668,
    0.349962692354181,
    0.004857733012351429,
    0.019262455759960002,
    0.49195076518148584,
    0.004960690744790477,
    0.04206291359828,
    0.04113629400632858,
    0.014769754708074286,
    0.033498702218122865,
    0.1016286417111981,
    0.08250658285910953,
    0.31897241489002764,
    0.036849508419320956,
    0.008152380450400953,
    0.15614944093460287,
    0.01682890935685524,
    0.005746913428870477,
    0.0018158000084704765,
    0.13693378414393337,
    0.7229879167747086,
    0.04118309297561905,
    0.2831712033828133,
    0.014189447488872383,
    0.014442161923040953,
    0.2236990732084762,
    0.010857360875390477,
    0.019590048544993334,
    0.05317298890783905,
    0.010857360875390477,
    0.07685326736882,
    0.013318986660069525,
    0.3487552789464868,
    0.2506084805505,
    0.0847435735911943,
    0.014067770168717145,
    0.15014045327770573,
    0.29972867871778386,
    0.13811311817005334,
    0.0839105519378238,
    0.012991393875036191,
    0.01354362171266381,
    0.4287066380823362,
    0.03882442492337906,
    0.035511057897613336,
    0.010089857779026667,
    0.021359049584173336,
    0.018869344417920004,
    0.009444032002818096,
    0.07208913229504954,
    0.014423442335324763,
    0.011475107270024763,
    0.019889561948452383,
    0.04851181156650763,
    0.17793904103624858,
    0.01315051037062381,
    0.028659688793487622,
    0.06383379411220953,
    0.2209660134019124,
    0.07249160343094763,
    0.013459383567940953,
    0.43564224533118484,
    0.005054288683371429,
    0.008816925814325714,
    0.08620370143305717,
    0.017764888742664763,
    0.010576567059647619,
    0.07265071992653524,
    0.01969300627743238,
    0.15714157908356097,
    0.006851369104125715,
    0.024026590833730477,
    0.003023213416164762,
    0.03374205685843334,
    0.49364488786980104,
    0.2058031473517981,
    0.3516942542179286,
    0.05029017239954572,
    0.021012737211423813,
    0.01881318565477143,
    0.006636093845389524,
    0.008901163959048572,
    0.07191129621174572
  ],