{
  "ace_integral": -688.3524485113106,
  "ace_raw": 6.883780869952144
}