{
  "ace_integral": -755.167834225338,
  "ace_raw": 7.55733106993285
}