{
  "ace_integral": -667.421264669917,
  "ace_raw": 6.673870763367246
}