{
  "ace_integral": -675.5395713203592,
  "ace_raw": 6.755923193800751
}