{
  "ace_integral": 37.50735194615259,
  "ace_raw": -0.10996329800473223
}