{
  "ace_integral": -10.383198632100891,
  "ace_raw": 0.029397356745521016
}