{
  "ace_integral": 6.712467082878278,
  "ace_raw": -0.022216085312267264
}