{
  "ace_integral": -537.5235671812802,
  "ace_raw": 5.373685252079891
}