{
  "ace_integral": -0.7085308137758032,
  "ace_raw": 0.0001238883501054164
}