{
  "ace_integral": -415.56811851371225,
  "ace_raw": 4.158033647166274
}