{
  "ace_integral": -667.2356257149435,
  "ace_raw": 6.6732702463085705
}