{
  "ace_integral": -792.1254004816019,
  "ace_raw": 7.920249356008719
}