{
  "ace_integral": 13.379352814489273,
  "ace_raw": -0.041229537904287614
}