{
  "ace_integral": -901.5241802454724,
  "ace_raw": 9.013351740296553
}