stitched_end_first_hz,stitched_start_second_hz,stitched_jump_hz,continuous_f_899_hz,continuous_f_900_hz,continuous_step_899_to_900_hz,continuous_min_hz,continuous_max_hz
0.0062024831135554,0.0,-0.0062024831135554,0.006202483113555424,-0.0067480054517443655,-0.01295048856529979,-0.022662980891337003,0.038131878148570664
