{
  "ace_integral": 13.936600528226384,
  "ace_raw": -0.04034607398831975
}