{
  "ace_integral": -709.6796476135261,
  "ace_raw": 7.097162061495204
}