{
  "ace_integral": -377.83265558341196,
  "ace_raw": 3.778581231852156
}