{
  "ace_integral": -687.2998708877385,
  "ace_raw": 6.871101732698748
}