{
  "ace_integral": -575.9869844443473,
  "ace_raw": 5.758432201203368
}