{
  "ace_integral": -386.5767431855457,
  "ace_raw": 3.8652281070414407
}