{
  "hour": 0,
  "dispatch": 0,
  "load": 0.8022511601474078,
  "wind": 0.8386712503650099,
  "solar": 0.0005330981191877778,
  "gen": [
    47,
    1,
    2,
    3,
    4,
    5,
    6,
    7,
    8,
    9,
    10,
    11,
    12,
    13,
    14,
    15,
    16,
    17,
    18,
    19,
    20,
    21,
    22,
    23,
    24,
    25,
    26,
    27,
    28,
    29,
    30,
    31,
    32,
    33,
    34,
    35,
    36,
    37,
    38,
    39,
    40,
    41,
    42,
    43,
    44,
    45,
    46,
    48,
    49
  ],
  "pg": [
    2.2753365967077412,
    0.04507349587703329,
    0.0450734958794919,
    0.045073495877033826,
    0.04507349587949179,
    0.09024649586850607,
    0.7254506315657335,
    0.04676499602798485,
    0.07028065078058784,
    0.07028065078058784,
    0.07028065078058784,
    0.07028065078058784,
    0.07028065078058784,
    0.07028065078058784,
    0.0,
    0.023879995808581186,
    0.17909999579749714,
    0.17909999579322972,
    0.03183999567224032,
    0.0497499956762272,
    0.06268499567474597,
    0.1790999960067224,
    0.5669417652467467,
    1.2982630955650354,
    0.011741397505110138,
    1.1196261192372883,
    0.0002080148861070709,
    0.0002080148861070709,
    0.0002080148861070709,
    0.0007139250012162721,
    0.0007139250012162721,
    0.7749322353372692,
    8.636189530842e-06,
    0.00012351883421580812,
    0.00012351883421580812,
    0.00012351883421580812,
    0.00012351883421580812,
    1.3790699955128847,
    0.11939999561762575,
    0.25869999560002194,
    0.09352999561691445,
    0.0935299956209719,
    0.09352999561645764,
    0.0935299956170832,
    0.09352999561683008,
    0.17412499606978005,
    0.0,
    0.6716249954693151,
    0.671624995469317
  ],
  "qg": [
    -0.46669880639674927,
    0.005994461209004773,
    0.007029615502310523,
    0.006138113147064246,
    0.0069859658933354475,
    0.010553971661888331,
    -0.1054587736411942,
    -0.005699365133101126,
    -0.03409934460359193,
    -0.034099361912839465,
    -0.034099342516254676,
    -0.03409936911703444,
    -0.03409936889136177,
    -0.034099340886710655,
    0.0015915485362682003,
    0.0018661742849695711,
    0.012283456441546577,
    0.013579116516074932,
    -0.0035992320925191616,
    -0.005499283863569927,
    -0.006999284282974679,
    -0.021999565698979883,
    -0.05124409636077755,
    -0.07651255717754257,
    0.002091962296846582,
    0.16768580033057356,
    0.03610161475289381,
    0.10961164221562097,
    0.16192634775829354,
    0.17492521236359015,
    0.1747637221978127,
    0.024806085802218283,
    -0.006587072861933819,
    -0.09417996134750407,
    -0.09399189217977084,
    -0.09417980200067114,
    -0.09417979063413305,
    0.13919475389917263,
    -0.013299744409070745,
    -0.02889974103581743,
    -0.010399742068589044,
    -0.010399744525332539,
    -0.010399741423819641,
    -0.010399742099258097,
    -0.010399742053771966,
    -0.0035699668790335065,
    -0.02614060188805293,
    -0.011782883659529373,
    0.03975305642231195
  ],
  "pd": [
    0.05924624817688607,
    0.013598157164498562,
    0.0637548996969145,
    0.1904303578841902,
    0.3424168401741166,
    0.0024308210152466456,
    0.02024881928212057,
    0.3590715742587768,
    0.005728073283452492,
    0.006169311421533566,
    0.009081483132868657,
    0.0369516884363896,
    0.011319763869679924,
    0.019229960308733366,
    0.010854458196794429,
    0.018716519566239025,
    0.4740181204846973,
    0.004115548451556202,
    0.05165695220189159,
    0.16656338586980482,
    0.02865641144046541,
    0.23912700330513786,
    0.00822307439151093,
    0.051191646529006096,
    0.01640603622501449,
    0.3075429822425088,
    0.008560019878772841,
    0.0765989407708745,
    0.01673495920067493,
    0.0076213860214003745,
    0.025664014613115575,
    0.050846678530142714,
    0.012386757912675978,
    0.01461701613788577,
    0.0035780401742574394,
    0.01778590822046803,
    0.006048973747511455,
    0.00444447142721664,
    0.022615460204555425,
    0.00800646657827113,
    0.011159313637650443,
    0.01477746636991525,
    0.00778985876503133,
    0.030164643621542524,
    0.018796744682253765,
    0.011656709356941835,
    0.1649027259682997,
    0.06854433912299453,
    0.1031855442181596,
    0.026650783540096888,
    0.017641503011641496,
    0.019743401051227707,
    0.1505103401552552,
    0.028864996742103733,
    0.0047493268680726545,
    0.007091900255703085,
    0.044067656226897116,
    0.01690343194430588,
    0.0071801478833193,
    0.01797844849890341,
    0.03010046352873074,
    0.03878082108152568,
    0.06617769820055967,
    0.3958307224167311,
    0.0688010594942417,
    0.01831539398616532,
    0.017729750639257715,
    0.3993285374749737,
    0.016863319386298512,
    0.007701611137415115,
    0.011873317170181636,
    0.005856433469076077,
    0.006329761653563049,
    0.02372256680555885,
    0.006754954768441174,
    0.005776208353061336,
    0.04626582440570102,
    0.09760187614353363,
    0.2999617087791158,
    0.0041636835211650465,
    0.016510328875833653,
    0.4216632097734776,
    0.004251931148781261,
    0.03605316713702451,
    0.035258938488478574,
    0.012659523307126094,
    0.028712569021675727,
    0.08710843096880554,
    0.07071843976699399,
    0.2733991728666351,
    0.031584628175003446,
    0.006987607604883923,
    0.13383956104739206,
    0.014424475859450392,
    0.004925822123305084,
    0.0015563672506859712,
    0.11736934472956577,
    0.6196908861442637,
    0.035299051046485945,
    0.24271306599099673,
    0.012162127587834703,
    0.012378735401074502,
    0.19173802727523045,
    0.00930611345770993,
    0.016791116781885246,
    0.04557588840797424,
    0.00930611345770993,
    0.06587284275970366,
    0.011416034008897614,
    0.2989268047825257,
    0.21480274812946842,
    0.07263582003974631,
    0.01205783493701554,
    0.12868910859924568,
    0.25690488901400443,
    0.11838018119135149,
    0.0719218165072151,
    0.011135246102846021,
    0.01160857428733299,
    0.3674550988823172,
    0.03327737812291448,
    0.030437409015992654,
    0.008648267506389057,
    0.018307371474563846,
    0.016173383388571744,
    0.008094714205887345,
    0.061789384354553355,
    0.012362690377871554,
    0.00983559922340722,
    0.017047837153132416,
    0.04158067763044015,
    0.1525159680556237,
    0.01127162880007108,
    0.02456493052371363,
    0.05471352912205321,
    0.18939545388760004,
    0.06213435235341674,
    0.011536371682919724,
    0.3733997799790095,
    0.004332156264796002,
    0.007557205928588581,
    0.07388733184957627,
    0.015226727019597801,
    0.009065438109665707,
    0.06227073505064179,
    0.01687936440950146,
    0.1346899472771483,
    0.005872478492279025,
    0.020593787280983957,
    0.002591271247276127,
    0.02892115432331405,
    0.4231152843733444,
    0.17639898509321203,
    0.3014458734253885,
    0.043104954834720224,
    0.018010538545309308,
    0.016125248318962896,
    0.005687960725445121,
    0.007629408533001848,
    0.06163695663412534
  ],