{
  "hour": 10,
  "dispatch": 0,
  "load": 1.0972403362427623,
  "wind": 0.5103918799771122,
  "solar": 0.6164753359040889,
  "gen": [
    47,
    1,
    2,
    3,
    4,
    5,
    6,
    7,
    8,
    9,
    10,
    11,
    12,
    13,
    14,
    15,
    16,
    17,
    18,
    19,
    20,
    21,
    22,
    23,
    24,
    25,
    26,
    27,
    28,
    29,
    30,
    31,
    32,
    33,
    34,
    35,
    36,
    37,
    38,
    39,
    40,
    41,
    42,
    43,
    44,
    45,
    46,
    48,
    49
  ],
  "pg": [
    5.627109994362402,
    0.045073496335592794,
    0.04507349633775968,
    0.04507349633559341,
    0.045073496337759415,
    0.0902464963281221,
    0.44148897618020205,
    0.04676499642853169,
    0.04277083954208201,
    0.04277083954208201,
    0.04277083954208201,
    0.04277083954208201,
    0.04277083954208201,
    0.04277083954208201,
    0.0,
    0.023879996162072693,
    0.17909999615185154,
    0.17909999614808303,
    0.031839996059677765,
    0.04974999606508043,
    0.062684996063835,
    0.17909999639850502,
    0.3450249108645278,
    0.7900866302045696,
    0.007145486319679571,
    0.6813731597694448,
    0.24054867606977548,
    0.24054867606977548,
    0.24054867606977548,
    0.8255837698427558,
    0.8255837698427558,
    0.4716020970988517,
    0.009986900441646239,
    0.14283733532897738,
    0.14283733532897738,
    0.14283733532897738,
    0.14283733532897738,
    1.3790699959549648,
    0.11939999604793418,
    0.25869999603142285,
    0.09352999604693238,
    0.09352999605082045,
    0.09352999604637299,
    0.09352999604706383,
    0.09352999604686664,
    0.17412499644228419,
    0.0,
    0.6716249959155057,
    0.6716249959155092
  ],
  "qg": [
    -0.1967462625823554,
    0.008696863060372817,
    0.010403765322212792,
    0.008843137342834534,
    0.010358937709830872,
    0.014030790323178374,
    -0.13251470764454898,
    -0.005698847316427864,
    -0.034098760889717646,
    -0.034098834874131775,
    -0.03409875724663585,
    -0.03409886110565153,
    -0.03409886070258089,
    -0.0340987543516699,
    0.003359541262298404,
    0.0026810278255163635,
    0.020123650207278788,
    0.019737468656750294,
    -0.0035638082961820475,
    -0.005494721388609971,
    -0.0069951809220219555,
    -0.02199941988913173,
    0.04385030588530003,
    0.10729294619922836,
    0.0035227568104381495,
    0.2952067742367555,
    0.06525832429722637,
    0.18578337414268756,
    0.27084067627020963,
    0.2909564703814669,
    0.28706962806874053,
    0.05082008474657019,
    -0.0055601546641663065,
    -0.06302139507870123,
    -0.026594674441620527,
    -0.06384771538884879,
    -0.06391390519489909,
    0.21353789248372465,
    -0.013299733635589442,
    -0.028899728739962702,
    -0.010399730625261278,
    -0.010399733737958682,
    -0.010399729728825058,
    -0.010399730647048279,
    -0.010399730614897136,
    0.016953089896802002,
    0.021807808376603992,
    0.015267989415192328,
    0.06563649939244262
  ],
  "pd": [
    0.081031198831528,
    0.018598223699314822,
    0.08719768952121232,
    0.2604519386139445,
    0.46832412031513576,
    0.00332463821881557,
    0.027694346086767317,
    0.49110282969553554,
    0.007834296000773322,
    0.008437778185706842,
    0.01242076060626807,
    0.05053888988734163,
    0.015482061144385375,
    0.026300850859739013,
    0.014845661749364573,
    0.025598617044543644,
    0.6483154250723985,
    0.005628842924925371,
    0.07065130525067147,
    0.2278090386107223,
    0.03919342481059147,
    0.32705442702388016,
    0.011246713446488314,
    0.07001490585565066,
    0.02243856487616449,
    0.42062708289866296,
    0.011707554387710274,
    0.10476450730445894,
    0.022888433414024023,
    0.010423783194306242,
    0.03510071835640596,
    0.06954309251106629,
    0.01694139079158825,
    0.01999171892634313,
    0.00489369189964272,
    0.02432581825450204,
    0.008273192135270427,
    0.006078711462784904,
    0.03093120507868347,
    0.010950458555702767,
    0.015262613077136824,
    0.02021116699359168,
    0.010654203664917221,
    0.04125623664272785,
    0.02570834107816792,
    0.015942902085607336,
    0.2255377511146998,
    0.09374821432858162,
    0.1411270520475441,
    0.036450323969984565,
    0.024128314993978342,
    0.02700308467493438,
    0.20585325948250463,
    0.03947870729801459,
    0.006495662790557153,
    0.00969960457238602,
    0.06027141166981494,
    0.023118853884635,
    0.009820301009372721,
    0.0245891559352003,
    0.04116845741582844,
    0.053040597853975115,
    0.09051135533666547,
    0.541378381902179,
    0.09409933123617929,
    0.025049996876422263,
    0.02424901143096505,
    0.5461623497681973,
    0.023063991867822865,
    0.010533507227930517,
    0.016239156976392884,
    0.008009854454572165,
    0.008657226252955395,
    0.03244539674269848,
    0.009238763631164059,
    0.007900130420947888,
    0.06327785019112012,
    0.13349025930729447,
    0.41025816172116886,
    0.005694677345099937,
    0.02258120611987605,
    0.5767095207291959,
    0.00581537378208664,
    0.04930998071074974,
    0.0482237127778694,
    0.017314452505910786,
    0.03927023163412847,
    0.11913835570923913,
    0.0967217356397995,
    0.37392853418817096,
    0.04319835203787755,
    0.00955696332867446,
    0.18305260529538003,
    0.019728381245644865,
    0.00673705566453056,
    0.002128646252310959,
    0.16052626119231614,
    0.8475523253273594,
    0.04827857479468154,
    0.3319590913268853,
    0.016634163497440277,
    0.016930418388225822,
    0.26224044036202016,
    0.012727987900416042,
    0.022965240237561014,
    0.06233422350195132,
    0.012727987900416042,
    0.09009440400889321,
    0.015613729984734507,
    0.40884272168741576,
    0.2937861000289996,
    0.09934414004341971,
    0.016491522253728717,
    0.1760083223367015,
    0.3513692728750198,
    0.161908784015982,
    0.09836759614416363,
    0.015229695867049541,
    0.01587706766543277,
    0.5025689912092725,
    0.04551352914734978,
    0.041629298357050405,
    0.011828250824696978,
    0.025039024473059834,
    0.022120365178654088,
    0.011071154992689472,
    0.08450945069741755,
    0.016908473581500966,
    0.013452166522336266,
    0.0233163571451587,
    0.05686996662746237,
    0.20859636032311155,
    0.015416226724210811,
    0.03359749909575338,
    0.07483179093175639,
    0.25903649858019134,
    0.08498126404200194,
    0.015778316035170922,
    0.5106995421008313,
    0.005925097815710917,
    0.010336003967406821,
    0.10105583496795842,
    0.020825621581887627,
    0.012398815799543213,
    0.08516779489916321,
    0.023085936674547718,
    0.18421568005179736,
    0.00803179926129702,
    0.028166159431351707,
    0.003544086286064122,
    0.03955551412155158,
    0.5786955257377953,
    0.24126120513305857,
    0.4122880563432179,
    0.058954723266323616,
    0.024633045548650014,
    0.02205453075847952,
    0.007779433983961185,
    0.010434755597668668,
    0.08430097503353143
  ],