{
  "hour": 10,
  "dispatch": 1,
  "load": 1.095232899277439,
  "wind": 0.42666959505343216,
  "solar": 0.6741561943165578,
  "gen": [
    47,
    1,
    2,
    3,
    4,
    5,
    6,
    7,
    8,
    9,
    10,
    11,
    12,
    13,
    14,
    15,
    16,
    17,
    18,
    19,
    20,
    21,
    22,
    23,
    24,
    25,
    26,
    27,
    28,
    29,
    30,
    31,
    32,
    33,
    34,
    35,
    36,
    37,
    38,
    39,
    40,
    41,
    42,
    43,
    44,
    45,
    46,
    48,
    49
  ],
  "pg": [
    5.809962629515453,
    0.04507349593087263,
    0.04507349593328232,
    0.045073495930873314,
    0.04507349593328201,
    0.09024649592257421,
    0.3690691997212188,
    0.04676499602462239,
    0.03575491206547762,
    0.03575491206547762,
    0.03575491206547762,
    0.03575491206547762,
    0.03575491206547762,
    0.03575491206547762,
    0.0,
    0.023879995714641642,
    0.1790999957032017,
    0.17909999569899537,
    0.03183999561032942,
    0.04974999561644176,
    0.06268499561505944,
    0.17909999598989093,
    0.28842864625612014,
    0.6604845331427129,
    0.0059733743307480505,
    0.5696039093963319,
    0.2630557470223209,
    0.2630557470223209,
    0.2630557470223209,
    0.9028299754287342,
    0.9028299754287342,
    0.3942427058293713,
    0.010921330347928238,
    0.15620199022314643,
    0.15620199022314643,
    0.15620199022314643,
    0.15620199022314643,
    1.379069995487649,
    0.1193999956002199,
    0.25869999558175855,
    0.09352999559906863,
    0.09352999560342186,
    0.09352999559843049,
    0.09352999559921286,
    0.0935299955989965,
    0.17412499603090076,
    0.0,
    0.6716249954539236,
    0.6716249954539272
  ],
  "qg": [
    -0.15481836746238029,
    0.00855695212522376,
    0.010227715173349574,
    0.008703421883012626,
    0.01018285516008514,
    0.013858255584052398,
    -0.14060335375252495,
    -0.005698692443740347,
    -0.03409859459423429,
    -0.03409868011538076,
    -0.03409859029718875,
    -0.03409871041204437,
    -0.03409870995111363,
    -0.034098586882899636,
    0.0033276614735129047,
    0.0026641538816482646,
    0.01997486457198452,
    0.01961516743844758,
    -0.0035395090590222217,
    -0.005492168210182244,
    -0.0069930097788634986,
    -0.021999349129209797,
    0.03953770179547738,
    0.09426161432531,
    0.0034953847888099672,
    0.28293517570843674,
    0.065691755624373,
    0.1846429198305432,
    0.26852688100350025,
    0.2856885811272997,
    0.28114165340304687,
    0.04139438700666062,
    -0.005569692020347534,
    -0.06373010624017598,
    -0.0265123960470394,
    -0.06469361277771042,
    -0.06477077440659959,
    0.21334402993858376,
    -0.013299699223343002,
    -0.0288996935268776,
    -0.010399695742653618,
    -0.010399699331192695,
    -0.010399694700308805,
    -0.010399695765659502,
    -0.010399695731751863,
    0.01655317489968268,
    0.02088243772589377,
    0.013394565627337408,
    0.06379972586334316
  ],
  "pd": [
    0.08088294961163886,
    0.01856419764275259,
    0.08703815850557807,
    0.2599754333014857,
    0.46746730606959647,
    0.00331855568481064,
    0.02764367837776256,
    0.4902043410585961,
    0.007819962900840914,
    0.008422340995443506,
    0.012398036419820608,
    0.05044642734071884,
    0.015453736208804662,
    0.026252732595680214,
    0.014818501127223748,
    0.02555178354014265,
    0.6471293108670675,
    0.0056185447732932615,
    0.07052204638447429,
    0.22739225454798187,
    0.03912171916219012,
    0.32645607028762624,
    0.01122613721759375,
    0.06988681130289338,
    0.022397512790223627,
    0.41985753193800623,
    0.011686135035290274,
    0.10457283722300986,
    0.022846558278927377,
    0.01040471254313567,
    0.03503650044788527,
    0.06941586115620409,
    0.016910395964843658,
    0.019955143424834936,
    0.004884738730777378,
    0.02428131337698082,
    0.00825805606055189,
    0.006067590261997012,
    0.030874615430631004,
    0.01093042433478884,
    0.015234689628949177,
    0.020174190004690423,
    0.010634711451983933,
    0.04118075701283169,
    0.025661306830070393,
    0.01591373402650119,
    0.2251251224464776,
    0.09357669891426439,
    0.1408688555050642,
    0.03638363691399652,
    0.02408417145511088,
    0.02695368165121777,
    0.2054766442334403,
    0.03940647971600225,
    0.0064837787637224385,
    0.00968185882961256,
    0.06016114315730973,
    0.023076557187775636,
    0.009802334448533078,
    0.024544169272807406,
    0.04109313838088951,
    0.05294355835107138,
    0.09034576186139595,
    0.5403879125034885,
    0.09392717344203316,
    0.02500416709050393,
    0.024204647074031402,
    0.545163127944338,
    0.023021795542811765,
    0.010514235833063414,
    0.016209446909306098,
    0.007995200164725304,
    0.008641387575298995,
    0.032386036831633866,
    0.009221861011916037,
    0.00788567687479756,
    0.06316208130132991,
    0.13324603452609324,
    0.4095075810398344,
    0.005684258747249908,
    0.022539893067129696,
    0.575654411860222,
    0.005804734366170426,
    0.049219766493528105,
    0.048135485923243446,
    0.017282775150597986,
    0.03919838546513954,
    0.11892038820354432,
    0.09654478007130624,
    0.3732444197447584,
    0.04311931924455278,
    0.009539478552706494,
    0.18271770458645514,
    0.01969228752900835,
    0.006724730001563475,
    0.0021247518245982315,
    0.16023257316428932,
    0.846001700717865,
    0.04819024756820731,
    0.33135176134739636,
    0.016603730753045973,
    0.016899443635850882,
    0.2617606629273079,
    0.012704701631618291,
    0.0229232245818768,
    0.062220181007951306,
    0.012704701631618291,
    0.08992957335967051,
    0.015585164156717955,
    0.40809473059976664,
    0.29324860878153425,
    0.09916238670057934,
    0.01646135047613991,
    0.17568630937309399,
    0.35072643133561426,
    0.16161256661737888,
    0.0981876294202224,
    0.015201832641970852,
    0.015848020052544542,
    0.5016495248560453,
    0.04543026066202817,
    0.041553136198586034,
    0.011806610654210792,
    0.024993214761511156,
    0.02207989524943317,
    0.01105089995370936,
    0.08435483790234835,
    0.016877538977865335,
    0.013427555345141402,
    0.02327369910964558,
    0.05676592116954966,
    0.20821472648163392,
    0.015388022234848017,
    0.03353603137587518,
    0.07469488373072133,
    0.2585625828614178,
    0.08482578804903765,
    0.015749449091609573,
    0.5097652006396912,
    0.005914257656098171,
    0.010317093911193474,
    0.10087095002345214,
    0.020787520428285793,
    0.012376131761835059,
    0.0850119776419148,
    0.023043700200797317,
    0.18387865145968924,
    0.008017104822710853,
    0.028114628524451856,
    0.0035376022646661275,
    0.03948314601895167,
    0.5776367834079141,
    0.24081980989312327,
    0.41153376190349766,
    0.05884686367817679,
    0.024587978588778505,
    0.022014181275476524,
    0.007765201255877042,
    0.010415664872128444,
    0.08414674365148563
  ],