{
  "hour": 11,
  "dispatch": 0,
  "load": 1.0693910362785455,
  "wind": 0.32421340507369667,
  "solar": 0.8731205319884978,
  "gen": [
    47,
    1,
    2,
    3,
    4,
    5,
    6,
    7,
    8,
    9,
    10,
    11,
    12,
    13,
    14,
    15,
    16,
    17,
    18,
    19,
    20,
    21,
    22,
    23,
    24,
    25,
    26,
    27,
    28,
    29,
    30,
    31,
    32,
    33,
    34,
    35,
    36,
    37,
    38,
    39,
    40,
    41,
    42,
    43,
    44,
    45,
    46,
    48,
    49
  ],
  "pg": [
    5.045969335152311,
    0.04507349073179328,
    0.04507349073727192,
    0.045073490731796936,
    0.04507349073727081,
    0.09024649071293353,
    0.2804445953887476,
    0.046764990914524136,
    0.02716908334517578,
    0.02716908334517578,
    0.02716908334517578,
    0.02716908334517578,
    0.02716908334517578,
    0.02716908334517578,
    0.0,
    0.02387999007455878,
    0.1790999900472693,
    0.17909999003754107,
    0.03183998998009242,
    0.04974998999413984,
    0.06268498999099026,
    0.1790999908361231,
    0.21916826182981894,
    0.5018823510540824,
    0.004538987671031753,
    0.4328248957733851,
    0.3406916315819119,
    0.3406916315819119,
    0.3406916315819119,
    1.1692830164389962,
    1.1692830164389962,
    0.29957318628809576,
    0.014144552618213664,
    0.20230202726173496,
    0.20230202726173496,
    0.20230202726173496,
    0.20230202726173496,
    1.3790699896095204,
    0.11939998995976878,
    0.25869998991509324,
    0.09352998995631712,
    0.09352998996690634,
    0.09352998995447612,
    0.09352998995659617,
    0.09352998995617756,
    0.17412499086932917,
    0.0,
    0.6716249896070132,
    0.6716249896070504
  ],
  "qg": [
    -0.2716802747459761,
    0.008345140410022557,
    0.009962209480023002,
    0.008490540586960036,
    0.00991777354988029,
    0.013580934602426488,
    -0.12914266330976895,
    -0.005695367008092085,
    -0.03409469813712821,
    -0.034095387663143004,
    -0.034094681875431694,
    -0.03409558942358322,
    -0.03409558856483442,
    -0.034094672230636364,
    0.003107928214476654,
    0.002522883507846474,
    0.01896147725038444,
    0.018783205935005036,
    -0.0034801067097308667,
    -0.005476730749765498,
    -0.006979671289903897,
    -0.02199832811082104,
    0.015341197676705796,
    0.038199025686226934,
    0.0032679862129961325,
    0.22105035948179913,
    0.0664745674458984,
    0.17689635822644434,
    0.2545575597143811,
    0.26787516793595484,
    0.26060633476295986,
    0.023792960399453868,
    -0.005533692968077645,
    -0.07103672584140924,
    -0.028182638871902078,
    -0.07252015260213208,
    -0.07263731202279383,
    0.21102364000209253,
    -0.013299191938283961,
    -0.028899170952495664,
    -0.010399175012117363,
    -0.010399190128666701,
    -0.010399170089545873,
    -0.010399174869798255,
    -0.010399175087854684,
    0.014415655768010427,
    0.015886968563856824,
    0.010152851194149675,
    0.060569947053863954
  ],
  "pd": [
    0.07897452802917058,
    0.018126178064921346,
    0.08498450565305601,
    0.25384135028143834,
    0.45643748210440876,
    0.003240254839923993,
    0.026991429755670485,
    0.47863804001755134,
    0.007635451999028814,
    0.008223617068982015,
    0.012105506530673136,
    0.0492561511309898,
    0.015089107521890277,
    0.025633303139596737,
    0.014468860720848721,
    0.024948892876378467,
    0.6318603876955413,
    0.005485976016108938,
    0.06885808882597555,
    0.2220269669521516,
    0.038198647815869645,
    0.31875338618354604,
    0.010961258121855092,
    0.06823784202493399,
    0.021869046691896255,
    0.40995105375738045,
    0.011410402357092082,
    0.10210545614387552,
    0.02230749701677046,
    0.010159214844646183,
    0.034209819250550666,
    0.06777800387933422,
    0.016511397600140743,
    0.019484304680995098,
    0.0047694840218023135,
    0.023708399274295352,
    0.008063208413540232,
    0.005924426340983143,
    0.030146133312692197,
    0.010672522542059883,
    0.014875229314634569,
    0.019698182888250808,
    0.010383786962264677,
    0.0402091029640733,
    0.02505583198000632,
    0.015538251757127265,
    0.21981332750705504,
    0.09136877013963893,
    0.13754507508614652,
    0.03552517022517328,
    0.023515908887765214,
    0.026317713402815003,
    0.20062845231621793,
    0.038476689485302064,
    0.0063307949347689895,
    0.009453416760702342,
    0.05874164962278051,
    0.022532069134388953,
    0.009571049774692982,
    0.023965053123002202,
    0.04012355168117102,
    0.05169436269370487,
    0.08821406658261723,
    0.5276375372998344,
    0.09171097527124807,
    0.024414197358239194,
    0.02363354190175586,
    0.5323000822180087,
    0.022478599582575025,
    0.010266153948274036,
    0.015826987336922473,
    0.007806554564833382,
    0.008437495276237725,
    0.03162189294275659,
    0.009004272525465354,
    0.007699615461205527,
    0.06167178106218373,
    0.13010211347364783,
    0.3998453084645482,
    0.0055501394782856515,
    0.022008067526612468,
    0.5620719286680036,
    0.005667772492276291,
    0.04805843317035784,
    0.046999736044442075,
    0.016874990552475447,
    0.03827350518840915,
    0.11611447871912446,
    0.09426681984795378,
    0.3644377712533655,
    0.042101925098286336,
    0.009314395925986131,
    0.17840650658234974,
    0.019227650832288248,
    0.006566060962750269,
    0.0020746186103803785,
    0.1564519086075512,
    0.8260404120629997,
    0.047053205596256,
    0.3235335641157111,
    0.01621196810998275,
    0.016500703689777955,
    0.25558445767057236,
    0.012404936020831127,
    0.022382354389309956,
    0.06075210477098417,
    0.012404936020831127,
    0.08780769798883137,
    0.015217434446243702,
    0.39846579402774895,
    0.28632944996358056,
    0.09682266442465952,
    0.01607294727526654,
    0.17154101612944148,
    0.34245109154747866,
    0.15779934131326218,
    0.0958709064023716,
    0.01484314758354621,
    0.015474088294950554,
    0.48981317634666216,
    0.04435834018483407,
    0.04057269591640802,
    0.011528035371082719,
    0.02440350344787641,
    0.021558923291375476,
    0.010790155556050524,
    0.08236449761417358,
    0.016479315869052387,
    0.013110734104774967,
    0.022724559520919094,
    0.055426537410317014,
    0.20330192990691429,
    0.015024944059713564,
    0.03274475353084907,
    0.0729324686741968,
    0.25246183584463905,
    0.08282433575977335,
    0.015377843101685485,
    0.49773736392548623,
    0.0057747115959041456,
    0.010073663561743898,
    0.09849091444125406,
    0.020297041868566793,
    0.012084118709947564,
    0.0830061322359407,
    0.022499987403300597,
    0.179540061080805,
    0.007827942385558954,
    0.02745126790127026,
    0.003454133047179702,
    0.03855154685784156,
    0.5640075264436677,
    0.23513770105692658,
    0.40182368188166345,
    0.05745838037924625,
    0.024007828764453346,
    0.021494759829198764,
    0.007581982447214888,
    0.010169908755008967,
    0.08216131331728065
  ],