{
  "hour": 12,
  "dispatch": 2,
  "load": 0.929793597778361,
  "wind": 0.21076079104849665,
  "solar": 1.1312166376927058,
  "gen": [
    47,
    1,
    2,
    3,
    4,
    5,
    6,
    7,
    8,
    9,
    10,
    11,
    12,
    13,
    14,
    15,
    16,
    17,
    18,
    19,
    20,
    21,
    22,
    23,
    24,
    25,
    26,
    27,
    28,
    29,
    30,
    31,
    32,
    33,
    34,
    35,
    36,
    37,
    38,
    39,
    40,
    41,
    42,
    43,
    44,
    45,
    46,
    48,
    49
  ],
  "pg": [
    2.3705491786516815,
    0.04507349656600972,
    0.045073496568050396,
    0.04507349656600994,
    0.04507349656805034,
    0.09024649655896337,
    0.1823080842569496,
    0.04676499662135683,
    0.017661754289864023,
    0.017661754289864023,
    0.017661754289864023,
    0.017661754289864023,
    0.017661754289864023,
    0.017661754289864023,
    0.0,
    0.02387999621865652,
    0.17909999620775693,
    0.17909999620399242,
    0.03183999629942188,
    0.04974999630363695,
    0.0626849963024125,
    0.17909999659661463,
    0.14247429474878373,
    0.32625770454307285,
    0.0029506510746789534,
    0.281365656049743,
    0.4414007320276937,
    0.4414007320276937,
    0.4414007320276937,
    1.5149253211980716,
    1.5149253211980716,
    0.1947429709288109,
    0.018325709530621834,
    0.2621028949533999,
    0.2621028949533999,
    0.2621028949533999,
    0.2621028949533999,
    1.37906999607524,
    0.11939999628165708,
    0.2586999962641521,
    0.09352999628013685,
    0.09352999628427745,
    0.09352999627933191,
    0.09352999628022479,
    0.09352999628009284,
    0.17412499656337502,
    0.0,
    0.6716249961353927,
    0.6716249961353938
  ],
  "qg": [
    -0.46669786636574706,
    0.0065659547657447685,
    0.007741605042883248,
    0.00671069611967374,
    0.0076975488522910826,
    0.011299930303186578,
    -0.12635139676133536,
    -0.005698798209427342,
    -0.0340986925360177,
    -0.034098783452587836,
    -0.03409868812299283,
    -0.034098814940978,
    -0.03409881451705758,
    -0.03409868467861492,
    0.002154393965208639,
    0.002090190450164689,
    0.014646220046701932,
    0.01532452951894698,
    -0.003598740597511375,
    -0.005498908139610343,
    -0.006998909695253006,
    -0.021999436183197902,
    -0.06044080920679554,
    -0.12843079425636642,
    0.0015442020540771678,
    0.07744806427524228,
    0.06111698171423553,
    0.14369407230581194,
    0.20121682074868527,
    0.22987715015754387,
    0.21796286215489755,
    -0.019722334296403687,
    -0.0065282981964255235,
    -0.09388294854698528,
    -0.05291307766628824,
    -0.09392033366749274,
    -0.09392307137395439,
    0.18281669599992045,
    -0.01329965131795956,
    -0.028899639155561666,
    -0.010399644835356632,
    -0.01039965130402663,
    -0.010399642677969808,
    -0.010399644813976287,
    -0.010399644846797357,
    0.0048363722076045085,
    -0.006787620615398494,
    -0.01204100869286721,
    0.03896871358786419
  ],
  "pd": [
    0.06866525719593196,
    0.01576000148234322,
    0.07389069721544635,
    0.22070510630464954,
    0.39685450340376005,
    0.002817274601268434,
    0.02346799040792583,
    0.4161570184936388,
    0.0066387262881374975,
    0.007150112766915596,
    0.010525263526851047,
    0.0428262931136713,
    0.013119387664652673,
    0.022287152538747315,
    0.012580107377941225,
    0.021692084636169163,
    0.5493778451833223,
    0.004769841156602992,
    0.05986940976094867,
    0.19304374677074332,
    0.033212227312643054,
    0.2771435776897961,
    0.009530384377228201,
    0.05933012947423722,
    0.019014279074567483,
    0.3564363757083347,
    0.009920897688295113,
    0.0887766927158779,
    0.01939549444965661,
    0.00883303917889443,
    0.029744097192929767,
    0.058930318227192524,
    0.014356013149697894,
    0.016940839351521738,
    0.00414687944609149,
    0.020613524062746264,
    0.007010643727248842,
    0.00515105653169212,
    0.026210881521371996,
    0.009279340105828043,
    0.012933428945097003,
    0.01712679807107741,
    0.009028295834427885,
    0.03496023927646636,
    0.021785063995947,
    0.013509900975719585,
    0.1911190740233421,
    0.07944156499418317,
    0.11959005254625281,
    0.03088774331819715,
    0.02044616121514616,
    0.022882220441325464,
    0.1744385768791983,
    0.033453973648065426,
    0.005504378098847897,
    0.008219375404360713,
    0.051073562325965376,
    0.019590751105190065,
    0.00832165270011633,
    0.02083667452621307,
    0.0348858557886441,
    0.04494622251660596,
    0.076698673880737,
    0.45876016114384344,
    0.07973909894547224,
    0.021227187837279983,
    0.02054843851090178,
    0.46281406123015695,
    0.01954426142530115,
    0.008926018538672266,
    0.013760945247119743,
    0.006787493263782036,
    0.007336071486471269,
    0.027493996686306133,
    0.0078288620932938,
    0.006694513904004199,
    0.05362119678387809,
    0.1131186891057154,
    0.3476498262093292,
    0.0048256287724696935,
    0.019135152242278672,
    0.4886995149923066,
    0.0049279060682253135,
    0.041784924284159544,
    0.04086442862235897,
    0.014672142972942536,
    0.03327731286448754,
    0.10095698884677444,
    0.08196130564416251,
    0.31686436018688763,
    0.036605973944534076,
    0.008098502236649525,
    0.15511746591736397,
    0.01671768888805493,
    0.005708932690359136,
    0.0018037995796900204,
    0.13602880335497422,
    0.7182097666679172,
    0.040910918302247884,
    0.28129975507186533,
    0.014095670942319952,
    0.01434671521372011,
    0.22222066986902828,
    0.010785605734228987,
    0.019460580001501096,
    0.05282157428978869,
    0.010785605734228987,
    0.07634535231358122,
    0.013230962896386077,
    0.3464503924681952,
    0.24895223580515616,
    0.08418351234285282,
    0.013974797774608767,
    0.1491481910196269,
    0.29774780381656457,
    0.13720034328817496,
    0.08335599604083006,
    0.012905535137163651,
    0.013454113359852884,
    0.42587336159042266,
    0.038567838435846415,
    0.03527636909971102,
    0.01002317498405073,
    0.0212178899013022,
    0.018744638931211758,
    0.009381617401583662,
    0.07161270290088936,
    0.014328119341764544,
    0.011399269508762706,
    0.019758113952790174,
    0.04819120217285245,
    0.1767630608736442,
    0.013063600048785972,
    0.028470279963973416,
    0.06341192336848422,
    0.21950567256351547,
    0.07201251414793407,
    0.013370431936052831,
    0.4327631321499604,
    0.0050208854280031495,
    0.00875865569107216,
    0.08563399035538706,
    0.017647482485833293,
    0.010506667654895479,
    0.07217057905955637,
    0.019562857297256715,
    0.15610304713100903,
    0.006806089135737603,
    0.023867801654970527,
    0.0030032333208241057,
    0.03351905919990991,
    0.49038244140428544,
    0.204443016279506,
    0.3493699443652191,
    0.04995781000863134,
    0.020873866270124206,
    0.018688851315345055,
    0.0065922366082485796,
    0.008842337114872213,
    0.07143604211731147
  ],