{
  "hour": 13,
  "dispatch": 2,
  "load": 1.0242785802584689,
  "wind": 0.26473657535396555,
  "solar": 1.0449281635623577,
  "gen": [
    47,
    1,
    2,
    3,
    4,
    5,
    6,
    7,
    8,
    9,
    10,
    11,
    12,
    13,
    14,
    15,
    16,
    17,
    18,
    19,
    20,
    21,
    22,
    23,
    24,
    25,
    26,
    27,
    28,
    29,
    30,
    31,
    32,
    33,
    34,
    35,
    36,
    37,
    38,
    39,
    40,
    41,
    42,
    43,
    44,
    45,
    46,
    48,
    49
  ],
  "pg": [
    3.88016057941611,
    0.04507349862433846,
    0.04507349862515029,
    0.04507349862433851,
    0.04507349862515028,
    0.0902464986215344,
    0.22899713768118024,
    0.04676499864857076,
    0.022184925014662314,
    0.022184925014662314,
    0.022184925014662314,
    0.022184925014662314,
    0.022184925014662314,
    0.022184925014662314,
    0.0,
    0.023879998504013636,
    0.179099998499815,
    0.17909999849833835,
    0.03183999851362302,
    0.04974999851555424,
    0.06268499851507625,
    0.17909999863756393,
    0.1789619249392807,
    0.4098122186479387,
    0.003706312054955518,
    0.353423328097544,
    0.40773096942203196,
    0.40773096942203196,
    0.40773096942203196,
    1.3993677966427094,
    1.3993677966427094,
    0.24461659562706417,
    0.016927836249710195,
    0.24210985549739827,
    0.24210985549739827,
    0.24210985549739827,
    0.24210985549739827,
    1.379069998442539,
    0.11939999850954974,
    0.25869999850255126,
    0.09352999850892842,
    0.09352999851059093,
    0.09352999850860245,
    0.09352999850896303,
    0.0935299985089111,
    0.1741249986334272,
    0.0,
    0.6716249984537034,
    0.6716249984537036
  ],
  "qg": [
    -0.4539963265779749,
    0.00790039633036285,
    0.009410774067168623,
    0.008045821820100885,
    0.00936630674572103,
    0.013001860428357444,
    -0.11899807525314399,
    -0.005699300646011238,
    -0.03409919462189435,
    -0.0340992844092796,
    -0.03409919223085986,
    -0.0340993122321369,
    -0.03409931199481248,
    -0.034099190373433,
    0.0027770655624826377,
    0.002392644452286624,
    0.017455327249239462,
    0.017568626587790737,
    -0.003597924590749874,
    -0.005498947058983093,
    -0.006998958023026076,
    -0.021999735110543157,
    -0.0075876505618606115,
    -0.013090654539914068,
    0.003094852317647263,
    0.16571791534559124,
    0.06670314987100143,
    0.16693314931743214,
    0.23706640190644493,
    0.25956903193909314,
    0.24934013512100822,
    0.01007332521845812,
    -0.006397062667052593,
    -0.07944734636009286,
    -0.03021978807258289,
    -0.08161168454263189,
    -0.08178162288814708,
    0.20521240872157884,
    -0.013299857783947901,
    -0.02889985268421612,
    -0.010399855136171567,
    -0.010399857797765987,
    -0.010399854246860789,
    -0.010399855128025272,
    -0.01039985514052543,
    0.011634952886494162,
    0.009344358453101565,
    0.005600025030789744,
    0.05610247138305089
  ],
  "pd": [
    0.07564297315208793,
    0.017361521935381048,
    0.08139941877314052,
    0.24313300659595274,
    0.43718258362591966,
    0.003103564098183161,
    0.025852791365723753,
    0.45844660695208544,
    0.0073133490630454675,
    0.007876702282187625,
    0.011594833528525868,
    0.04717827140670507,
    0.014452570767446994,
    0.0245519575687955,
    0.013858489190897084,
    0.023896419277430078,
    0.6052052419315188,
    0.005254549116725946,
    0.06595329778284281,
    0.2126607188332633,
    0.03658723088683251,
    0.3053067164176418,
    0.010498855447649306,
    0.0653592162062929,
    0.02094649696628569,
    0.3926571937420841,
    0.010929052451357864,
    0.0977981188430786,
    0.02136645118419166,
    0.009730646512455454,
    0.032766671782468414,
    0.06491877641678176,
    0.01581486127919076,
    0.018662355732309302,
    0.004568282467952772,
    0.022708256124330254,
    0.0077230604951488546,
    0.005674503334631918,
    0.028874413177486236,
    0.010222300230979519,
    0.014247715051395302,
    0.018867211448360996,
    0.009945745014309733,
    0.038512874617718414,
    0.023998847135455924,
    0.014882767771155552,
    0.2105404621721283,
    0.08751436189728358,
    0.13174271099284426,
    0.034026534436186334,
    0.02252388597988373,
    0.025207495860160918,
    0.19216490444229134,
    0.03685354331769971,
    0.0060637291951301355,
    0.009054622649484865,
    0.056263622413597704,
    0.021581549686045937,
    0.009167293293313295,
    0.022954082983592285,
    0.03843093233129775,
    0.04951362656969437,
    0.0844927400855211,
    0.5053790514995287,
    0.08784213104296629,
    0.023384279987300843,
    0.022636556623712164,
    0.5098449061094554,
    0.021530335757033017,
    0.0098330743704813,
    0.01515932298782534,
    0.007477233635886823,
    0.00808155799823932,
    0.030287917618242923,
    0.008624425645776309,
    0.007374805777860975,
    0.05907014572350591,
    0.12461373207424532,
    0.3829777611586415,
    0.005316005831541453,
    0.02107965318171929,
    0.5383608217838513,
    0.005428676475369885,
    0.04603107939681559,
    0.04501704360235971,
    0.016163115996478638,
    0.036658930387450606,
    0.11121616824446455,
    0.09029015684978402,
    0.34906389736628357,
    0.04032584770477592,
    0.008921466434051265,
    0.17088039554452036,
    0.018416528873047268,
    0.006289070482786999,
    0.0019871004457014296,
    0.149851956291814,
    0.7911937465348517,
    0.04506825753137263,
    0.30988524167139714,
    0.015528063276718388,
    0.015804618493388174,
    0.24480258068177405,
    0.011881631530998239,
    0.021438150684809754,
    0.058189266144483616,
    0.011881631530998239,
    0.08410351422502288,
    0.014575484197078012,
    0.3816564417901082,
    0.27425058986420503,
    0.09273818265660178,
    0.015394907061284787,
    0.164304527059261,
    0.3280047297561695,
    0.15114254730293966,
    0.09182657472017172,
    0.014216986693987547,
    0.014821311056340044,
    0.4691503181157865,
    0.04248707550912129,
    0.03886112933500631,
    0.011041723095186294,
    0.02337403720149826,
    0.02064945617801073,
    0.01033497087480795,
    0.07888993625150728,
    0.015784132921783003,
    0.012557655393968829,
    0.021765919830492465,
    0.05308835881479644,
    0.19472560089293753,
    0.014391114052631488,
    0.03136341012751432,
    0.06985579917362757,
    0.24181168722741933,
    0.07933037604101842,
    0.014729125984116782,
    0.4767402223955018,
    0.005531104333395732,
    0.009648704226034777,
    0.094336057241805,
    0.019440807453305738,
    0.011574347956920698,
    0.07950450339966235,
    0.021550821328638184,
    0.17196613083959436,
    0.007497719207491992,
    0.026293231155234895,
    0.0033084198142348544,
    0.0369252428183178,
    0.5402147660141191,
    0.22521837422723212,
    0.38487267653211965,
    0.05503448811728753,
    0.02299505412680263,
    0.020587999463195224,
    0.007262135134032544,
    0.009740889298258039,
    0.07869532332125816
  ],