{
  "hour": 13,
  "dispatch": 3,
  "load": 1.0480024489112298,
  "wind": 0.38777817081241667,
  "solar": 0.9912471810017044,
  "gen": [
    47,
    1,
    2,
    3,
    4,
    5,
    6,
    7,
    8,
    9,
    10,
    11,
    12,
    13,
    14,
    15,
    16,
    17,
    18,
    19,
    20,
    21,
    22,
    23,
    24,
    25,
    26,
    27,
    28,
    29,
    30,
    31,
    32,
    33,
    34,
    35,
    36,
    37,
    38,
    39,
    40,
    41,
    42,
    43,
    44,
    45,
    46,
    48,
    49
  ],
  "pg": [
    3.7675448067871553,
    0.04507349407630825,
    0.04507349407979382,
    0.04507349407630973,
    0.04507349407979342,
    0.09024649406426466,
    0.3354281177527404,
    0.046764994200170655,
    0.032495810714080524,
    0.032495810714080524,
    0.032495810714080524,
    0.032495810714080524,
    0.032495810714080524,
    0.032495810714080524,
    0.0,
    0.023879993604963713,
    0.17909999358698453,
    0.17909999358069528,
    0.03183999362501542,
    0.04974999363353506,
    0.06268499363149799,
    0.17909999415510391,
    0.2621380434691936,
    0.600280608417621,
    0.0054288943913738345,
    0.5176838580345763,
    0.386784650026865,
    0.386784650026865,
    0.386784650026865,
    1.3274782247974826,
    1.3274782247974826,
    0.35830702983067303,
    0.01605820433222761,
    0.2296719718380949,
    0.2296719718380949,
    0.2296719718380949,
    0.2296719718380949,
    1.379069993339354,
    0.11939999360459275,
    0.25869999357460605,
    0.09352999360194277,
    0.09352999360906428,
    0.09352999360055213,
    0.09352999360209249,
    0.09352999360186788,
    0.17412499415504162,
    0.0,
    0.6716249933615511,
    0.671624993361565
  ],
  "qg": [
    -0.4541104787149184,
    0.008226152461512256,
    0.009818254752323575,
    0.008370795789588178,
    0.009774012638983283,
    0.013408794492125634,
    -0.10691550359725238,
    -0.005695287225722565,
    -0.03409354383439158,
    -0.03409492575715055,
    -0.03409351514656362,
    -0.03409529373160627,
    -0.03409529276465896,
    -0.03409349890612367,
    0.0029436752328454285,
    0.0024451347062693276,
    0.018208394738859376,
    0.018168349276355456,
    -0.0035754940230901203,
    -0.005493220683828712,
    -0.006993672015211633,
    -0.021998806360947244,
    -0.001134784995389624,
    0.004671824130564409,
    0.0031316312899797747,
    0.1881651620694241,
    0.06728348821768475,
    0.17222733386261507,
    0.24583750494160458,
    0.26389029275183984,
    0.25465606800705337,
    0.021709086080674442,
    -0.005948565505379807,
    -0.0761485715138805,
    -0.029310634322703134,
    -0.07798852110438383,
    -0.07813196408862491,
    0.20847323786230693,
    -0.013299393240989086,
    -0.02889937195812768,
    -0.010399380807841276,
    -0.010399392806934133,
    -0.010399376764731657,
    -0.010399380735322343,
    -0.010399380846026741,
    0.013027525803237345,
    0.012625448044406793,
    0.009266326997115689,
    0.0596449572347722
  ],
  "pd": [
    0.07739498085209433,
    0.017763641509045344,
    0.08328475461497543,
    0.24876434129805863,
    0.4473084052442911,
    0.0031754474202010264,
    0.026451581810519438,
    0.4690649360836882,
    0.007482737485226181,
    0.008059138832127357,
    0.011863387721675122,
    0.04827099279685124,
    0.014787314554137452,
    0.02512061870040218,
    0.01417947313376894,
    0.024449897133098992,
    0.6192227269636892,
    0.005376252562914609,
    0.0674808776853941,
    0.21758626844294954,
    0.037434647475109134,
    0.3123780899469703,
    0.010742025101340107,
    0.06687303626502558,
    0.02143165008023465,
    0.40175173879012,
    0.011182186129882823,
    0.10006327382204422,
    0.021861331084288255,
    0.009956023264656683,
    0.03352559834067024,
    0.06642239521199375,
    0.016181157811189388,
    0.019094604619162608,
    0.004674090922144086,
    0.023234214292361964,
    0.007901938464790674,
    0.005805933566968214,
    0.029543189034807568,
    0.010459064440134074,
    0.014577714064355207,
    0.01930420510894485,
    0.010176103778928042,
    0.039404892079062226,
    0.024554697377990115,
    0.015227475582680169,
    0.2154169033737033,
    0.08954132923497549,
    0.1347940749789624,
    0.034814641352831056,
    0.023045573851557942,
    0.025791340267705368,
    0.19661573944023583,
    0.03770712811182605,
    0.006204174497554481,
    0.009264341648375272,
    0.05756677451869386,
    0.02208141159855961,
    0.009379621917755506,
    0.02348573488010066,
    0.03932105188314934,
    0.050660438380368836,
    0.08644972201068736,
    0.5170844082928009,
    0.08987669001862708,
    0.02392589590864338,
    0.02316085412093818,
    0.5216536989700538,
    0.022029011476114052,
    0.010060823509547805,
    0.015510436243886202,
    0.0076504178770519776,
    0.008268739321909606,
    0.030989432414305067,
    0.008824180619832556,
    0.007545617632160855,
    0.06043830122871064,
    0.12749997793454024,
    0.39184811564790883,
    0.005439132709849283,
    0.021567890398593113,
    0.5508300871477425,
    0.0055544129792295185,
    0.04709723005407067,
    0.046059707629648554,
    0.016537478643819204,
    0.03750800764653292,
    0.11379210590278133,
    0.0923814158715249,
    0.357148754564458,
    0.041259856413635124,
    0.009128101330016812,
    0.17483824855186048,
    0.01884308403142391,
    0.006434735036314951,
    0.002033124750887786,
    0.15332275827571293,
    0.8095190116369904,
    0.04611210775209411,
    0.31706266089360347,
    0.015887717125494243,
    0.016170677786700276,
    0.25047258528978394,
    0.012156828407370266,
    0.02193469125571204,
    0.059537019122646966,
    0.012156828407370266,
    0.08605148108010109,
    0.0149130748480068,
    0.39049619248881345,
    0.28060265569598175,
    0.09488614172442277,
    0.015751476807135786,
    0.16811007282985038,
    0.33560182421484314,
    0.15464324136134108,
    0.09395341954489175,
    0.01454627399088787,
    0.015164595435745496,
    0.4800165616748106,
    0.04347114158083782,
    0.03976121291169206,
    0.011297466399263057,
    0.023915415884154266,
    0.021127729370050394,
    0.01057434470951431,
    0.08071714861514293,
    0.01614971773772205,
    0.012848510023651678,
    0.022270052039363636,
    0.05431796692706904,
    0.19923574556251392,
    0.01472443440720278,
    0.03208983498566186,
    0.07147376701574587,
    0.24741241813896314,
    0.08116778966817476,
    0.015070275215343485,
    0.48778225982124285,
    0.005659213224120641,
    0.009872183068743785,
    0.09652102554472429,
    0.019891086480335142,
    0.011842427672696897,
    0.08134595008448965,
    0.022049971525092277,
    0.17594913114770638,
    0.007671377926030202,
    0.02690222286355127,
    0.0033850479099832723,
    0.037780488283249834,
    0.5527269715802717,
    0.2304347784666012,
    0.39378692017839456,
    0.05630917158000038,
    0.023527654978057113,
    0.02106484922311572,
    0.007430337362780619,
    0.009966503289145796,
    0.08051802814984979
  ],