{
  "hour": 13,
  "dispatch": 0,
  "load": 0.9996019371485367,
  "wind": 0.2320446639375578,
  "solar": 1.1322639035153934,
  "gen": [
    47,
    1,
    2,
    3,
    4,
    5,
    6,
    7,
    8,
    9,
    10,
    11,
    12,
    13,
    14,
    15,
    16,
    17,
    18,
    19,
    20,
    21,
    22,
    23,
    24,
    25,
    26,
    27,
    28,
    29,
    30,
    31,
    32,
    33,
    34,
    35,
    36,
    37,
    38,
    39,
    40,
    41,
    42,
    43,
    44,
    45,
    46,
    48,
    49
  ],
  "pg": [
    3.2813933959703916,
    0.045073492591950176,
    0.04507349259633364,
    0.04507349259195222,
    0.04507349259633304,
    0.09024649257683652,
    0.2007186343059875,
    0.04676499271413531,
    0.019445342837967346,
    0.019445342837967346,
    0.019445342837967346,
    0.019445342837967346,
    0.019445342837967346,
    0.019445342837967346,
    0.0,
    0.023879991881344577,
    0.1790999918580516,
    0.17909999185006728,
    0.03183999199805479,
    0.049749992008079225,
    0.0626849920054924,
    0.17909999265683482,
    0.15686219282178906,
    0.3592051397753394,
    0.003248625295125809,
    0.30977962635663964,
    0.4418093751517065,
    0.4418093751517065,
    0.4418093751517065,
    1.5163278195878147,
    1.5163278195878147,
    0.2144092694783034,
    0.018342675236949373,
    0.26234554644451663,
    0.26234554644451663,
    0.26234554644451663,
    0.26234554644451663,
    1.3790699915707494,
    0.11939999197236109,
    0.2586999919346872,
    0.09352999196904388,
    0.0935299919779828,
    0.09352999196730069,
    0.09352999196923241,
    0.09352999196894958,
    0.17412499260950282,
    0.0,
    0.6716249916628896,
    0.671624991662901
  ],
  "qg": [
    -0.4666873247363792,
    0.007581225156825824,
    0.009009864262671757,
    0.007725979311354471,
    0.008965700272914937,
    0.01259559745432009,
    -0.12019066658560645,
    -0.005695734602594359,
    -0.03409482365083418,
    -0.03409558840829951,
    -0.03409480291279655,
    -0.034095811486657725,
    -0.03409581038102239,
    -0.03409478932758165,
    0.0026167923770691387,
    0.0022609313187517033,
    0.016714600159478333,
    0.016955352146495323,
    -0.003594298414159785,
    -0.005496218545858361,
    -0.0069962517993322594,
    -0.021998600167409118,
    -0.027616111872415576,
    -0.057161223425081446,
    0.0025025120547674164,
    0.13354685188756896,
    0.06734740350572198,
    0.16272765720102633,
    0.22936395466823323,
    0.2617264381675572,
    0.24981853492656583,
    0.0012167041871815614,
    -0.006084798651723439,
    -0.08593353646979834,
    -0.03315255501252331,
    -0.0871738430605118,
    -0.08726423042643808,
    0.20015819239591637,
    -0.013299237859012264,
    -0.02889921104621216,
    -0.010399222363489563,
    -0.010399237408090189,
    -0.010399217210556436,
    -0.010399222270489677,
    -0.010399222412024076,
    0.009968722346318163,
    0.005420854943762712,
    -0.0004126790504155331,
    0.050209330691944026
  ],
  "pd": [
    0.07382060305841943,
    0.0169432528346677,
    0.07943836594519421,
    0.23727551182094817,
    0.42665009881373844,
    0.0030287938695600664,
    0.025229952893629067,
    0.44740183502894204,
    0.007137157831240552,
    0.007686938896672248,
    0.011315493928521436,
    0.0460416652250616,
    0.014104383333165852,
    0.02396045843345043,
    0.013524614209619703,
    0.02332071319367536,
    0.5906248005835844,
    0.005127957937571994,
    0.06436436873299428,
    0.2075373541907792,
    0.03570578119494573,
    0.2979513494058643,
    0.010245919855772502,
    0.06378459960944813,
    0.020441859614687575,
    0.3831974026058916,
    0.010665752669374888,
    0.09544199295894228,
    0.020851696408918475,
    0.0094962184029111,
    0.03197726596938169,
    0.06335477077647426,
    0.015433853909573407,
    0.01821274729484634,
    0.004458224639682474,
    0.022161174946583057,
    0.007536998606099967,
    0.005537794731802894,
    0.02817877860821725,
    0.009976027332742396,
    0.013904462945736147,
    0.018412667682276045,
    0.009706134809712292,
    0.03758503283678497,
    0.023420673387390217,
    0.014524216146768238,
    0.20546817818088173,
    0.08540598950997098,
    0.1285688011560448,
    0.03320677635207439,
    0.021981246597896322,
    0.02460020367322549,
    0.187535319428437,
    0.03596567769860435,
    0.005917643467919337,
    0.008836481124393065,
    0.05490813440756913,
    0.021061612815719666,
    0.008946437337479404,
    0.022401079411498707,
    0.0375050646818131,
    0.048320757641760255,
    0.0824571637953828,
    0.4932035957890881,
    0.08572586212985851,
    0.022820912225101093,
    0.022091202810982664,
    0.4975618602350556,
    0.021011632718862243,
    0.009596178596625952,
    0.014794108669798344,
    0.007297094141184318,
    0.007886859284101957,
    0.02955822928148223,
    0.00841664831079068,
    0.0071971339474694645,
    0.057647043715356124,
    0.12161157167349099,
    0.3737511642998379,
    0.0051879340538009055,
    0.020571807866516887,
    0.525390778165271,
    0.0052978902668872445,
    0.04492211105545524,
    0.04393250513767819,
    0.01577371856820391,
    0.03577575333054613,
    0.10853677833558811,
    0.0881149107596435,
    0.34065434416084983,
    0.03935432826553789,
    0.008706532872563755,
    0.16676359117449038,
    0.01797284282993069,
    0.006137555894092015,
    0.0019392277580681614,
    0.14624176340483094,
    0.7721325203310158,
    0.043982485234535615,
    0.30241957006491826,
    0.015153965367171817,
    0.015423857890201922,
    0.23890486297850028,
    0.011595382470923026,
    0.020921668544518875,
    0.05678738604940837,
    0.011595382470923026,
    0.08207731505926635,
    0.014224335565623678,
    0.3724616778009164,
    0.2676434186715207,
    0.09050395938942853,
    0.015024017115342507,
    0.16034614673799677,
    0.32010252833307595,
    0.14750126184563808,
    0.08961431366536632,
    0.01387447488762169,
    0.014464240030539326,
    0.45784767527214426,
    0.04146348835292131,
    0.037924897495415485,
    0.010775708882461226,
    0.022810916205729607,
    0.0201519750529145,
    0.010085983545828736,
    0.0769893411991803,
    0.015403865851458951,
    0.01225511974944106,
    0.021241541164406408,
    0.05180936840240866,
    0.1900343242713083,
    0.01404440721693694,
    0.030607811315488197,
    0.0681728521135302,
    0.23598602532202656,
    0.07741917003215418,
    0.014374275856195958,
    0.46525472562641496,
    0.005397850460602099,
    0.009416250247939215,
    0.09206333841138024,
    0.018972444767079228,
    0.011295501889778464,
    0.07758910236146942,
    0.021031624757605213,
    0.16782316922786783,
    0.007317086179927289,
    0.025659781726602937,
    0.0032287142569897734,
    0.03603564983420475,
    0.5272000576715098,
    0.21979247394022025,
    0.3756004278835626,
    0.05370861208299088,
    0.022441063488984652,
    0.020091998936685587,
    0.0070871777343831256,
    0.009506214422282583,
    0.07679941683112207
  ],