{
  "hour": 13,
  "dispatch": 1,
  "load": 1.026743953359399,
  "wind": 0.20094156646258557,
  "solar": 1.100452681585109,
  "gen": [
    47,
    1,
    2,
    3,
    4,
    5,
    6,
    7,
    8,
    9,
    10,
    11,
    12,
    13,
    14,
    15,
    16,
    17,
    18,
    19,
    20,
    21,
    22,
    23,
    24,
    25,
    26,
    27,
    28,
    29,
    30,
    31,
    32,
    33,
    34,
    35,
    36,
    37,
    38,
    39,
    40,
    41,
    42,
    43,
    44,
    45,
    46,
    48,
    49
  ],
  "pg": [
    4.02684962656164,
    0.045073493503476225,
    0.045073493507316605,
    0.04507349350347736,
    0.045073493507316265,
    0.09024649349023509,
    0.1738144549901365,
    0.04676499360581258,
    0.016838903269564675,
    0.016838903269564675,
    0.016838903269564675,
    0.016838903269564675,
    0.016838903269564675,
    0.016838903269564675,
    0.0,
    0.023879992903038015,
    0.17909999288291092,
    0.17909999287595202,
    0.03183999296238443,
    0.04974999297170992,
    0.06268499296945916,
    0.17909999355215317,
    0.13583649892870783,
    0.3110575448840825,
    0.002813181930476198,
    0.2682569912275517,
    0.42939663635450953,
    0.42939663635450953,
    0.42939663635450953,
    1.473726231178778,
    1.473726231178778,
    0.18567000741142908,
    0.017827333441678764,
    0.25497488632326976,
    0.25497488632326976,
    0.25497488632326976,
    0.25497488632326976,
    1.3790699926189058,
    0.11939999294701105,
    0.2586999929142112,
    0.09352999294416073,
    0.09352999295195133,
    0.09352999294266297,
    0.09352999294433037,
    0.09352999294407588,
    0.17412499352272973,
    0.0,
    0.6716249926840403,
    0.6716249926840508
  ],
  "qg": [
    -0.43512048229722017,
    0.007982074164874902,
    0.009510363768977004,
    0.008127439042649811,
    0.009465939025486612,
    0.013113177665493464,
    -0.12397024788288129,
    -0.00569619314144093,
    -0.03409542459428225,
    -0.03409612890780055,
    -0.03409540656224665,
    -0.03409632885864032,
    -0.03409632789697396,
    -0.03409539494772975,
    0.0027957683453431375,
    0.0023418593426088336,
    0.017530456277384893,
    0.01760544187030612,
    -0.003578489960926137,
    -0.005493814553265656,
    -0.00699416190104531,
    -0.021998753263984303,
    -0.008046980597520246,
    -0.01549750689130212,
    0.0029668131123815624,
    0.16315246105239223,
    0.06876449968405336,
    0.1693330096757734,
    0.23977388617997697,
    0.2701037324280444,
    0.25884745222626626,
    0.009176702578775493,
    -0.005995369377861591,
    -0.07877075168887722,
    -0.02930833185400592,
    -0.08084107289685089,
    -0.08099896587542568,
    0.20587376355298304,
    -0.013299347513456716,
    -0.028899325791710298,
    -0.010399333691081926,
    -0.010399346736782404,
    -0.010399329280867406,
    -0.01039933359095842,
    -0.01039933374369809,
    0.011605562706361438,
    0.009311894277138733,
    0.004691575054949681,
    0.0551897839571224
  ],
  "pd": [
    0.07582504095559162,
    0.01740331000944181,
    0.08159534197347143,
    0.24371821220892054,
    0.4382348541728586,
    0.003111034178678979,
    0.025915017382791228,
    0.45955005864459975,
    0.007330951826986108,
    0.007895661001333777,
    0.011622741552028396,
    0.04729182649173391,
    0.014487357181901118,
    0.024611052562024796,
    0.013891845688952667,
    0.023953936431874778,
    0.6066619322819344,
    0.005267196480733717,
    0.0661120431568117,
    0.2131725795964784,
    0.03667529401399773,
    0.30604157017783606,
    0.01052412552193384,
    0.06551653166386326,
    0.020996913846199707,
    0.39360229452032564,
    0.010955357982344788,
    0.0980335126667554,
    0.02141787886707706,
    0.009754067556914289,
    0.03284553906796717,
    0.06507503176391871,
    0.01585292663986912,
    0.01870727483020825,
    0.00457927803198292,
    0.022762913445977872,
    0.007741649408329868,
    0.005688161501611071,
    0.028943912045201456,
    0.0102469046545268,
    0.01428200839122924,
    0.01891262362088013,
    0.009969683787119763,
    0.03860557264631339,
    0.024056610827210716,
    0.014918589642312066,
    0.21104721961302447,
    0.08772500337502705,
    0.1320598072810859,
    0.03410843413059923,
    0.022578099534373182,
    0.025268168692174808,
    0.19262743308975683,
    0.03694224744187117,
    0.0060783242038876415,
    0.009076416547697088,
    0.056399045358031794,
    0.021633495097282535,
    0.00918935838256662,
    0.02300933199478413,
    0.038523433130044644,
    0.04963280270539333,
    0.08469610871261683,
    0.5065954665875275,
    0.08805356144010205,
    0.023440564455195077,
    0.02269104136924272,
    0.5110720702241744,
    0.021582157899614568,
    0.009856741952250229,
    0.015195810509719104,
    0.007495230859523612,
    0.008101009792005658,
    0.030360818700837424,
    0.00864518408728614,
    0.0073925564641876725,
    0.05921232379023655,
    0.12491366936570449,
    0.3838995641610793,
    0.005328801117935281,
    0.021130390560136433,
    0.5396566218857002,
    0.0054417429528048145,
    0.046141873263971386,
    0.04512539675014559,
    0.016202019584011313,
    0.03674716609073289,
    0.11148385845576353,
    0.09050747948863101,
    0.34990407186534955,
    0.040422909443759536,
    0.008942939833760365,
    0.17129169373894854,
    0.018460856281401993,
    0.006304207873626709,
    0.001991883269517234,
    0.15021264037648008,
    0.7930980993329342,
    0.045176733947813554,
    0.31063111564935253,
    0.015565438332928488,
    0.015842659200335524,
    0.24539180485289633,
    0.011910229858969027,
    0.02148975094381222,
    0.05832932399034745,
    0.011910229858969027,
    0.08430594601034025,
    0.014610566456304246,
    0.38257506446124573,
    0.27491069351197905,
    0.09296139753715998,
    0.015431961618991767,
    0.1646999975583812,
    0.32879421618428034,
    0.1515063377577129,
    0.09204759541867011,
    0.014251206072628458,
    0.014856985005110504,
    0.4702795329572055,
    0.04258933918534787,
    0.0389546655904556,
    0.01106829981721432,
    0.023430297015661485,
    0.020699158099725484,
    0.010359846489396335,
    0.07907981928774091,
    0.015822124321268338,
    0.01258788086818623,
    0.02181830900888723,
    0.053216139102617646,
    0.19519429297315533,
    0.014425752544699555,
    0.0314388998518648,
    0.070023937619111,
    0.24239371250908692,
    0.07952131918768546,
    0.014764578049308157,
    0.47788770565159866,
    0.005544417348140754,
    0.009671928040645537,
    0.09456311810440066,
    0.01948760023476139,
    0.011602206672961208,
    0.07969586565975655,
    0.021602692778681754,
    0.1723800423295095,
    0.0075157657385908,
    0.02635651728273577,
    0.0033163829693508584,
    0.03701411951860633,
    0.5415150284412806,
    0.22576046046466464,
    0.38579904047479413,
    0.05516695261400051,
    0.023050401752918507,
    0.020637553462523918,
    0.007279614629318139,
    0.009764334996447884,
    0.07888473793660261
  ],