{
  "hour": 14,
  "dispatch": 2,
  "load": 1.0649409804427143,
  "wind": 0.3966997089378522,
  "solar": 0.9033762685893266,
  "gen": [
    47,
    1,
    2,
    3,
    4,
    5,
    6,
    7,
    8,
    9,
    10,
    11,
    12,
    13,
    14,
    15,
    16,
    17,
    18,
    19,
    20,
    21,
    22,
    23,
    24,
    25,
    26,
    27,
    28,
    29,
    30,
    31,
    32,
    33,
    34,
    35,
    36,
    37,
    38,
    39,
    40,
    41,
    42,
    43,
    44,
    45,
    46,
    48,
    49
  ],
  "pg": [
    4.398584257928335,
    0.045073493427499785,
    0.04507349343137191,
    0.04507349342750156,
    0.04507349343137142,
    0.09024649341413564,
    0.34314524823124215,
    0.04676499356844032,
    0.03324343560899202,
    0.03324343560899202,
    0.03324343560899202,
    0.03324343560899202,
    0.03324343560899202,
    0.03324343560899202,
    0.0,
    0.023879992954254813,
    0.17909999293473255,
    0.17909999292780726,
    0.03183999291999973,
    0.04974999292965239,
    0.06268499292740459,
    0.1790999935163959,
    0.26816900324198806,
    0.6140911494357952,
    0.005553795925129932,
    0.5295941114320327,
    0.3524974200035553,
    0.3524974200035553,
    0.3524974200035553,
    1.2098014988948262,
    1.2098014988948262,
    0.3665505310585755,
    0.014634695551147093,
    0.20931228143214697,
    0.20931228143214697,
    0.20931228143214697,
    0.20931228143214697,
    1.3790699926391508,
    0.11939999290021273,
    0.25869999286774314,
    0.09352999289751467,
    0.09352999290521824,
    0.09352999289608815,
    0.09352999289769598,
    0.09352999289742399,
    0.17412499353576433,
    0.0,
    0.6716249926401239,
    0.6716249926401444
  ],
  "qg": [
    -0.3680244589906354,
    0.008389465395173299,
    0.010021031955976705,
    0.008534499224144948,
    0.009976651076176346,
    0.013624246320982638,
    -0.11393321114182749,
    -0.005696105120115135,
    -0.03409526307072183,
    -0.03409601978987603,
    -0.03409524637250171,
    -0.034096232069076776,
    -0.034096231306191487,
    -0.03409523670442096,
    0.003071241877816843,
    0.0025165131993298735,
    0.018794463188397947,
    0.018649113615928088,
    -0.0035508598772829598,
    -0.00549023382303013,
    -0.006991219480243966,
    -0.021998748466008758,
    0.009113748297667104,
    0.027179302821290906,
    0.0032972753052546207,
    0.2123314442542421,
    0.06666646058492207,
    0.17574672921383816,
    0.25239500866364617,
    0.2659480699201193,
    0.25819470527676736,
    0.026536122434017484,
    -0.005792793484004372,
    -0.07267159708471731,
    -0.02862713269678312,
    -0.07427601145138982,
    -0.07440283341561567,
    0.2107412583255607,
    -0.013299380338205203,
    -0.028899361545498038,
    -0.010399368819393205,
    -0.010399379884243293,
    -0.01039936524280164,
    -0.010399368772290364,
    -0.01039936884509376,
    0.014131941868733334,
    0.015212620015648763,
    0.010992135471575409,
    0.06136365567667432
  ],
  "pd": [
    0.07864589140569446,
    0.018050749618504006,
    0.0846308597157825,
    0.2527850405276871,
    0.45453810927255933,
    0.0032267711707414247,
    0.026879110346374108,
    0.47664628402655007,
    0.00760367860036098,
    0.008189396139604474,
    0.012055131898611527,
    0.04905118155919142,
    0.0150263172340467,
    0.025526635301211863,
    0.014408651465389926,
    0.024845073073728526,
    0.6292310277043821,
    0.005463147229671125,
    0.06857154973070638,
    0.22110304635951636,
    0.03803969182141376,
    0.31742695804055987,
    0.010915645049537823,
    0.06795388396204961,
    0.021778043050053507,
    0.4082451248527146,
    0.011362920261323763,
    0.10168056481267036,
    0.022214668852035022,
    0.010116939314205787,
    0.03406746196436243,
    0.06749595934045924,
    0.01644268873803551,
    0.019403224663666254,
    0.0047496367727745065,
    0.023609741536414975,
    0.008029654992538066,
    0.0058997730316526385,
    0.03002068623868012,
    0.010628110984818289,
    0.014813329037958158,
    0.019616212859754796,
    0.010340576920098756,
    0.04004178086464605,
    0.024951567171772798,
    0.01547359244583264,
    0.21889861852999995,
    0.09098855736902552,
    0.13697270890454194,
    0.03537733937030697,
    0.02341805215993529,
    0.0262081975286952,
    0.19979357734085765,
    0.03831657647632886,
    0.006304450604220869,
    0.009414078267113596,
    0.05849720805571831,
    0.02243830645792799,
    0.009531221774962293,
    0.02386532737172123,
    0.03995658558621064,
    0.0514792469946008,
    0.08784698147671952,
    0.5254418797504354,
    0.09132933848276718,
    0.02431260258350717,
    0.02353519566778399,
    0.5300850224251654,
    0.022385059408905856,
    0.010223433412250058,
    0.015761126510552174,
    0.007774069157231815,
    0.008402384335693017,
    0.031490304791691064,
    0.008966803055327655,
    0.007667575059187543,
    0.06141514634213135,
    0.12956071968066063,
    0.3981814325875309,
    0.005527043688497687,
    0.021916485377511064,
    0.5597329793206908,
    0.005644187196346386,
    0.047858447661095586,
    0.0468041560904573,
    0.01680476867138603,
    0.038114237690044746,
    0.11563129165646992,
    0.09387454742602526,
    0.3629212367250726,
    0.04192672640002967,
    0.009275635939656043,
    0.17766410376725805,
    0.019147638828360004,
    0.006538737619918265,
    0.002065985502058866,
    0.15580086543876911,
    0.8226030109331702,
    0.04685740313947943,
    0.32218724422313877,
    0.01614450526351155,
    0.01643203932823108,
    0.2545208943258087,
    0.012353315373135486,
    0.02228921472066601,
    0.0604992970989506,
    0.012353315373135486,
    0.08744230390415128,
    0.015154110151699825,
    0.3968076587227599,
    0.28513794751353677,
    0.09641975636928336,
    0.016006062936053996,
    0.1708271826728158,
    0.3410260501671704,
    0.15714269107412693,
    0.09547195889668933,
    0.014781380808544875,
    0.015409695987006077,
    0.4877749172721764,
    0.044173751868763794,
    0.040403860797996585,
    0.01148006376917246,
    0.02430195317370274,
    0.021469210165725124,
    0.010745254492666988,
    0.08202175431369786,
    0.016410740508622228,
    0.013056176420227678,
    0.022629995834407682,
    0.05519589101634589,
    0.20245592979196442,
    0.014962420775220137,
    0.03260849282115592,
    0.07262897486619312,
    0.251411266662916,
    0.08247967893528824,
    0.015313851298766232,
    0.495666129937257,
    0.005750681294390657,
    0.010031744035770368,
    0.098081064298774,
    0.020212579808802717,
    0.012033833079002671,
    0.08266071890196348,
    0.02240635822851471,
    0.17879294120652733,
    0.007795367976840669,
    0.027337034967964476,
    0.003439759366829967,
    0.03839112234495985,
    0.561660522495292,
    0.23415922277974402,
    0.4001515734013499,
    0.05721927887918704,
    0.023907925010938937,
    0.02140531370689856,
    0.007550431551338845,
    0.010127588724010213,
    0.08181941552741374
  ],