{
  "hour": 14,
  "dispatch": 1,
  "load": 1.0703071029022866,
  "wind": 0.2592600351041489,
  "solar": 0.9413011043127212,
  "gen": [
    47,
    1,
    2,
    3,
    4,
    5,
    6,
    7,
    8,
    9,
    10,
    11,
    12,
    13,
    14,
    15,
    16,
    17,
    18,
    19,
    20,
    21,
    22,
    23,
    24,
    25,
    26,
    27,
    28,
    29,
    30,
    31,
    32,
    33,
    34,
    35,
    36,
    37,
    38,
    39,
    40,
    41,
    42,
    43,
    44,
    45,
    46,
    48,
    49
  ],
  "pg": [
    5.112660799895155,
    0.04507348975132331,
    0.04507348975738757,
    0.045073489751327515,
    0.04507348975738626,
    0.09024648973046474,
    0.22425993036508882,
    0.04676498993359137,
    0.021725990941727683,
    0.021725990941727683,
    0.021725990941727683,
    0.021725990941727683,
    0.021725990941727683,
    0.021725990941727683,
    0.0,
    0.023879988962742058,
    0.17909998893219992,
    0.17909998892141019,
    0.03183998889263375,
    0.04974998890826778,
    0.06268498890478222,
    0.17909998984459322,
    0.17525978373040466,
    0.4013345343412225,
    0.0036296404914580847,
    0.34611214686403874,
    0.3672956909028238,
    0.3672956909028238,
    0.3672956909028238,
    1.2605904388955962,
    1.2605904388955962,
    0.23955627243623362,
    0.01524907788986608,
    0.21809946586925752,
    0.21809946586925752,
    0.21809946586925752,
    0.21809946586925752,
    1.379069988462699,
    0.11939998887599831,
    0.25869998882642187,
    0.09352998887213351,
    0.09352998888389226,
    0.09352998887007709,
    0.09352998887244038,
    0.09352998887198004,
    0.17412498986150124,
    0.0,
    0.6716249884846215,
    0.6716249884846616
  ],
  "qg": [
    -0.25619643247315227,
    0.00838967702536067,
    0.010016550647017324,
    0.008535272904283353,
    0.00997206527184307,
    0.013642928916668337,
    -0.13251402625803152,
    -0.005694621473288611,
    -0.03409382079406999,
    -0.03409467624337677,
    -0.0340938015339109,
    -0.03409492268129306,
    -0.03409492176524364,
    -0.0340937903530334,
    0.0031055313987182237,
    0.002497602734014491,
    0.0189458419391599,
    0.018756386641211358,
    -0.003454574057452825,
    -0.005471654079004487,
    -0.006975271163477273,
    -0.021998132633773825,
    0.012774037154163288,
    0.030847266573064306,
    0.0032145322512205305,
    0.2120062738992502,
    0.06821864263463001,
    0.17817586551153672,
    0.25546299697909425,
    0.27322301493229406,
    0.26485450704264835,
    0.020691867222887284,
    -0.005508664487078837,
    -0.07088169324959373,
    -0.02744391645111914,
    -0.07256992899111185,
    -0.07270296854812668,
    0.2117105118215904,
    -0.013299097605497164,
    -0.028899073887958326,
    -0.010399076689467008,
    -0.01039909487763848,
    -0.010399070631934388,
    -0.010399076461958598,
    -0.01039907680917447,
    0.01421764808741595,
    0.015451399859823283,
    0.009072996970513399,
    0.05949504402080843
  ],
  "pd": [
    0.07904217954933386,
    0.01814170539419376,
    0.08505730546764471,
    0.25405879701591577,
    0.45682847766075396,
    0.0032430305217939284,
    0.02701455127725371,
    0.47904805311700543,
    0.007641992714722326,
    0.008230661621318584,
    0.012115876404853884,
    0.04929834515967932,
    0.015102033221951264,
    0.02565526125656781,
    0.014481255102267937,
    0.024970264710710347,
    0.632401654820845,
    0.00549067543788873,
    0.06891707435587824,
    0.22221716070457273,
    0.03823136971566968,
    0.3190264381620846,
    0.010970647804748438,
    0.06829629623619492,
    0.02188778025435176,
    0.4103022278975916,
    0.011420176787967399,
    0.10219292218511032,
    0.0223266061665417,
    0.010167917477571722,
    0.03423912422184414,
    0.06783606418194693,
    0.016525541668811306,
    0.019500995414879662,
    0.004773569678944199,
    0.02372870847134369,
    0.008070115555883241,
    0.0059295013500786685,
    0.03017195723081546,
    0.01068166488696482,
    0.014887971801370806,
    0.01971505683546012,
    0.010392681969181203,
    0.04024354706912596,
    0.025077295421000574,
    0.015551562205170224,
    0.22000162500156503,
    0.09144703887197136,
    0.13766289957529212,
    0.03555560195841396,
    0.02353605319282128,
    0.026340257802425274,
    0.200800315575498,
    0.03850964956242427,
    0.006336218049181537,
    0.009461514789656214,
    0.05879196916242261,
    0.022551370658151177,
    0.009579248570975465,
    0.023985582176040243,
    0.04015792250089379,
    0.05173864535429652,
    0.08828963291840963,
    0.5280895245719883,
    0.0917895371449001,
    0.024435111159259202,
    0.023653786974140535,
    0.5327560635406422,
    0.022497855303006065,
    0.01027494818786195,
    0.015840545122953843,
    0.007813241851186693,
    0.008444723041899043,
    0.031648981032820614,
    0.009011985806437254,
    0.007706211140896463,
    0.061724610624374884,
    0.1302135621390922,
    0.400187825775165,
    0.005554893864062867,
    0.02202692017772906,
    0.562553413285442,
    0.005672627645382119,
    0.04809960120442876,
    0.0470399971725555,
    0.016889446083798082,
    0.03830629121287284,
    0.11621394523313028,
    0.09434757112083655,
    0.3647499575980702,
    0.04213799064126302,
    0.009322374866278916,
    0.17855933397718848,
    0.019244121710183113,
    0.006571685611820039,
    0.002076395779630436,
    0.15658592915460454,
    0.8267480185658422,
    0.04709351252770061,
    0.32381071091205776,
    0.016225855679998666,
    0.016514838597782282,
    0.2558033975936465,
    0.012415562393666523,
    0.02240152766374486,
    0.0608041465158789,
    0.012415562393666523,
    0.08788291621930676,
    0.015230470074299538,
    0.3988071296124211,
    0.28657472680208723,
    0.09690560509677304,
    0.016086715756621368,
    0.17168796237655579,
    0.34274444356239925,
    0.1579345161042614,
    0.09595303177518999,
    0.014855862588283739,
    0.015487343778996087,
    0.4902327623423343,
    0.04439633862838685,
    0.04060745148411275,
    0.01153791056928665,
    0.024424408088230178,
    0.021577391194510097,
    0.010799398668284072,
    0.08243505306553411,
    0.016493432455724235,
    0.013121965081582034,
    0.02274402593667359,
    0.055474017143425515,
    0.20347608333275372,
    0.015037814795777127,
    0.032772803490868016,
    0.07299494441793594,
    0.2526781008531718,
    0.0828952851197821,
    0.015391016139734882,
    0.4981637379748403,
    0.0057796583556723475,
    0.010082292909339539,
    0.09857528417730062,
    0.0203144288130854,
    0.012094470262795838,
    0.08307723732727548,
    0.02251926144506411,
    0.1796938595062649,
    0.007834647993244738,
    0.027474783331501693,
    0.0034570919423743854,
    0.03858457105962743,
    0.564490669141695,
    0.23533912578615476,
    0.40216789391553415,
    0.05750760063893986,
    0.024028394460156335,
    0.02151317276833596,
    0.0075884773595772115,
    0.010178620548600744,
    0.08223169471598267
  ],