{
  "hour": 15,
  "dispatch": 3,
  "load": 1.0328714719692078,
  "wind": 0.5111935674554411,
  "solar": 0.665509035160508,
  "gen": [
    47,
    1,
    2,
    3,
    4,
    5,
    6,
    7,
    8,
    9,
    10,
    11,
    12,
    13,
    14,
    15,
    16,
    17,
    18,
    19,
    20,
    21,
    22,
    23,
    24,
    25,
    26,
    27,
    28,
    29,
    30,
    31,
    32,
    33,
    34,
    35,
    36,
    37,
    38,
    39,
    40,
    41,
    42,
    43,
    44,
    45,
    46,
    48,
    49
  ],
  "pg": [
    4.402276992736307,
    0.045073494428593625,
    0.0450734944318775,
    0.0450734944285952,
    0.04507349443187708,
    0.0902464944172534,
    0.44218243584895656,
    0.04676499456976433,
    0.04283802095276597,
    0.04283802095276597,
    0.04283802095276597,
    0.04283802095276597,
    0.04283802095276597,
    0.04283802095276597,
    0.0,
    0.023879994121818533,
    0.17909999410588268,
    0.1790999941000668,
    0.03183999402819956,
    0.04974999403617346,
    0.0626849940342703,
    0.17909999452767153,
    0.34556685159987816,
    0.7913276424210228,
    0.007156709944376175,
    0.6824434125530139,
    0.2596816255196302,
    0.2596816255196302,
    0.2596816255196302,
    0.8912496998869522,
    0.8912496998869522,
    0.4723428563288276,
    0.010781246369600228,
    0.15419844344668968,
    0.15419844344668968,
    0.15419844344668968,
    0.15419844344668968,
    1.3790699938190611,
    0.11939999400203022,
    0.25869999397525856,
    0.09352999399998733,
    0.09352999400631529,
    0.09352999399888967,
    0.09352999400015474,
    0.09352999399990364,
    0.17412499457169373,
    0.0,
    0.6716249937901158,
    0.6716249937901305
  ],
  "qg": [
    -0.40840072964923757,
    0.00802133540673949,
    0.009562055618308102,
    0.008165974371138427,
    0.00951784565160057,
    0.013148650785305156,
    -0.11267131273582937,
    -0.005697704061132011,
    -0.03409742180789581,
    -0.03409767595133816,
    -0.03409741450507851,
    -0.034097755583146455,
    -0.03409775501556585,
    -0.03409740965780734,
    0.0028921849591934464,
    0.0024570773872727497,
    0.018021718970587814,
    0.018064321542952986,
    -0.0035795912659062085,
    -0.0054945094640199196,
    -0.006994895877587,
    -0.021999035093888272,
    0.016660269513990487,
    0.048459262361022847,
    0.003354245749826403,
    0.23263785065176246,
    0.05905539911986807,
    0.16472096973461237,
    0.23928821219873836,
    0.24273239588624013,
    0.23837502080923648,
    0.032002194965163426,
    -0.005868550753959428,
    -0.07747462498802853,
    -0.032886094803536915,
    -0.07837582987520976,
    -0.07844663500685346,
    0.2035053611406701,
    -0.013299520404473348,
    -0.028899507877410902,
    -0.010399513071798303,
    -0.010399520375379773,
    -0.010399510783587538,
    -0.0103995130725054,
    -0.01039951307259934,
    0.013455887159035083,
    0.013511852877791143,
    0.011533549167395973,
    0.0620082456699142
  ],
  "pd": [
    0.076277558204926,
    0.01750717144987807,
    0.08208229587739295,
    0.24517270130133084,
    0.4408502016658973,
    0.0031296005600667,
    0.026069675952502803,
    0.462292613423978,
    0.007374702309860143,
    0.007942781619443208,
    0.011692105062691433,
    0.047574059998901706,
    0.014573816469485521,
    0.024757929183101914,
    0.013974751015743383,
    0.02409689144104162,
    0.6102824379277261,
    0.005298630651202036,
    0.06650659408009729,
    0.21444477501024692,
    0.03689416897874011,
    0.3078679996498618,
    0.01058693258768438,
    0.06590752862635516,
    0.0211222216017703,
    0.39595127877939584,
    0.011020738605911448,
    0.09861856814361995,
    0.021545698905277674,
    0.009812278983707474,
    0.03304155838829496,
    0.0654633938934084,
    0.01594753552720457,
    0.018818918219278967,
    0.0046066067649826676,
    0.022898760533557334,
    0.007787850898647827,
    0.005722107954709412,
    0.02911664679481197,
    0.010308057290252692,
    0.014367242175091681,
    0.019025492513672807,
    0.010029181992821008,
    0.0388359673460422,
    0.024200178588238537,
    0.015007622487712589,
    0.21230673106327067,
    0.08824853856504912,
    0.13284792872467951,
    0.03431199029881708,
    0.022712843668602878,
    0.025418966925162205,
    0.19377701685614307,
    0.03716271556145209,
    0.00611459911405771,
    0.009130583812207797,
    0.05673562995526859,
    0.021762601914391208,
    0.009244199674124409,
    0.023146649686829945,
    0.03875333762828467,
    0.049929006954991494,
    0.08520156772273996,
    0.5096187842696073,
    0.08857905743607926,
    0.023580455705057013,
    0.022826459530519493,
    0.5141221038873929,
    0.021710958340792747,
    0.009915566130904394,
    0.015286497785144276,
    0.007539961745375217,
    0.008149355913837052,
    0.030542009426129474,
    0.00869677779398073,
    0.007436674598178296,
    0.059565697788464225,
    0.12565914327977382,
    0.3861906433692868,
    0.005360602939520189,
    0.0212564948931263,
    0.5428772456670157,
    0.005474218801436802,
    0.0464172439502962,
    0.045394701193046685,
    0.016298711827674096,
    0.03696646998177795,
    0.11214918442641658,
    0.09104762025408566,
    0.35199226893238633,
    0.04066414985142772,
    0.008996310520851801,
    0.17231394766862296,
    0.018571029066006356,
    0.006341830837890935,
    0.002003770655620263,
    0.1511090963490951,
    0.7978312398078949,
    0.04544634476664514,
    0.3124849351295641,
    0.01565833151505319,
    0.015937206812484877,
    0.24685628180064065,
    0.01198130907484281,
    0.02161799990831552,
    0.058677428322570696,
    0.01198130907484281,
    0.08480907656339165,
    0.014697761046121827,
    0.38485823917044665,
    0.2765513366197554,
    0.09351618307209209,
    0.015524058223697193,
    0.16568291281858064,
    0.33075643146869943,
    0.15241051440377631,
    0.09259692746203947,
    0.014336256030932604,
    0.014945650199394438,
    0.47308612030605623,
    0.042843508657282744,
    0.03918714364651175,
    0.01113435446782806,
    0.023570126990337323,
    0.020822688874899232,
    0.010421673152169306,
    0.07955176077106839,
    0.015916549383045493,
    0.012663004246342488,
    0.021948518779345668,
    0.05353372839216404,
    0.1963591955360661,
    0.01451184418116737,
    0.03162652447169714,
    0.07044183438829997,
    0.24384029710249058,
    0.07999589550401515,
    0.014852691766917208,
    0.4807396979133481,
    0.005577505948633723,
    0.009729649265949937,
    0.09512746256836406,
    0.019603900537975564,
    0.011671447633252048,
    0.0801714836542499,
    0.02173161577023213,
    0.1734087914289103,
    0.007560619174814601,
    0.026513810685449564,
    0.003336174854460541,
    0.037235016564489944,
    0.5447467430312799,
    0.2271077792565894,
    0.3881014555924298,
    0.055496184188905534,
    0.023187964545708716,
    0.020760716586581077,
    0.007323058736261683,
    0.009822607698427166,
    0.07935551519139424
  ],