{
  "hour": 15,
  "dispatch": 1,
  "load": 1.0501059332168412,
  "wind": 0.5518874987452966,
  "solar": 0.7078185932231367,
  "gen": [
    47,
    1,
    2,
    3,
    4,
    5,
    6,
    7,
    8,
    9,
    10,
    11,
    12,
    13,
    14,
    15,
    16,
    17,
    18,
    19,
    20,
    21,
    22,
    23,
    24,
    25,
    26,
    27,
    28,
    29,
    30,
    31,
    32,
    33,
    34,
    35,
    36,
    37,
    38,
    39,
    40,
    41,
    42,
    43,
    44,
    45,
    46,
    48,
    49
  ],
  "pg": [
    4.212979723650323,
    0.0450734947056958,
    0.045073494708809635,
    0.04507349470569746,
    0.045073494708809204,
    0.09024649469493339,
    0.4773826864146816,
    0.04676499484411165,
    0.046248172394855874,
    0.046248172394855874,
    0.046248172394855874,
    0.046248172394855874,
    0.046248172394855874,
    0.046248172394855874,
    0.0,
    0.023879994408351698,
    0.17909999439310056,
    0.17909999438757696,
    0.03183999433241706,
    0.04974999434000692,
    0.06268499433820003,
    0.1790999948051852,
    0.37307594915182046,
    0.8543218480577192,
    0.007726424982434154,
    0.736769810824971,
    0.27619081507566795,
    0.27619081507566795,
    0.27619081507566795,
    0.9479106600444246,
    0.9479106600444246,
    0.5099440488406541,
    0.011466661210214814,
    0.16400156804980073,
    0.16400156804980073,
    0.16400156804980073,
    0.16400156804980073,
    1.3790699941312343,
    0.11939999430761457,
    0.2586999942819635,
    0.09352999430559934,
    0.09352999431166689,
    0.09352999430452147,
    0.09352999430575354,
    0.09352999430552225,
    0.17412499484644234,
    0.0,
    0.6716249941015573,
    0.6716249941015743
  ],
  "qg": [
    -0.42116897649592827,
    0.00835331043132151,
    0.009977916500271335,
    0.008497885390395463,
    0.009933671068957064,
    0.013567839044643157,
    -0.10277426278046553,
    -0.0056975705614829295,
    -0.034097219739203655,
    -0.03409753620643093,
    -0.03409721244909378,
    -0.03409763173766302,
    -0.03409763118471813,
    -0.034097207880509094,
    0.003001866554587267,
    0.002505986389268558,
    0.018508540770332642,
    0.018445712734498663,
    -0.0035783295452278957,
    -0.005494505313729811,
    -0.006994899086285278,
    -0.021999049390159765,
    0.01764468083788306,
    0.052617533812178915,
    0.003390517471683819,
    0.23963617160056677,
    0.061355821255356824,
    0.16984106356175804,
    0.24633698737650056,
    0.2522030725598602,
    0.24730435451736227,
    0.03940587705658688,
    -0.005859175401199202,
    -0.07493964067494575,
    -0.0313816020861072,
    -0.07598974369267644,
    -0.07607276581233978,
    0.20687692598553353,
    -0.013299531362623428,
    -0.028899518417370148,
    -0.010399523999812109,
    -0.010399531353010156,
    -0.010399521679396955,
    -0.0103995239980104,
    -0.010399524001801535,
    0.01417480988479784,
    0.015230812406942094,
    0.013264484600596989,
    0.06365190891118164
  ],
  "pd": [
    0.07755032316806372,
    0.01779929556802546,
    0.08345191851274238,
    0.24926364536768159,
    0.44820621441561215,
    0.003181820977647029,
    0.026504673754393072,
    0.47000641358919376,
    0.007497756363168246,
    0.008075314626437508,
    0.011887199164014643,
    0.0483678792839677,
    0.014816994717689628,
    0.025171039219207686,
    0.014207933276423862,
    0.024498971421948904,
    0.6204655917005027,
    0.005387043437402396,
    0.06761632103983241,
    0.21802299385448057,
    0.03750978393450557,
    0.31300507551394385,
    0.010763585815472623,
    0.06700725959856664,
    0.021474666334284402,
    0.4025581094986761,
    0.011204630307423696,
    0.100264114503544,
    0.021905209766903307,
    0.009976006365559991,
    0.033592888803606745,
    0.0665557140472834,
    0.01621363560886803,
    0.019132930103210846,
    0.004683472462147112,
    0.023280848539417368,
    0.007917798736454982,
    0.005817586870021301,
    0.029602486257382755,
    0.010480057213504075,
    0.014606973531046261,
    0.019342951289854214,
    0.010196528611535529,
    0.03948398308895321,
    0.02460398201527059,
    0.015258039209640702,
    0.2158492745727217,
    0.08972105093404692,
    0.13506462513035014,
    0.034884519101463465,
    0.023091829471438338,
    0.02584310701646646,
    0.19701037413081157,
    0.037782811477141943,
    0.0062166271246437,
    0.009282936449636877,
    0.057682318911601096,
    0.022125732012878842,
    0.009398448102290728,
    0.02353287396338941,
    0.03939997461429588,
    0.05076212081170209,
    0.08662323843105724,
    0.5181222674491895,
    0.0900570848326763,
    0.023973918455340484,
    0.02320734112409219,
    0.5227007293180148,
    0.022073226716218003,
    0.010081016958881675,
    0.015541567811609251,
    0.00766577331248294,
    0.008285335813080878,
    0.031051632445221994,
    0.008841891957685803,
    0.007560762719161256,
    0.06055960916861525,
    0.1277558878351609,
    0.39263460842977693,
    0.005450049793395406,
    0.021611180105602593,
    0.5519356784987718,
    0.005565561446049258,
    0.047191760638764846,
    0.04615215576488017,
    0.016570671626161753,
    0.03758329134983075,
    0.11402050222868461,
    0.09256683801306455,
    0.3578656009809673,
    0.04134267059074704,
    0.009146422678318687,
    0.17518917283856564,
    0.018880904679238805,
    0.006447650429951404,
    0.002037205510440672,
    0.1536304980296239,
    0.8111438270540169,
    0.04620466106154101,
    0.3176990490354231,
    0.015919605947567313,
    0.01620313454953586,
    0.25097531803882506,
    0.012181228825315357,
    0.021978717182228488,
    0.05965651806604875,
    0.012181228825315357,
    0.08622419817643483,
    0.01494300742967565,
    0.3912799717759273,
    0.28116586361880924,
    0.09507659119345281,
    0.015783092176249125,
    0.1684474927473135,
    0.33627542299402907,
    0.15495363150547709,
    0.09414199691288981,
    0.014575470353049756,
    0.015195032853647693,
    0.4809800205913098,
    0.04355839410983458,
    0.039841019106246954,
    0.011320141960077548,
    0.023963417396008317,
    0.021170135613651518,
    0.010595568866157928,
    0.08087915897636111,
    0.016182132430871524,
    0.012874298741238473,
    0.022314751080857877,
    0.05442699051862888,
    0.1996356389638537,
    0.01475398836169662,
    0.03215424367509968,
    0.07161722464538857,
    0.2479090087138319,
    0.08133070452764436,
    0.015100523319658178,
    0.4887613055564466,
    0.005670572039370943,
    0.009891997890902643,
    0.09671475644927109,
    0.019931010612455648,
    0.011866197045350305,
    0.08150922253629121,
    0.022094228834882337,
    0.1763022851277755,
    0.0076867754311472775,
    0.02695621930567631,
    0.0033918421642903968,
    0.03785631889246712,
    0.5538363702378942,
    0.23089729259571903,
    0.39457730440622807,
    0.05642219179174088,
    0.023574878200718085,
    0.021107129257658508,
    0.007445251066507404,
    0.00998650742489216,
    0.08067963884904991
  ],