{
  "hour": 15,
  "dispatch": 0,
  "load": 1.0269236278994733,
  "wind": 0.48255827338325225,
  "solar": 0.7604352043174256,
  "gen": [
    47,
    1,
    2,
    3,
    4,
    5,
    6,
    7,
    8,
    9,
    10,
    11,
    12,
    13,
    14,
    15,
    16,
    17,
    18,
    19,
    20,
    21,
    22,
    23,
    24,
    25,
    26,
    27,
    28,
    29,
    30,
    31,
    32,
    33,
    34,
    35,
    36,
    37,
    38,
    39,
    40,
    41,
    42,
    43,
    44,
    45,
    46,
    48,
    49
  ],
  "pg": [
    4.015608051155829,
    0.045073493984021766,
    0.045073493987562795,
    0.04507349398402383,
    0.045073493987562246,
    0.09024649397178938,
    0.4174129064765132,
    0.04676499412996962,
    0.040438383309516546,
    0.040438383309516546,
    0.040438383309516546,
    0.040438383309516546,
    0.040438383309516546,
    0.040438383309516546,
    0.0,
    0.023879993606477964,
    0.17909999358892917,
    0.1790999935826039,
    0.03183999354913369,
    0.049749993557760386,
    0.06268499355570292,
    0.1790999940851585,
    0.3262093928070785,
    0.7470002071972744,
    0.006755815827365531,
    0.6442152949666418,
    0.29672181672465947,
    0.29672181672465947,
    0.29672181672465947,
    1.0183748256218963,
    1.0183748256218963,
    0.44588384460612507,
    0.012319050309942294,
    0.1761928368403475,
    0.1761928368403475,
    0.1761928368403475,
    0.1761928368403475,
    1.3790699932973878,
    0.11939999352131263,
    0.25869999349162204,
    0.09352999351885902,
    0.09352999352589186,
    0.09352999351755735,
    0.09352999351902475,
    0.09352999351877615,
    0.17412499411629428,
    0.0,
    0.671624993285504,
    0.6716249932855208
  ],
  "qg": [
    -0.4503145512558404,
    0.007962567025457072,
    0.009489176098868403,
    0.008106865493821695,
    0.009445084776497768,
    0.013069235658159341,
    -0.10702313929854095,
    -0.005696620295734308,
    -0.03409583751070649,
    -0.03409646458104628,
    -0.03409582419820971,
    -0.03409664581417646,
    -0.03409664527453206,
    -0.03409581698966963,
    0.002829627888037946,
    0.0024219564272867063,
    0.017727094286409596,
    0.017819622982238388,
    -0.0035786050618689226,
    -0.005493591846687984,
    -0.0069940193594377345,
    -0.021998875033955125,
    0.007504914797035278,
    0.027296077138989586,
    0.0032104457107998167,
    0.20909591100674552,
    0.05990371338405284,
    0.1628479148443433,
    0.23537730657050593,
    0.23751052725305716,
    0.23193566994674286,
    0.02588162733205367,
    -0.005906600872475862,
    -0.07952950649153351,
    -0.03313430300619629,
    -0.08056970359110276,
    -0.08065050377847709,
    0.20317320104277456,
    -0.013299436369030089,
    -0.028899419225369653,
    -0.010399426421760408,
    -0.010399436184240513,
    -0.010399423235399795,
    -0.010399426392700811,
    -0.01039942643777358,
    0.012757644680165938,
    0.011889250345963602,
    0.010386469022921724,
    0.060849977320456876
  ],
  "pd": [
    0.0758383099203761,
    0.017406355492896073,
    0.08160962070917115,
    0.24376086155449797,
    0.4383115428600532,
    0.0031115785925354042,
    0.025919552368182705,
    0.45963047737524626,
    0.0073322347032022395,
    0.00789704269854695,
    0.011624775467822038,
    0.04730010230104974,
    0.014489892389661568,
    0.024615359360750377,
    0.013894276685479875,
    0.02395812823889471,
    0.6067680947806827,
    0.005268118211124298,
    0.06612361240044709,
    0.21320988362448864,
    0.03668171198856919,
    0.306095125767996,
    0.010525967185969601,
    0.0655279966962654,
    0.02100058819054423,
    0.39367117275526314,
    0.010957275109687381,
    0.09805066799184171,
    0.021421626877983015,
    0.009755774465044996,
    0.03285128685650415,
    0.06508641953626862,
    0.015855700814767868,
    0.018710548500328404,
    0.004580079380431651,
    0.022766896830531323,
    0.007743004154362029,
    0.005689156898563083,
    0.028948977070486152,
    0.010248697806436743,
    0.014284507664081675,
    0.0189159332259083,
    0.009971428426903886,
    0.03861232840902019,
    0.02406082060168466,
    0.014921200313379348,
    0.21108415171473677,
    0.08774035476773101,
    0.13208291702043026,
    0.0341144029188205,
    0.022582050577509418,
    0.02527259048260604,
    0.19266114183022018,
    0.03694871213182305,
    0.006079387877164882,
    0.009078004870631345,
    0.05640891488051808,
    0.021637280839841903,
    0.009190966469700286,
    0.023013358501227196,
    0.038530174518788235,
    0.04964148817266053,
    0.08471093006542757,
    0.5066841180056003,
    0.08806897032865883,
    0.023444666424944974,
    0.022695012176578364,
    0.5111615050232419,
    0.02158593465844693,
    0.009858466827834943,
    0.015198469692912206,
    0.007496542483666155,
    0.008102427424126845,
    0.030366131676987426,
    0.008646696946913566,
    0.007393850120876208,
    0.05922268562096264,
    0.12493552857024993,
    0.3839667444716131,
    0.005329733628798267,
    0.021134088262171162,
    0.5397510588239632,
    0.005442695227867209,
    0.04614994783780233,
    0.04513329344618185,
    0.016204854848253687,
    0.03675359664252215,
    0.11150336751732481,
    0.09052331779933856,
    0.3499653031518615,
    0.04042998323040227,
    0.008944504799004414,
    0.17132166884246913,
    0.01846408682963253,
    0.006305311075302766,
    0.0019922318381249784,
    0.15023892676169295,
    0.7932368871346692,
    0.04518463962757682,
    0.3106854743847066,
    0.015568162198956015,
    0.01584543157848887,
    0.2454347470679741,
    0.01191231408363389,
    0.021493511531935978,
    0.058339531300969076,
    0.01191231408363389,
    0.08432069908682575,
    0.014613123225009505,
    0.38264201299162287,
    0.274958801370084,
    0.09297766527001833,
    0.015434662127329085,
    0.1647288191513545,
    0.32885175336224837,
    0.1515328505328463,
    0.09206370324118777,
    0.01425369995524469,
    0.01485958489570538,
    0.47036182928679576,
    0.04259679208527016,
    0.03896148244250602,
    0.011070236708756322,
    0.02343439718866598,
    0.020702780338453384,
    0.010361659405505687,
    0.07909365782081744,
    0.015824893105930885,
    0.012590083678047544,
    0.02182212709286381,
    0.053225451634029704,
    0.19522845089996888,
    0.0144282769719876,
    0.03144440148628187,
    0.07003619142274407,
    0.24243613007450768,
    0.07953523498081422,
    0.014767161769194428,
    0.4779713333695309,
    0.005545387590657157,
    0.009673620574813038,
    0.09457966612954151,
    0.019491010457532005,
    0.011604236995264049,
    0.07970981199755711,
    0.02160647313100492,
    0.1724102078880426,
    0.007517080956224145,
    0.02636112952817948,
    0.0033169633181152985,
    0.03702059678577601,
    0.5416097905904613,
    0.22579996730253618,
    0.3858665531832271,
    0.0551766065270387,
    0.02305443544634318,
    0.020641164920779415,
    0.007280888521807266,
    0.00976604370132399,
    0.07889854233151654
  ],