{
  "hour": 16,
  "dispatch": 2,
  "load": 1.03757161138686,
  "wind": 0.4510015253573677,
  "solar": 0.54496011729849,
  "gen": [
    47,
    1,
    2,
    3,
    4,
    5,
    6,
    7,
    8,
    9,
    10,
    11,
    12,
    13,
    14,
    15,
    16,
    17,
    18,
    19,
    20,
    21,
    22,
    23,
    24,
    25,
    26,
    27,
    28,
    29,
    30,
    31,
    32,
    33,
    34,
    35,
    36,
    37,
    38,
    39,
    40,
    41,
    42,
    43,
    44,
    45,
    46,
    48,
    49
  ],
  "pg": [
    5.428981721934272,
    0.04507349812365693,
    0.04507349812476895,
    0.04507349812365701,
    0.045073498124768914,
    0.09024649811982059,
    0.39011631943412306,
    0.046764998169246896,
    0.03779392782494742,
    0.03779392782494742,
    0.03779392782494742,
    0.03779392782494742,
    0.03779392782494742,
    0.03779392782494742,
    0.0,
    0.0238799980349119,
    0.1790999980296933,
    0.17909999802775117,
    0.03183999798170037,
    0.04974999798434495,
    0.06268499798370043,
    0.17909999815380362,
    0.30487703114158055,
    0.6981503612532052,
    0.006314021355003148,
    0.6020870363520858,
    0.2126434377698708,
    0.2126434377698708,
    0.2126434377698708,
    0.7298105890861379,
    0.7298105890861379,
    0.41672540943020775,
    0.008828353900235538,
    0.12626725917806014,
    0.12626725917806014,
    0.12626725917806014,
    0.12626725917806014,
    1.3790699979231236,
    0.11939999797408216,
    0.2586999979655601,
    0.09352999797355648,
    0.09352999797556175,
    0.09352999797326293,
    0.093529997973623,
    0.0935299979735232,
    0.17412499817411875,
    0.0,
    0.6716249979078524,
    0.6716249979078529
  ],
  "qg": [
    -0.26761041050068424,
    0.007811358468943703,
    0.00929739672501939,
    0.007957300107498979,
    0.00925278928401246,
    0.01290007973645083,
    -0.14141086386524912,
    -0.005699464468227262,
    -0.03409942734097699,
    -0.03409945789127215,
    -0.034099425495623344,
    -0.0340994690278493,
    -0.03409946883083357,
    -0.034099424022671125,
    0.002956778368439361,
    0.002495886754952131,
    0.018335921017666294,
    0.01832627083471305,
    -0.003594936510591443,
    -0.00549842869649027,
    -0.006998475225675099,
    -0.021999715302606568,
    0.032284301017295645,
    0.07957247662352941,
    0.003535160475935867,
    0.26369061774402924,
    0.05843749461171188,
    0.16767781152483308,
    0.2448901696986756,
    0.25550943666165427,
    0.25245007326354235,
    0.0322414971065645,
    -0.00604823990470813,
    -0.07379532326937893,
    -0.031969056666186865,
    -0.0745203503558224,
    -0.07457823480805277,
    0.20280181610489012,
    -0.013299861824622205,
    -0.028899859200189754,
    -0.0103998602282204,
    -0.01039986187796298,
    -0.010399859748165026,
    -0.010399860238572856,
    -0.010399860223318095,
    0.014236002246953887,
    0.015329884800677424,
    0.01048778521568867,
    0.06106587666577925
  ],
  "pd": [
    0.07662466350091961,
    0.017586838813007277,
    0.08245581595691377,
    0.24628837339489898,
    0.4428563151721396,
    0.003143841982502186,
    0.026188307471404347,
    0.4643963018245308,
    0.00740826130530218,
    0.007978925691564954,
    0.011745310640899256,
    0.04779054842047877,
    0.014640135436668594,
    0.024870591524943038,
    0.014038343902064217,
    0.024206545693655445,
    0.61305956230404,
    0.005322742366414592,
    0.06680923605719992,
    0.21542061795613987,
    0.03706205795873864,
    0.30926897020608135,
    0.010635109016715315,
    0.06620744452259554,
    0.021218339452861286,
    0.39775307722515285,
    0.011070889093497797,
    0.0990673374552174,
    0.0216437438135299,
    0.009856930308175171,
    0.03319191584826565,
    0.06576128872969919,
    0.01602010567981312,
    0.01890455475946859,
    0.004627569386785396,
    0.023002962624446687,
    0.007823289949856925,
    0.005748146727083205,
    0.029249143724995586,
    0.010354964681640863,
    0.014432621114391224,
    0.01911206908174596,
    0.010074820346566411,
    0.03901269258814592,
    0.02431030285479413,
    0.015075915513451076,
    0.2132728447205691,
    0.08865011847689333,
    0.13345246065657795,
    0.03446812893027149,
    0.022816199734397052,
    0.025534637356230627,
    0.19465881001228882,
    0.03733182657769922,
    0.006142423939410211,
    0.009172133044659844,
    0.05699380861348023,
    0.02186163385192114,
    0.009286265921912397,
    0.023251979811179532,
    0.03892968685923499,
    0.0501562116944408,
    0.08558928222330209,
    0.5119378330582769,
    0.08898214139253711,
    0.023687759887962016,
    0.022930332611649607,
    0.5164616452839235,
    0.0218097552713518,
    0.009960687469313856,
    0.01535605984852553,
    0.007574272763124079,
    0.008186440013842326,
    0.03068099254870945,
    0.008736352967877363,
    0.007470515601985393,
    0.059836754828680234,
    0.1262309622413254,
    0.387948025497547,
    0.005384996663097804,
    0.02135322376234158,
    0.5453476389449338,
    0.005499129540350358,
    0.04662846821572549,
    0.0456012723204525,
    0.01637288002768465,
    0.037134687971535726,
    0.11265952556438526,
    0.0914619375437517,
    0.353594029444528,
    0.04084919434030068,
    0.009037248735179552,
    0.17309807192766988,
    0.018655537572735744,
    0.006370689693915321,
    0.0020128889260905085,
    0.15179672674589764,
    0.8014618154996662,
    0.04565315090102184,
    0.3139069153089806,
    0.0157295856286248,
    0.01600972996369925,
    0.24797961512145955,
    0.012035830692087576,
    0.021716373826326983,
    0.05894444324288752,
    0.012035830692087576,
    0.08519500501097509,
    0.014764644030035018,
    0.38660955811885805,
    0.2778097989488318,
    0.09394173369496632,
    0.015594701319144507,
    0.16643686218256623,
    0.3322615571144142,
    0.15310406697624507,
    0.093018294960832,
    0.014401493966049617,
    0.015013661216767865,
    0.4752389251635235,
    0.04303847044032696,
    0.039365466936017474,
    0.011185021970750351,
    0.023677384171848146,
    0.0209174436855591,
    0.010469097558893418,
    0.07991376550901597,
    0.015988978531471514,
    0.012720627955602904,
    0.022048396741970778,
    0.05377733661818096,
    0.19725273904075596,
    0.014577881139985384,
    0.03177044274066566,
    0.07076238389658385,
    0.24494990601620995,
    0.08035992130191232,
    0.014920279771743048,
    0.48292733080390016,
    0.0056028867014890444,
    0.009773924579264221,
    0.09556034540872983,
    0.019693109184122603,
    0.011724559208671518,
    0.08053630847584807,
    0.021830506703579534,
    0.17419789783573994,
    0.007595024195351816,
    0.026634463264300696,
    0.0033513563047795577,
    0.0374044565904963,
    0.5472256435615439,
    0.22814124591174278,
    0.38986753297861265,
    0.05574872267981599,
    0.02329348267563501,
    0.020855189388875886,
    0.007356382724732838,
    0.009867306024289039,
    0.07971662690285246
  ],