{
  "hour": 16,
  "dispatch": 1,
  "load": 1.0439168298743302,
  "wind": 0.5333120650569655,
  "solar": 0.62831114787074,
  "gen": [
    47,
    1,
    2,
    3,
    4,
    5,
    6,
    7,
    8,
    9,
    10,
    11,
    12,
    13,
    14,
    15,
    16,
    17,
    18,
    19,
    20,
    21,
    22,
    23,
    24,
    25,
    26,
    27,
    28,
    29,
    30,
    31,
    32,
    33,
    34,
    35,
    36,
    37,
    38,
    39,
    40,
    41,
    42,
    43,
    44,
    45,
    46,
    48,
    49
  ],
  "pg": [
    4.621715889539475,
    0.04507349743066056,
    0.045073497432175556,
    0.04507349743066086,
    0.04507349743217545,
    0.09024649742542497,
    0.46131493627427517,
    0.04676499749749421,
    0.04469155105177371,
    0.04469155105177371,
    0.04469155105177371,
    0.04469155105177371,
    0.04469155105177371,
    0.04469155105177371,
    0.0,
    0.02387999729888142,
    0.17909999729161577,
    0.1790999972889432,
    0.03183999724676937,
    0.04974999725037135,
    0.06268499724949023,
    0.17909999747795768,
    0.36051895597850864,
    0.8255670767081827,
    0.007466368910797517,
    0.7119716068510489,
    0.24516700989916276,
    0.24516700989916276,
    0.24516700989916276,
    0.8414342892284951,
    0.8414342892284951,
    0.49278034811263616,
    0.010178640595505987,
    0.14557969296165046,
    0.14557969296165046,
    0.14557969296165046,
    0.14557969296165046,
    1.379069997156532,
    0.11939999723480935,
    0.2586999972226281,
    0.09352999723392012,
    0.09352999723679604,
    0.09352999723343837,
    0.09352999723400042,
    0.09352999723387995,
    0.17412499750207255,
    0.0,
    0.6716249971382464,
    0.6716249971382475
  ],
  "qg": [
    -0.378467210923095,
    0.008170053394215185,
    0.009748427733876847,
    0.008315236119699872,
    0.00970400338551612,
    0.013340847736536196,
    -0.11482797403478788,
    -0.005699076299042033,
    -0.034098988971411316,
    -0.03409906416179075,
    -0.03409898622695292,
    -0.03409908940604062,
    -0.03409908910133831,
    -0.03409898408744958,
    0.002977662648005941,
    0.002502958178075526,
    0.018416729155566424,
    0.01838229337392739,
    -0.0035948649008327384,
    -0.005498014846975751,
    -0.006998058415838039,
    -0.021999568973675734,
    0.023119021787451736,
    0.06352766710969054,
    0.0034443332936439515,
    0.2504666160419823,
    0.059742563019710836,
    0.16841956529622856,
    0.24514467925462008,
    0.2519467497491136,
    0.2480075422500228,
    0.03804592541104645,
    -0.0060775178242323735,
    -0.07478557867030926,
    -0.03188516780585558,
    -0.07568932439658028,
    -0.07576133352708524,
    0.20512461384625294,
    -0.01329978747152515,
    -0.028899782314192407,
    -0.010399784518436286,
    -0.010399787523062079,
    -0.010399783590490139,
    -0.010399784525043391,
    -0.010399784515565053,
    0.01419419114645099,
    0.015249433076921165,
    0.01265870307373985,
    0.06311907992265656
  ],
  "pd": [
    0.07709325788621929,
    0.017694390266369896,
    0.08296007047011301,
    0.24779453790726977,
    0.4455645813269616,
    0.0031630679945192208,
    0.026348460786028094,
    0.4672362947151527,
    0.007453566165302718,
    0.0080277204217336,
    0.011817138514177419,
    0.04808280918401164,
    0.014729666469526798,
    0.025022686412087696,
    0.014124194708199688,
    0.024354579640968124,
    0.6168086980995466,
    0.005355293337255314,
    0.06721780467560813,
    0.21673801221850844,
    0.037288709163111076,
    0.3111602894806416,
    0.010700147506211885,
    0.06661233291428102,
    0.021348099170930054,
    0.4001855167323245,
    0.011138592574759104,
    0.09967317891640104,
    0.02177610507117853,
    0.009917209883806137,
    0.03339489938767982,
    0.06616344867743505,
    0.01611807585325966,
    0.019020164640310297,
    0.0046558690612395134,
    0.0231436361183139,
    0.007871132897252449,
    0.00578329923750379,
    0.029428015434157368,
    0.010418289962145815,
    0.014520883103551934,
    0.019228948006285163,
    0.010136432418079747,
    0.039251272803274805,
    0.024458971323955556,
    0.015168111538074017,
    0.2145771043806686,
    0.08919225394446277,
    0.13426858265843636,
    0.03467891708842525,
    0.02295573108893652,
    0.025690793183207265,
    0.1958492364527231,
    0.0375601275388784,
    0.006179987632856035,
    0.00922822477608908,
    0.057342351464996964,
    0.021995327605452135,
    0.009343055627375255,
    0.02339417615748374,
    0.03916775945688487,
    0.05046293955612511,
    0.0861126992963335,
    0.5150685638599947,
    0.08952630733002256,
    0.02383262122603096,
    0.023070561940222698,
    0.5196200412382466,
    0.021943131763958422,
    0.010021601566793568,
    0.015449969082140087,
    0.007620592858082611,
    0.008236503787708467,
    0.030868620659383943,
    0.008789779707541861,
    0.007516201175095177,
    0.06020268357885264,
    0.12700292152251103,
    0.39032050269001206,
    0.005417928347047774,
    0.02148380835881372,
    0.548682685781948,
    0.00553275919833395,
    0.0469136223345524,
    0.04588014467297682,
    0.01647300757541693,
    0.03736178334120228,
    0.11334848938775477,
    0.0920212685534222,
    0.355756416452873,
    0.041099005592152384,
    0.009092515588205417,
    0.17415664472793452,
    0.018769624601140455,
    0.006409649335428387,
    0.0020251986499562006,
    0.15272503221061454,
    0.8063631160681276,
    0.045932340514470524,
    0.31582659771017985,
    0.015825779140894846,
    0.016107636684960916,
    0.2494961223399649,
    0.01210943522654223,
    0.021849179249269733,
    0.0593049151051607,
    0.01210943522654223,
    0.08571601090098126,
    0.014854936489111719,
    0.3889738499794743,
    0.2795087311988519,
    0.09451622977682186,
    0.01569006995301118,
    0.16745469868014132,
    0.33429348643065676,
    0.15404036741625615,
    0.0935871437982337,
    0.014489565598655703,
    0.015105476528281559,
    0.47814522558733946,
    0.04330167010318722,
    0.03960620452543209,
    0.01125342342604528,
    0.023822182057732216,
    0.0210453632902665,
    0.010533120813431992,
    0.08040247423692091,
    0.016086758348363428,
    0.012798420334259288,
    0.02218323263482952,
    0.054106209292386534,
    0.1984590285274089,
    0.01466703145973434,
    0.03196473333075199,
    0.07119512779742931,
    0.2464478851967319,
    0.08085135847376689,
    0.015011524013592868,
    0.48588064929670827,
    0.0056371508813213836,
    0.00983369653741619,
    0.09614474003142583,
    0.019813541431014787,
    0.011796260177579931,
    0.08102882433484551,
    0.021964010100555906,
    0.1752631965676013,
    0.007641471194680097,
    0.026797345022874054,
    0.0033718513604940863,
    0.0376332017169696,
    0.5505721752440206,
    0.2295364325527677,
    0.3922517488252795,
    0.056089651269147764,
    0.023435932830678713,
    0.020982728280474035,
    0.007401370323809001,
    0.00992764905210488,
    0.08020413003924479
  ],