{
  "hour": 16,
  "dispatch": 3,
  "load": 1.0031523464366146,
  "wind": 0.43902133950595446,
  "solar": 0.4442840237565322,
  "gen": [
    47,
    1,
    2,
    3,
    4,
    5,
    6,
    7,
    8,
    9,
    10,
    11,
    12,
    13,
    14,
    15,
    16,
    17,
    18,
    19,
    20,
    21,
    22,
    23,
    24,
    25,
    26,
    27,
    28,
    29,
    30,
    31,
    32,
    33,
    34,
    35,
    36,
    37,
    38,
    39,
    40,
    41,
    42,
    43,
    44,
    45,
    46,
    48,
    49
  ],
  "pg": [
    5.477913567498657,
    0.04507349719893636,
    0.045073497200600963,
    0.04507349719893657,
    0.04507349720060087,
    0.09024649719319862,
    0.37975345867265065,
    0.04676499726749403,
    0.03678998825059899,
    0.03678998825059899,
    0.03678998825059899,
    0.03678998825059899,
    0.03678998825059899,
    0.03678998825059899,
    0.0,
    0.0238799970795982,
    0.17909999707190744,
    0.17909999706901342,
    0.03183999698826093,
    0.0497499969921463,
    0.06268499699118286,
    0.1790999972443757,
    0.2967784255060252,
    0.6796050335552175,
    0.006146298753083363,
    0.5860934882404492,
    0.17335962606979882,
    0.17335962606979882,
    0.17335962606979882,
    0.5949851646147479,
    0.5949851646147479,
    0.40565571770350195,
    0.007197401184855822,
    0.1029406083043885,
    0.1029406083043885,
    0.1029406083043885,
    0.1029406083043885,
    1.3790699969029168,
    0.11939999697494885,
    0.25869999696247137,
    0.09352999697424934,
    0.09352999697717734,
    0.09352999697385042,
    0.0935299969743539,
    0.09352999697419709,
    0.17412499727732617,
    0.0,
    0.6716249968792773,
    0.6716249968792783
  ],
  "qg": [
    -0.29232287535419343,
    0.007281764207029528,
    0.008634512303867234,
    0.00742752382547599,
    0.00859004734383361,
    0.012227026120228772,
    -0.15118419085138507,
    -0.005699293352002918,
    -0.03409925235288337,
    -0.03409928690213122,
    -0.03409924987457563,
    -0.03409929986371875,
    -0.03409929960317483,
    -0.034099247900832276,
    0.0027496257405185045,
    0.0024000702292751694,
    0.017416566180145792,
    0.017604285609123468,
    -0.0035958464562952995,
    -0.005498086442457934,
    -0.006998124158801569,
    -0.021999600934810407,
    0.032145572192350175,
    0.07879132164860307,
    0.003479166756536907,
    0.2589817616138861,
    0.05439861157961811,
    0.1586677129761676,
    0.2324812083088345,
    0.2431373810946053,
    0.241013441026824,
    0.02630208388002304,
    -0.0060715867431277906,
    -0.07892046544071327,
    -0.034870663217545485,
    -0.07945384736705781,
    -0.07949604077972355,
    0.19613846502982263,
    -0.013299803697291456,
    -0.028899800374690744,
    -0.010399801580524115,
    -0.010399803770948053,
    -0.010399800962070709,
    -0.010399801598079994,
    -0.01039980157214656,
    0.013009213181246275,
    0.012385611315050275,
    0.008131042851707682,
    0.05883918230754821
  ],
  "pd": [
    0.07408280078434398,
    0.017003432272100615,
    0.07972051697131775,
    0.2381182724736592,
    0.4281654845060758,
    0.0030395516097029424,
    0.02531956522406015,
    0.4489909272180999,
    0.007162507753557428,
    0.007714241544097566,
    0.011355684561662477,
    0.046205197076870465,
    0.014154479608220631,
    0.024045561744085654,
    0.013572651247287395,
    0.02340354424236622,
    0.5927225954155381,
    0.005146171537219833,
    0.06459297958705361,
    0.20827449016716992,
    0.03583260181471588,
    0.2990096199023617,
    0.010282311550975299,
    0.06401115122612037,
    0.020514465484628767,
    0.3845584520064762,
    0.010703635536478679,
    0.09578098603776795,
    0.02092575794666778,
    0.009529947291147837,
    0.0320908435625073,
    0.06357979571715264,
    0.015488672228981329,
    0.018277435752075116,
    0.0044740594651073015,
    0.022239887520499744,
    0.007563768692132073,
    0.005557463999258845,
    0.028278864646048164,
    0.010011460417437413,
    0.013953849138933308,
    0.01847806622136244,
    0.009740609283899528,
    0.03771852822601669,
    0.023503859477009878,
    0.01457580359372401,
    0.20619796481004612,
    0.08570933647954435,
    0.12902545479867739,
    0.033324720948624334,
    0.022059320098141152,
    0.024687579245805082,
    0.18820141171497326,
    0.03609342142478939,
    0.005938661890904758,
    0.008867866742499673,
    0.05510315838976324,
    0.021136419939419466,
    0.0089782135006077,
    0.02248064408364453,
    0.03763827603830178,
    0.04849238442674594,
    0.08275003705755635,
    0.49495536773182575,
    0.08603034523040407,
    0.02290196806914791,
    0.022169666856249184,
    0.49932911196228924,
    0.021086262322097638,
    0.0096302625257915,
    0.014846654727261896,
    0.007323012128987286,
    0.00791487201338489,
    0.029663214884130693,
    0.008446542756996295,
    0.007222696894343624,
    0.057851795818999574,
    0.12204351446747853,
    0.3750786623326502,
    0.00520636067800603,
    0.020644875289665528,
    0.5272568732870847,
    0.005316707436114058,
    0.04508166644886146,
    0.044088545625889215,
    0.015829744026769777,
    0.03590282247896644,
    0.1089222817760876,
    0.08842787933838757,
    0.3418642881421339,
    0.03949410787920952,
    0.008737456937462914,
    0.1673559059560204,
    0.01803667918893033,
    0.006159355407120813,
    0.0019461155520870323,
    0.14676118828367674,
    0.7748749984814985,
    0.044138703243211036,
    0.30349371089093335,
    0.015207789571979076,
    0.015478640705516961,
    0.23975341079835086,
    0.011636567218664727,
    0.020995978610918342,
    0.05698908480106407,
    0.011636567218664727,
    0.08236883916591042,
    0.014274857889793024,
    0.3737845958057471,
    0.26859404075840354,
    0.09082541344637109,
    0.015077379766942317,
    0.16091566789189735,
    0.3212394758993971,
    0.14802516024018683,
    0.08993260785804248,
    0.01392375456854021,
    0.014515614452937814,
    0.45947386923836253,
    0.041610759330190775,
    0.03805960002380516,
    0.010813982294586704,
    0.022891936545683545,
    0.02022355130416215,
    0.010121807175545441,
    0.07726279372254806,
    0.01545857765858823,
    0.012298647767312895,
    0.02131698736177806,
    0.05199338611580973,
    0.19070929258106478,
    0.014094290467434434,
    0.03071652484788914,
    0.06841499002697711,
    0.236824205946756,
    0.0776941492315158,
    0.014425330741758518,
    0.4669072281254579,
    0.005417022670757719,
    0.009449695103432909,
    0.09239033110681222,
    0.019039831535366945,
    0.011335621514733744,
    0.07786468513041002,
    0.02110632536902637,
    0.16841924744324324,
    0.007343075175916019,
    0.025750920733027895,
    0.0032401820789902647,
    0.03616364208903995,
    0.529072579034135,
    0.2205731379344828,
    0.3769344941735579,
    0.0538993755740393,
    0.022520770177501998,
    0.020163362163375952,
    0.007112350136235597,
    0.009539978814612203,
    0.0770721947767251
  ],