{
  "hour": 17,
  "dispatch": 3,
  "load": 0.8872892250339578,
  "wind": 0.5538125551943456,
  "solar": 0.20973857241590335,
  "gen": [
    47,
    1,
    2,
    3,
    4,
    5,
    6,
    7,
    8,
    9,
    10,
    11,
    12,
    13,
    14,
    15,
    16,
    17,
    18,
    19,
    20,
    21,
    22,
    23,
    24,
    25,
    26,
    27,
    28,
    29,
    30,
    31,
    32,
    33,
    34,
    35,
    36,
    37,
    38,
    39,
    40,
    41,
    42,
    43,
    44,
    45,
    46,
    48,
    49
  ],
  "pg": [
    4.202172344589964,
    0.04507349823008499,
    0.04507349823113929,
    0.04507349823008502,
    0.04507349823113928,
    0.09024649822644129,
    0.47904786024310897,
    0.046764998280612605,
    0.04640949212528617,
    0.04640949212528617,
    0.04640949212528617,
    0.04640949212528617,
    0.04640949212528617,
    0.04640949212528617,
    0.0,
    0.02387999817471176,
    0.17909999816990832,
    0.17909999816807415,
    0.0318399981137508,
    0.049749998115905775,
    0.062684998115285,
    0.17909999826796524,
    0.3743772873113776,
    0.8573018354408469,
    0.0077533757727208386,
    0.7393397611844513,
    0.08183999095668548,
    0.08183999095668548,
    0.08183999095668548,
    0.28088189617937775,
    0.28088189617937775,
    0.5117228009995753,
    0.0033977648731376344,
    0.0485964272287648,
    0.0485964272287648,
    0.0485964272287648,
    0.0485964272287648,
    1.3790699980526606,
    0.11939999809865062,
    0.25869999809079464,
    0.09352999809823354,
    0.09352999810006599,
    0.09352999809798958,
    0.09352999809830038,
    0.09352999809820012,
    0.1741249982907692,
    0.0,
    0.6716249980383767,
    0.6716249980383769
  ],
  "qg": [
    -0.4666981363220565,
    0.0060180240059347955,
    0.007056952939418999,
    0.006162661103375638,
    0.007012988599244412,
    0.010599926259123784,
    -0.1428248971109444,
    -0.005699645444467688,
    -0.03409962974797888,
    -0.03409964260477311,
    -0.034099628503882554,
    -0.034099647723902324,
    -0.03409964759073435,
    -0.03409962751152175,
    0.0020493893982634535,
    0.002077285516088246,
    0.014322965057534947,
    0.015173522833746447,
    -0.0035993496192297998,
    -0.005499434102910815,
    -0.0069994346517603815,
    -0.021999778182830235,
    -0.003517352450112922,
    0.0071045120332741815,
    0.0032572002944327287,
    0.20225315541398028,
    0.04276582648180558,
    0.12837076870549446,
    0.1891850248376964,
    0.19524770038225522,
    0.19463604068073923,
    0.01023041240975209,
    -0.0065706651589441945,
    -0.09408619445000854,
    -0.0609020307530079,
    -0.09408740921983917,
    -0.09408751180761989,
    0.17128831097993352,
    -0.013299878734886906,
    -0.028899876749528347,
    -0.010399877466797887,
    -0.010399878786320947,
    -0.010399877098456793,
    -0.01039987747844562,
    -0.010399877461218033,
    0.006687389444768348,
    -0.0027368138818129203,
    -0.0008097306412344428,
    0.050312409244350424
  ],
  "pd": [
    0.06552630926875778,
    0.015039552364325585,
    0.07051287471344862,
    0.21061584334631056,
    0.37871278702899386,
    0.0026884863518528922,
    0.022395180039857094,
    0.39713291134069884,
    0.0063352450667424585,
    0.006823254140511136,
    0.010044114027384402,
    0.04086854170506409,
    0.012519650965229143,
    0.02126832272406397,
    0.01200502321470945,
    0.020700457620042235,
    0.5242637115035642,
    0.004551793724424203,
    0.05713255319993654,
    0.1842189889015503,
    0.031693971118212975,
    0.2644742993058718,
    0.009094714556598068,
    0.05661792544941685,
    0.018145064651944435,
    0.3401423244167677,
    0.009467376031112331,
    0.08471837520624229,
    0.01850885323420836,
    0.0084292476378226,
    0.028384382308836307,
    0.05623639108265225,
    0.013699745634524309,
    0.01616640968011871,
    0.003957309943651452,
    0.019671202119002845,
    0.006690160756756041,
    0.004915582306688127,
    0.02501268325370727,
    0.008855146465838898,
    0.012342193120222354,
    0.0163438675251255,
    0.00861557837507973,
    0.033362074861276805,
    0.02078918654254563,
    0.012892312439743406,
    0.18238230020573004,
    0.07580999138690135,
    0.11412314012386766,
    0.029475748055628078,
    0.01951149005849673,
    0.0218361878280857,
    0.16646433150862083,
    0.0319246663167218,
    0.0052527522122010305,
    0.007843636749300187,
    0.048738797131115306,
    0.01869518397146549,
    0.007941238564053921,
    0.019884151533010992,
    0.033291091723274095,
    0.04289156113814151,
    0.07319248817305118,
    0.43778850363175487,
    0.07609392393891222,
    0.020256813007525257,
    0.019609091873250467,
    0.4416570846529028,
    0.018650819510213794,
    0.008517976560325994,
    0.013131880530502576,
    0.006477211342747892,
    0.007000711985517928,
    0.02623714238425413,
    0.007470975274785925,
    0.006388482420244496,
    0.05116996960770836,
    0.10794760711763131,
    0.33175744124019685,
    0.004605031077926241,
    0.018260412251198854,
    0.4663592166778483,
    0.004702632892679976,
    0.03987477777302607,
    0.03899636144024245,
    0.014001423971035853,
    0.03175608136396535,
    0.09634186405418714,
    0.07821454518674337,
    0.3023792949993225,
    0.034932576789586924,
    0.007728289150045773,
    0.14802646141241518,
    0.01595346026611056,
    0.005447955841708501,
    0.0017213410965658783,
    0.12981041362246803,
    0.6853776889852303,
    0.03904072590149414,
    0.2684404821417736,
    0.0134513046515148,
    0.013690872742273968,
    0.2120621247831159,
    0.01029255501039391,
    0.018570963479960737,
    0.05040690087417914,
    0.01029255501039391,
    0.07285531826753827,
    0.012626125672233219,
    0.3306128381399031,
    0.2375716900028422,
    0.08033516643457454,
    0.013335957052260386,
    0.14233006458769717,
    0.28413662853262434,
    0.1309283980460108,
    0.0795454790242943,
    0.012315574443471334,
    0.01283907508624137,
    0.40640508374230366,
    0.036804757054408575,
    0.03366375319778836,
    0.009564977845866065,
    0.020247940115274917,
    0.01788775077668459,
    0.008952748280592634,
    0.06833901611211543,
    0.01367312695777329,
    0.010878165898916322,
    0.018854896031971605,
    0.045988200533510035,
    0.1686825545712057,
    0.012466413611727107,
    0.027168796070539788,
    0.06051312514731592,
    0.20947124024601677,
    0.06872055047888004,
    0.012759219055988313,
    0.41297989689980535,
    0.004791361815183372,
    0.008358264499819882,
    0.08171933762562753,
    0.01684074949114452,
    0.010026368242883723,
    0.0688713896471358,
    0.018668565294714473,
    0.14896698799095118,
    0.006494957127248571,
    0.022776714406621695,
    0.0028659441968596835,
    0.03198677656247418,
    0.46796521017515974,
    0.19509715480046663,
    0.33339892630650964,
    0.04767405006107455,
    0.019919643102012354,
    0.01783451342318255,
    0.00629088060549076,
    0.008438120530072937,
    0.06817043115935897
  ],