{
  "hour": 18,
  "dispatch": 0,
  "load": 0.8654371312461977,
  "wind": 0.52498585588949,
  "solar": 0.17861868843725998,
  "gen": [
    47,
    1,
    2,
    3,
    4,
    5,
    6,
    7,
    8,
    9,
    10,
    11,
    12,
    13,
    14,
    15,
    16,
    17,
    18,
    19,
    20,
    21,
    22,
    23,
    24,
    25,
    26,
    27,
    28,
    29,
    30,
    31,
    32,
    33,
    34,
    35,
    36,
    37,
    38,
    39,
    40,
    41,
    42,
    43,
    44,
    45,
    46,
    48,
    49
  ],
  "pg": [
    4.196992560272956,
    0.045073498810959206,
    0.04507349881166885,
    0.04507349881095922,
    0.04507349881166885,
    0.09024649880850703,
    0.4541127653444088,
    0.04676499884425715,
    0.04399381472353927,
    0.04399381472353927,
    0.04399381472353927,
    0.04399381472353927,
    0.04399381472353927,
    0.04399381472353927,
    0.0,
    0.02387999877409792,
    0.17909999877087412,
    0.17909999876963956,
    0.03183999873223351,
    0.04974999873365792,
    0.0626849987332391,
    0.17909999883569777,
    0.3548904385812952,
    0.8126781049169306,
    0.007349801982452861,
    0.7008561176124691,
    0.06969701222821884,
    0.06969701222821884,
    0.06969701222821884,
    0.23920614755517852,
    0.23920614755517852,
    0.48508693084188875,
    0.002893622752683611,
    0.041385950110913144,
    0.041385950110913144,
    0.041385950110913144,
    0.041385950110913144,
    1.3790699986903678,
    0.11939999872178284,
    0.25869999871652877,
    0.09352999872151281,
    0.09352999872273707,
    0.09352999872135341,
    0.09352999872155836,
    0.09352999872149004,
    0.17412499885061888,
    0.0,
    0.6716249986818649,
    0.6716249986818649
  ],
  "qg": [
    -0.4666989159041686,
    0.005644519621634378,
    0.006589567856536447,
    0.005789230648230826,
    0.006545621367133459,
    0.010126186563509528,
    -0.1496437132526205,
    -0.0056997746873615395,
    -0.03409976543280205,
    -0.03409977296078916,
    -0.0340997646249435,
    -0.03409977602307638,
    -0.0340997759371905,
    -0.03409976397935937,
    0.001915039713756003,
    0.002015178680785152,
    0.013730007490846612,
    0.01470718101307921,
    -0.003599595774020709,
    -0.005499643822585311,
    -0.006999644056030248,
    -0.021999855893921852,
    -0.00932524112529003,
    -0.006919921018530963,
    0.00315336709478436,
    0.18802445879196736,
    0.04077041103048709,
    0.1227063057078659,
    0.18094305949136136,
    0.18555422153267118,
    0.1850736093044802,
    0.0022454487980284603,
    -0.006587707401842304,
    -0.09416694717739908,
    -0.06898093097021757,
    -0.09416712352116234,
    -0.09416713934363048,
    0.16572446839875934,
    -0.013299919548257282,
    -0.02889991827070513,
    -0.010399918728661002,
    -0.010399919585202623,
    -0.010399918491974308,
    -0.01039991873682941,
    -0.010399918724737162,
    0.005025225735853098,
    -0.0066926189936423785,
    -0.003417957472442703,
    0.04781734997225187
  ],
  "pd": [
    0.0639125321425317,
    0.01466915937462305,
    0.06877628882013533,
    0.20542881184390996,
    0.36938587635850206,
    0.0026222745076759793,
    0.02184363319265403,
    0.38735235120317313,
    0.006179221117097851,
    0.00665521153928326,
    0.009796748325706959,
    0.03986203426519987,
    0.012211317921883848,
    0.02074452803597136,
    0.011709364385761055,
    0.020190648271973793,
    0.5113521833681284,
    0.0044396924832929945,
    0.05572549688094267,
    0.17968205718933555,
    0.030913414328114182,
    0.25796084571055417,
    0.008870730595273527,
    0.05522354334481988,
    0.017698189333984742,
    0.3317653242632299,
    0.00923421419039693,
    0.08263193729138696,
    0.018053018557795685,
    0.008221652746838878,
    0.02768533382856586,
    0.05485140537838402,
    0.013362349306441293,
    0.015768264531305722,
    0.003859849605358042,
    0.019186741199728203,
    0.00652539596959633,
    0.004794521707103936,
    0.024396672729830312,
    0.008637062569837052,
    0.01203823049563461,
    0.015941351957554962,
    0.00840339454440058,
    0.03254043613485702,
    0.020277191985098413,
    0.012574801517007253,
    0.17789060232765594,
    0.07394294849367514,
    0.11131252382088595,
    0.028749821499998687,
    0.019030962516103887,
    0.021298407799968926,
    0.16236466019309914,
    0.03113842798223819,
    0.00512338781697749,
    0.0076504642402163885,
    0.04753846161935364,
    0.018234760355357385,
    0.007745662324653469,
    0.01939444611122729,
    0.03247120116435734,
    0.041835230924441184,
    0.07138990895649885,
    0.427006680556874,
    0.07421988837567392,
    0.019757929706350694,
    0.01912616060054097,
    0.43077998644910737,
    0.018191488498795077,
    0.008308196459963496,
    0.012808469542443726,
    0.0063176910580972434,
    0.006828298965532501,
    0.025590975970950065,
    0.007286980645092985,
    0.006231147344972624,
    0.049909759358968235,
    0.10528908138741241,
    0.32358694337295335,
    0.004491618711167766,
    0.01781069616104675,
    0.4548737561830016,
    0.004586816795604848,
    0.038892744678204125,
    0.03803596191827039,
    0.013656597931064999,
    0.030973994927301417,
    0.09396916371071214,
    0.07628828311935232,
    0.2949323199573917,
    0.03407225985716281,
    0.007537957413154383,
    0.14438087660580318,
    0.015560559619806635,
    0.005313783985851654,
    0.0016789480346176236,
    0.12661345230131874,
    0.668498257659813,
    0.038079233774832695,
    0.26182934968722466,
    0.013120026909692358,
    0.01335369493512883,
    0.20683947436784125,
    0.010039070722455893,
    0.018113599156982917,
    0.04916548342609649,
    0.010039070722455893,
    0.07106104284662529,
    0.012315170377633394,
    0.3224705294736458,
    0.23172079189116943,
    0.07835667786303074,
    0.013007520082630352,
    0.13882477022320258,
    0.27713893253896993,
    0.12770390308668894,
    0.07758643881622161,
    0.012012267381697224,
    0.012522875289132481,
    0.39639616922469595,
    0.03589833220409228,
    0.032834684759480745,
    0.00932941227483401,
    0.01974927533503823,
    0.017447212565923347,
    0.008732260654274135,
    0.06665596784858215,
    0.013336386192503907,
    0.010610259229078383,
    0.018390539038981704,
    0.044855606512490424,
    0.16452825302121465,
    0.012159391694009078,
    0.026499684958758575,
    0.05902281235099068,
    0.20431239794460238,
    0.06702810581501802,
    0.012444985947320323,
    0.4028090583672303,
    0.004673360508729468,
    0.008152417776339183,
    0.07970675978777482,
    0.016425996751052833,
    0.009779439583082033,
    0.06717523012732986,
    0.01820879724142,
    0.14529823996492414,
    0.006334999800722167,
    0.022215771159089893,
    0.0027953619339252185,
    0.031199008581425425,
    0.4564401973905572,
    0.19029231641841393,
    0.32518800206575876,
    0.046499937061858204,
    0.01942906359647714,
    0.017395286338048575,
    0.006135949260535542,
    0.00823030711815134,
    0.06649153479364536
  ],