{
  "hour": 18,
  "dispatch": 3,
  "load": 0.923637954997429,
  "wind": 0.50333787487143,
  "solar": 0.057519766790393334,
  "gen": [
    47,
    1,
    2,
    3,
    4,
    5,
    6,
    7,
    8,
    9,
    10,
    11,
    12,
    13,
    14,
    15,
    16,
    17,
    18,
    19,
    20,
    21,
    22,
    23,
    24,
    25,
    26,
    27,
    28,
    29,
    30,
    31,
    32,
    33,
    34,
    35,
    36,
    37,
    38,
    39,
    40,
    41,
    42,
    43,
    44,
    45,
    46,
    48,
    49
  ],
  "pg": [
    5.819919323709071,
    0.04507349402130144,
    0.04507349402488869,
    0.04507349402130231,
    0.0450734940248884,
    0.09024649400896585,
    0.43538726176378695,
    0.04676499418753565,
    0.04217971391422584,
    0.04217971391422584,
    0.04217971391422584,
    0.04217971391422584,
    0.04217971391422584,
    0.04217971391422584,
    0.0,
    0.02387999390729926,
    0.17909999389175332,
    0.17909999388570777,
    0.03183999359796392,
    0.049749993605790396,
    0.06268499360373041,
    0.17909999413915878,
    0.34025640341308666,
    0.7791670303009737,
    0.00704673024820002,
    0.6719560629533591,
    0.02244421300161148,
    0.02244421300161148,
    0.02244421300161148,
    0.07703047168569475,
    0.07703047168569475,
    0.46508419638120135,
    0.000931820222004372,
    0.013327329965334134,
    0.013327329965334134,
    0.013327329965334134,
    0.013327329965334134,
    1.3790699934587223,
    0.11939999355436566,
    0.25869999353098605,
    0.09352999355396456,
    0.09352999355935435,
    0.09352999355361807,
    0.0935299935542535,
    0.09352999355382009,
    0.17412499424797953,
    0.0,
    0.6716249933737902,
    0.6716249933737934
  ],
  "qg": [
    -0.36358953110248055,
    0.006084622849868369,
    0.007134596435257204,
    0.006230436628127481,
    0.007090291594708298,
    0.010713285848436574,
    -0.18758877081047903,
    -0.005699015922801052,
    -0.03409898542661561,
    -0.03409901237696567,
    -0.0340989818766815,
    -0.034099023858502844,
    -0.034099023488080686,
    -0.034098979050635365,
    0.002373576082292521,
    0.002225545169098301,
    0.01573709785438597,
    0.016288055645439427,
    -0.0035962576714093893,
    -0.005497365119936353,
    -0.006997387394489874,
    -0.02199933399929197,
    0.05030065186820523,
    0.12108925238256088,
    0.0034849417603516008,
    0.30187424408443286,
    0.04854289131037936,
    0.1473995179709226,
    0.21758990128727576,
    0.26635962680751996,
    0.2659629706000427,
    0.03231114702755498,
    -0.006007793845622192,
    -0.08609441932113718,
    -0.0401669268851645,
    -0.08619287827508142,
    -0.08620067875942185,
    0.1798471550692094,
    -0.013299675897468343,
    -0.028899673262790495,
    -0.010399673564272871,
    -0.010399676045744493,
    -0.010399673001818259,
    -0.0103996736144514,
    -0.010399673539862282,
    0.011350040676972597,
    0.008339404694809474,
    0.004038114880488761,
    0.05504782427375296
  ],
  "pd": [
    0.06821066297656013,
    0.01565566333720642,
    0.07340150828364568,
    0.2192439413777397,
    0.3942271519520026,
    0.00279862300364221,
    0.023312621984135105,
    0.41340187589774924,
    0.006594774998681642,
    0.007102775873930228,
    0.010455581650570896,
    0.042542764207181574,
    0.013032531545013722,
    0.022139601781288373,
    0.012496821531115214,
    0.02154847349009002,
    0.5457407220897809,
    0.004738262709136811,
    0.05947304792228445,
    0.1917657122165662,
    0.032992347752508165,
    0.27530876524608366,
    0.009467289038723648,
    0.05893733790838595,
    0.018888396179697422,
    0.3540766100482644,
    0.009855216979822567,
    0.08818895194315451,
    0.01926708774124637,
    0.008774560572475575,
    0.02954717818036775,
    0.058540173587737054,
    0.014260970025160304,
    0.016828683540053156,
    0.004119425279288534,
    0.020477053462292998,
    0.006964230180680614,
    0.005116954270685757,
    0.02603735395137752,
    0.00921790679087434,
    0.012847803954014237,
    0.01701341113105264,
    0.008968524543025035,
    0.034728787107903315,
    0.02164083728558976,
    0.013420459486112642,
    0.18985378164972153,
    0.07891562687498033,
    0.11879831377176932,
    0.03068325286501459,
    0.02031079863039346,
    0.022730730072486726,
    0.17328371673706763,
    0.03323249362080749,
    0.0054679366935847795,
    0.008164959522177273,
    0.05073543286800878,
    0.019461051711795827,
    0.00826655969722699,
    0.020698726571492382,
    0.03465489607150353,
    0.0446486587445757,
    0.07619089490773792,
    0.45572296699573156,
    0.07921119102057951,
    0.021086654512591303,
    0.020412398805443183,
    0.45975002847952023,
    0.019414869814045957,
    0.008866924367975317,
    0.013669841733961949,
    0.006742557071481231,
    0.007287503464929715,
    0.027311974329273972,
    0.007777031581078352,
    0.006650193275981488,
    0.05326620086470174,
    0.11236979360498721,
    0.3453482313735387,
    0.004793680986436656,
    0.019008469113847088,
    0.4854641091466487,
    0.004895281161486373,
    0.04150828969758446,
    0.040593888122137003,
    0.014575006929859429,
    0.03305700240935799,
    0.10028860915362084,
    0.08141868573302335,
    0.31476657868357377,
    0.03636362628824878,
    0.008044886588027607,
    0.15409052003222107,
    0.01660701043085377,
    0.005671137043684213,
    0.0017918576326950123,
    0.13512823281612388,
    0.713454901958214,
    0.04064007001988687,
    0.2794374269049221,
    0.014002351397761023,
    0.014251733645610328,
    0.22074947124438551,
    0.010714200277970175,
    0.01933174239809619,
    0.05247187222340394,
    0.010714200277970175,
    0.0758399124848389,
    0.013143368099613414,
    0.3441567384115921,
    0.24730406245056158,
    0.08362618044546723,
    0.013882278463611357,
    0.14816076436113756,
    0.2957765823288267,
    0.13629201663942062,
    0.0828041426655195,
    0.012820094815364313,
    0.013365041208812798,
    0.4230538925274724,
    0.03831250237329335,
    0.035042824012602454,
    0.009956817154872283,
    0.02107741813304133,
    0.018620541172748167,
    0.009319506965924058,
    0.07113859529390198,
    0.01423326088651038,
    0.01132380132826848,
    0.019627306543695367,
    0.047872155207516746,
    0.17559281162456122,
    0.012977113267713877,
    0.028281794182021276,
    0.06299210853082465,
    0.21805244841579305,
    0.07153575961455087,
    0.013281913792863028,
    0.42989804977400337,
    0.0049876449569861165,
    0.00870066953607578,
    0.08506705565526322,
    0.0175306483858512,
    0.010437108891470946,
    0.07169277806690043,
    0.019433342573145905,
    0.15506957626451837,
    0.00676102983058118,
    0.023709786304784,
    0.0029833505946416953,
    0.03329714827765731,
    0.48713589384519407,
    0.20308951354483468,
    0.34705696159028393,
    0.04962706732201186,
    0.02073567208969228,
    0.018565122895448323,
    0.006548593100931771,
    0.008783796952025549,
    0.07096310408245246
  ],