{
  "hour": 18,
  "dispatch": 1,
  "load": 0.8897947747827634,
  "wind": 0.5226371067430544,
  "solar": 0.13645619771051223,
  "gen": [
    47,
    1,
    2,
    3,
    4,
    5,
    6,
    7,
    8,
    9,
    10,
    11,
    12,
    13,
    14,
    15,
    16,
    17,
    18,
    19,
    20,
    21,
    22,
    23,
    24,
    25,
    26,
    27,
    28,
    29,
    30,
    31,
    32,
    33,
    34,
    35,
    36,
    37,
    38,
    39,
    40,
    41,
    42,
    43,
    44,
    45,
    46,
    48,
    49
  ],
  "pg": [
    4.791408554726391,
    0.045073497471079846,
    0.0450734974725899,
    0.04507349747107993,
    0.04507349747258989,
    0.09024649746586867,
    0.45208109733274204,
    0.04676499754203082,
    0.043796989545067964,
    0.043796989545067964,
    0.043796989545067964,
    0.043796989545067964,
    0.043796989545067964,
    0.043796989545067964,
    0.0,
    0.02387999740410505,
    0.17909999739735027,
    0.17909999739475213,
    0.03183999729961558,
    0.04974999730279346,
    0.06268499730191186,
    0.17909999752296962,
    0.35330268415830474,
    0.8090422412382483,
    0.007316919494402762,
    0.6977205375019776,
    0.05324520834664187,
    0.05324520834664187,
    0.05324520834664187,
    0.18274213997391797,
    0.18274213997391797,
    0.4829166866305823,
    0.002210590402910298,
    0.03161690100952568,
    0.03161690100952568,
    0.03161690100952568,
    0.03161690100952568,
    1.3790699972222062,
    0.11939999727892352,
    0.2586999972681261,
    0.09352999727846548,
    0.09352999728097529,
    0.09352999727818209,
    0.09352999727856966,
    0.0935299972784134,
    0.1741249975602852,
    0.0,
    0.6716249971969872,
    0.6716249971969874
  ],
  "qg": [
    -0.4666934922361705,
    0.0058936864642400826,
    0.006899824970287745,
    0.006038710310739453,
    0.006855761106440672,
    0.010450572713726593,
    -0.16030423022175996,
    -0.005699524921366323,
    -0.03409950587099393,
    -0.034099521665694466,
    -0.0340995041758573,
    -0.034099528086332216,
    -0.034099527907786406,
    -0.03409950282644218,
    0.0020979521455177555,
    0.002099419839042364,
    0.014534072420869657,
    0.015339317168420767,
    -0.0035988924275847972,
    -0.005499073666569066,
    -0.006999075558927272,
    -0.021999693937000672,
    0.016811091972808733,
    0.04947037155183773,
    0.0034285309784434985,
    0.2346244367282683,
    0.043772132959913196,
    0.13231415762309162,
    0.1952239883832049,
    0.21553420792041952,
    0.2151180030859992,
    0.015479593931219027,
    -0.006473114216825749,
    -0.09329327151326677,
    -0.05239475853547662,
    -0.09330243613895106,
    -0.09330321287812544,
    0.1733450649044842,
    -0.013299840335986544,
    -0.028899838220279174,
    -0.010399838870996374,
    -0.010399840409328226,
    -0.010399838466673013,
    -0.01039983889009381,
    -0.010399838861771564,
    0.008163901626225406,
    0.0007691063343433302,
    0.0012174632675466396,
    0.05231198941725096
  ],
  "pd": [
    0.06571134411770707,
    0.015082021432567838,
    0.0707119907519862,
    0.21121058569018453,
    0.37978220577277905,
    0.002696078167591773,
    0.022458420115516946,
    0.3982543452972692,
    0.00635313469194893,
    0.00684252181807945,
    0.010072476850540881,
    0.040983947326494075,
    0.01255500427218479,
    0.02132838075154284,
    0.012038923302810789,
    0.02075891209568187,
    0.5257441406281436,
    0.004564647194635576,
    0.05729388554826213,
    0.18473919114039733,
    0.03178346935524031,
    0.26522112851949825,
    0.009120396441523324,
    0.05677780457888813,
    0.01819630314430751,
    0.34110282691297233,
    0.009494110246932086,
    0.08495760509625824,
    0.018561119001968444,
    0.008453050360436252,
    0.028464534845300597,
    0.05639519282573155,
    0.013738431322645867,
    0.016212060796541947,
    0.003968484695531125,
    0.019726750156933863,
    0.006709052601862036,
    0.004929463052296509,
    0.0250833147011261,
    0.008880151852331977,
    0.012377045317228238,
    0.0163900197514985,
    0.008639907263140631,
    0.033456283531831894,
    0.020847891573160145,
    0.012928718077593552,
    0.18289731595659703,
    0.0760240655574393,
    0.11444540393255903,
    0.0295589824182834,
    0.019566587097472967,
    0.021897849407403806,
    0.16693439769699422,
    0.03201481599668382,
    0.005267585066713959,
    0.007865785809079628,
    0.048876426978817195,
    0.018747975904672823,
    0.007963663234305732,
    0.019940300902881725,
    0.03338509994984928,
    0.04301267941299877,
    0.07339917097183016,
    0.43902474187781554,
    0.07630879988536979,
    0.020314014708290487,
    0.01966446452269907,
    0.4429042470958683,
    0.018703486165933685,
    0.008542029837914527,
    0.0131689626667849,
    0.006495501855914173,
    0.007020480773036004,
    0.02631123149032631,
    0.007492072003670868,
    0.006406522378435896,
    0.05131446466172197,
    0.10825243230007099,
    0.33269426629127524,
    0.004618034881122542,
    0.018311976465029273,
    0.4676761336258205,
    0.004715912306348646,
    0.039987377178737384,
    0.03910648035170245,
    0.014040961546072005,
    0.0318457549894751,
    0.09661391664591244,
    0.07843540939710059,
    0.3032331612982179,
    0.0350312202831974,
    0.00775011248835787,
    0.14844446227700842,
    0.015998510050594085,
    0.005463339917166167,
    0.001726201863078561,
    0.1301769755507183,
    0.6873130758331978,
    0.039150970090441585,
    0.2691985111627772,
    0.013489288785706693,
    0.013729533374898038,
    0.21266095117308043,
    0.010321619387480054,
    0.01862340463620324,
    0.050549241155408785,
    0.010321619387480054,
    0.07306104895741271,
    0.012661779645158723,
    0.33154643103180553,
    0.23824255094808489,
    0.0805620189088314,
    0.013373615464984933,
    0.14273197982290306,
    0.28493898072868434,
    0.13129811696694457,
    0.07977010155927473,
    0.012350351473984755,
    0.012875330391106585,
    0.4075527006937491,
    0.03690868725798903,
    0.03375881375525804,
    0.009591987672158188,
    0.02030511676054266,
    0.01793826265962051,
    0.008978029277558083,
    0.06853199355376843,
    0.013711737479402384,
    0.01090888393883668,
    0.018908138964133722,
    0.046118063176990624,
    0.16915888463395115,
    0.012501616585697825,
    0.027245516003848214,
    0.06068400364018446,
    0.2100627504307148,
    0.06891460530692503,
    0.012795248861376137,
    0.4141460799748894,
    0.004804891783826922,
    0.00838186677845363,
    0.08195009875749253,
    0.01688830482537685,
    0.010054680955045225,
    0.06906587041863808,
    0.01872128206142934,
    0.14938764473827815,
    0.006513297751409828,
    0.022841031868673534,
    0.0028740371225483255,
    0.03207710163091862,
    0.46928666216817727,
    0.195648075079234,
    0.3343403866246233,
    0.04780867324907787,
    0.019975892693873037,
    0.017884874973133544,
    0.006308644953209792,
    0.00846194830818408,
    0.0683629325465597
  ],