{
  "hour": 19,
  "dispatch": 1,
  "load": 0.8707431365853634,
  "wind": 0.44664172171664557,
  "solar": 0.020349543224903333,
  "gen": [
    47,
    1,
    2,
    3,
    4,
    5,
    6,
    7,
    8,
    9,
    10,
    11,
    12,
    13,
    14,
    15,
    16,
    17,
    18,
    19,
    20,
    21,
    22,
    23,
    24,
    25,
    26,
    27,
    28,
    29,
    30,
    31,
    32,
    33,
    34,
    35,
    36,
    37,
    38,
    39,
    40,
    41,
    42,
    43,
    44,
    45,
    46,
    48,
    49
  ],
  "pg": [
    5.5376621461854265,
    0.04507349955338209,
    0.045073499553650385,
    0.04507349955338209,
    0.045073499553650385,
    0.09024649955245741,
    0.3863450892848984,
    0.04676499956528528,
    0.0374285762798549,
    0.0374285762798549,
    0.0374285762798549,
    0.0374285762798549,
    0.0374285762798549,
    0.0374285762798549,
    0.0,
    0.023879999544086213,
    0.17909999954291364,
    0.17909999954245862,
    0.03183999952160293,
    0.04974999952216942,
    0.06268499952201348,
    0.17909999956167622,
    0.3019298038804524,
    0.6914013852173675,
    0.006252984104033038,
    0.5962666984917219,
    0.007940391766357281,
    0.007940391766357281,
    0.007940391766357281,
    0.027252108286790543,
    0.027252108286790543,
    0.4126969508661805,
    0.000329662600243434,
    0.004714989165210102,
    0.004714989165210102,
    0.004714989165210102,
    0.004714989165210102,
    1.3790699995096767,
    0.11939999951803282,
    0.2586999995162474,
    0.09352999951799285,
    0.09352999951840468,
    0.09352999951796187,
    0.09352999951801381,
    0.0935299995179824,
    0.1741249995690549,
    0.0,
    0.6716249995047139,
    0.6716249995047139
  ],
  "qg": [
    -0.4383562213307016,
    0.005315664333751103,
    0.0061745744836620275,
    0.0054615513746793095,
    0.006130303858913147,
    0.009730951728874681,
    -0.19171785859787452,
    -0.005699929233091547,
    -0.034099927006362656,
    -0.034099928807258754,
    -0.03409992674125032,
    -0.034099929596567206,
    -0.03409992956876797,
    -0.03409992652868404,
    0.0020214702043227705,
    0.002063999071177158,
    0.014201197873698048,
    0.015075666372453384,
    -0.0035997959666290063,
    -0.005499827406039829,
    -0.006999827517363088,
    -0.021999951287226528,
    0.0368822160729739,
    0.08946001289901635,
    0.0035920643977380554,
    0.26194424131500627,
    0.0435009821085646,
    0.13213539250528095,
    0.19512715307959078,
    0.23434976195953935,
    0.23405937348445063,
    0.014602644001641019,
    -0.006577467007751382,
    -0.09374360882278389,
    -0.04799986975860058,
    -0.09375616788379959,
    -0.09375717289778543,
    0.17028578413423864,
    -0.013299975029745443,
    -0.028899974801596246,
    -0.010399974848777962,
    -0.010399975044933021,
    -0.010399974803507543,
    -0.010399974852693235,
    -0.01039997484686964,
    0.008563290209615111,
    0.0017072305230046185,
    -2.825470326898164e-05,
    0.05117171349394295
  ],
  "pd": [
    0.06430438063682908,
    0.01475909616512191,
    0.06919795706443883,
    0.2066882983312677,
    0.3716505855573648,
    0.0026383517038536513,
    0.02197755676741457,
    0.38972721307287694,
    0.006217105995219494,
    0.006696014720341445,
    0.009856812306146314,
    0.040106428871121834,
    0.012286185657219477,
    0.02087171298395116,
    0.011781154637999967,
    0.02031443737653653,
    0.5144872896828278,
    0.004466912290682914,
    0.05606715056473155,
    0.18078369001785316,
    0.031102944838829184,
    0.2595424067219993,
    0.008925117149999976,
    0.055562119545512045,
    0.01780669714317068,
    0.3337993814099991,
    0.009290829267365828,
    0.0831385546811705,
    0.01816370182917068,
    0.008272059797560951,
    0.027855072939365774,
    0.05518769999678034,
    0.013444274028878012,
    0.01586493994858532,
    0.003883514389170721,
    0.019304375338097507,
    0.0065654032498536396,
    0.0048239169766829135,
    0.024546249020341394,
    0.008690016503121926,
    0.012112037029902406,
    0.01603908857590239,
    0.008454915856243878,
    0.032739941935609654,
    0.020401511690195065,
    0.01265189777458533,
    0.17898125172512144,
    0.07439629358985345,
    0.11199498222760945,
    0.02892608699736577,
    0.01914764157351214,
    0.021428988591365793,
    0.16336011985478002,
    0.03132933805434137,
    0.005154799368585351,
    0.007697369327414613,
    0.047829920492634015,
    0.018346557887853606,
    0.007793151072439002,
    0.019513353690877994,
    0.03267028248468283,
    0.04209172322253645,
    0.07182760133692663,
    0.4296246635912184,
    0.07467493139356077,
    0.019879065808243845,
    0.019243423318536533,
    0.4334211036667305,
    0.018303020731024338,
    0.008359134111219487,
    0.012886998421463378,
    0.006356424897073153,
    0.006870163347658519,
    0.025747874548829194,
    0.00733165721004876,
    0.006269350583414616,
    0.050215756686877916,
    0.10593460999697532,
    0.3255708587692674,
    0.004519156878878036,
    0.01791989375092678,
    0.45766259258926706,
    0.004614938623902426,
    0.03913119655814623,
    0.038269160852926726,
    0.013740326695317034,
    0.031163896858390158,
    0.09454528977043876,
    0.07675600748999978,
    0.29674055351692596,
    0.034281157287365756,
    0.007584172719658516,
    0.1452660774765362,
    0.015655961595804832,
    0.005346362858634131,
    0.001689241684975605,
    0.1273897208824387,
    0.6725968284239981,
    0.03831269800975599,
    0.2634346285425358,
    0.01320046595063411,
    0.013435566597512157,
    0.20810760964390185,
    0.010100620384390215,
    0.018224653848731655,
    0.049466917589414496,
    0.010100620384390215,
    0.07149671894502418,
    0.01239067483360972,
    0.32444760012307233,
    0.23314147482073103,
    0.07883708358643882,
    0.013087269342878011,
    0.13967590653965814,
    0.27883807462873095,
    0.12848685723453623,
    0.07806212219487782,
    0.012085914735804844,
    0.01259965318639021,
    0.398826478850194,
    0.03611842530556088,
    0.03303599460204869,
    0.009386611012390217,
    0.019870358376877992,
    0.017554181633560928,
    0.008785798248146317,
    0.0670646363798047,
    0.01341815173478045,
    0.010675310854536555,
    0.018503291652438972,
    0.04513061676921939,
    0.16553697769624343,
    0.012233941069024356,
    0.026662154842243827,
    0.05938468191512178,
    0.20556503968507261,
    0.0674390559285364,
    0.012521286304097526,
    0.40527868549229157,
    0.004702012937560962,
    0.008202400346634123,
    0.08019544287951198,
    0.016526704732390197,
    0.009839397443414605,
    0.0675870822617559,
    0.018320435593756047,
    0.14618906520131666,
    0.006373839759804861,
    0.02235197631614628,
    0.0028125003311707236,
    0.03139029007390235,
    0.45923863766648654,
    0.1914590008723897,
    0.3271817335719503,
    0.046785028728731574,
    0.01954818341634141,
    0.017501937045365804,
    0.006173568838390226,
    0.008280767228926806,
    0.06689919518385347
  ],