{
  "hour": 19,
  "dispatch": 0,
  "load": 0.8973204182383111,
  "wind": 0.4939436412379967,
  "solar": 0.035235554519465556,
  "gen": [
    47,
    1,
    2,
    3,
    4,
    5,
    6,
    7,
    8,
    9,
    10,
    11,
    12,
    13,
    14,
    15,
    16,
    17,
    18,
    19,
    20,
    21,
    22,
    23,
    24,
    25,
    26,
    27,
    28,
    29,
    30,
    31,
    32,
    33,
    34,
    35,
    36,
    37,
    38,
    39,
    40,
    41,
    42,
    43,
    44,
    45,
    46,
    48,
    49
  ],
  "pg": [
    5.5859658681226,
    0.0450734993047237,
    0.04507349930514075,
    0.04507349930472371,
    0.04507349930514075,
    0.09024649930328588,
    0.4272612496708671,
    0.046764999323993674,
    0.04139247713574414,
    0.04139247713574414,
    0.04139247713574414,
    0.04139247713574414,
    0.04139247713574414,
    0.04139247713574414,
    0.0,
    0.02387999929129622,
    0.17909999928947434,
    0.17909999928876888,
    0.031839999255972015,
    0.049749999256859016,
    0.06268499925661698,
    0.17909999931843987,
    0.33390590147688576,
    0.7646247566364189,
    0.006915210977331954,
    0.6594147610527256,
    0.01374891337349546,
    0.01374891337349546,
    0.01374891337349546,
    0.047187454612468274,
    0.047187454612468274,
    0.456403924503909,
    0.000570815983215342,
    0.00816407798216017,
    0.00816407798216017,
    0.00816407798216017,
    0.00816407798216017,
    1.3790699992385285,
    0.11939999925053783,
    0.2586999992477767,
    0.09352999925048013,
    0.0935299992511168,
    0.0935299992504341,
    0.09352999925051299,
    0.0935299992504637,
    0.1741249993306266,
    0.0,
    0.6716249992295302,
    0.6716249992295303
  ],
  "qg": [
    -0.41866137324440034,
    0.00575835346178143,
    0.006728313122782752,
    0.005904269855460334,
    0.006683986278952526,
    0.010294342632082896,
    -0.18641308688349426,
    -0.005699887453040922,
    -0.03409988377946937,
    -0.03409988675609585,
    -0.03409988336326618,
    -0.034099888043584346,
    -0.03409988799972073,
    -0.034099883030003,
    0.0021970606303262845,
    0.00214601344769569,
    0.014981163460868299,
    0.0156917041020026,
    -0.003599666393517094,
    -0.005499720502403804,
    -0.006999720727069212,
    -0.021999923196116752,
    0.04299586122092209,
    0.10481522339413081,
    0.0035871059395805025,
    0.2834552397286383,
    0.04605888954971622,
    0.13990171501586685,
    0.206562848622137,
    0.2511782706888662,
    0.2508387988095987,
    0.02511874193048666,
    -0.006510037119771705,
    -0.09101027664999158,
    -0.042373943621705906,
    -0.09110868896738672,
    -0.09111641676631585,
    0.17563260748693824,
    -0.013299961491910657,
    -0.028899961150168775,
    -0.010399961216567732,
    -0.010399961515261076,
    -0.010399961148287305,
    -0.01039996122267135,
    -0.010399961213592164,
    0.010192438805857603,
    0.0055776704534431475,
    0.002513528591495041,
    0.05360609550353854
  ],
  "pd": [
    0.06626711288689928,
    0.015209581089139373,
    0.07131005363739858,
    0.2129969476772279,
    0.38299430091247594,
    0.002718880867262083,
    0.02264836735633497,
    0.4016226727951033,
    0.006406867786221541,
    0.006900394016252612,
    0.010157667134457682,
    0.041330578464056605,
    0.012661191101342568,
    0.021508770425172317,
    0.01214074525876435,
    0.020934485357499796,
    0.5301907423202884,
    0.004603253745562536,
    0.057778461730364855,
    0.18630166523463815,
    0.03205228533947247,
    0.26746429706429337,
    0.009197534286942689,
    0.05725801588778664,
    0.01835020255297346,
    0.34398778233165656,
    0.00957440886260278,
    0.08567615353339395,
    0.018718103924451168,
    0.008524543973263955,
    0.02870528017944357,
    0.05687216810794416,
    0.013854627257599525,
    0.01634917802030203,
    0.004002049065342868,
    0.019893593672343356,
    0.006765795953516866,
    0.004971155117040244,
    0.02529546259013799,
    0.008955257774018344,
    0.012481727017694908,
    0.01652864210394969,
    0.008712981261094,
    0.033739247725760486,
    0.021024217399323628,
    0.01303806567700266,
    0.18444421196888486,
    0.0766670565342813,
    0.11541335219381159,
    0.029808984293876694,
    0.01973207599706046,
    0.022083055492844835,
    0.16834628366568954,
    0.03228558864821443,
    0.005312136875970801,
    0.00793231249722667,
    0.04928981057383044,
    0.018906541212281212,
    0.008031017743232885,
    0.020108950572720552,
    0.03366746209230143,
    0.043376469017639946,
    0.07401996130047829,
    0.4427378943587828,
    0.07695419906811757,
    0.020485825148380644,
    0.019830781243066677,
    0.4466502113823017,
    0.0188616751913693,
    0.008614276015087786,
    0.013280342189927005,
    0.006550439053139671,
    0.007079858099900276,
    0.02653376476730686,
    0.00755543792156658,
    0.00646070701131584,
    0.051748468519803414,
    0.10916800208287293,
    0.3355081043793045,
    0.004657092970656835,
    0.018466854207344445,
    0.4716316118260564,
    0.004755798216663049,
    0.0403255795956297,
    0.039437232381573775,
    0.014159716199800549,
    0.03211509776874916,
    0.09743105101231582,
    0.07909879486770711,
    0.305797825331434,
    0.03532750486604231,
    0.00781566084285569,
    0.14969996537469746,
    0.016133821119924834,
    0.00550954736798323,
    0.0017408016113823236,
    0.13127797718826492,
    0.693126183864001,
    0.039482098402485684,
    0.27147531933381863,
    0.013603377540492796,
    0.01384565405341714,
    0.21445957995895634,
    0.010408916851564408,
    0.01878091635372785,
    0.050976772960118454,
    0.010408916851564408,
    0.07367897954154773,
    0.012768869551531167,
    0.33435056103977717,
    0.2402575419833078,
    0.08124339066729669,
    0.013486725886121816,
    0.14393916828960748,
    0.2873489175324544,
    0.13240860091524517,
    0.08044477549506458,
    0.012454807405147757,
    0.012984226451908361,
    0.41099967116569364,
    0.03722085094852515,
    0.03404433666796153,
    0.009673114108608993,
    0.02047685194419826,
    0.018089979631684353,
    0.009053963020024558,
    0.06911161861271473,
    0.013827707645052374,
    0.011001148327601695,
    0.01906805888756411,
    0.04650811727729166,
    0.17058958471128532,
    0.012607351876248271,
    0.027475951206457086,
    0.061197252523852816,
    0.2118394043377005,
    0.0694974663925572,
    0.012903467614266913,
    0.41764881546483956,
    0.00484553025848688,
    0.00845275833980489,
    0.08264321051974846,
    0.017031141538163146,
    0.010139720726092915,
    0.0696500108636577,
    0.018879621599734064,
    0.15065112501803007,
    0.0065683854615044375,
    0.023034215136177445,
    0.002898344950909745,
    0.03234840107749112,
    0.4732557617830677,
    0.19730281356223983,
    0.3371681471530454,
    0.048213026071944456,
    0.020144843389450086,
    0.018036140406590052,
    0.0063620017653096255,
    0.008533517177446338,
    0.06894112773324944
  ],