{
  "hour": 19,
  "dispatch": 2,
  "load": 0.8562382436547177,
  "wind": 0.4007117279147922,
  "solar": 0.009243951311448888,
  "gen": [
    47,
    1,
    2,
    3,
    4,
    5,
    6,
    7,
    8,
    9,
    10,
    11,
    12,
    13,
    14,
    15,
    16,
    17,
    18,
    19,
    20,
    21,
    22,
    23,
    24,
    25,
    26,
    27,
    28,
    29,
    30,
    31,
    32,
    33,
    34,
    35,
    36,
    37,
    38,
    39,
    40,
    41,
    42,
    43,
    44,
    45,
    46,
    48,
    49
  ],
  "pg": [
    5.646833881021951,
    0.0450734995757006,
    0.04507349957595594,
    0.0450734995757006,
    0.04507349957595594,
    0.09024649957482107,
    0.3466156446462952,
    0.046764999586551,
    0.03357964279925959,
    0.03357964279925959,
    0.03357964279925959,
    0.03357964279925959,
    0.03357964279925959,
    0.03357964279925959,
    0.0,
    0.023879999566457467,
    0.179099999565344,
    0.17909999956491082,
    0.031839999544863634,
    0.04974999954540136,
    0.06268499954525296,
    0.17909999958305034,
    0.2708811280703995,
    0.6203017548120984,
    0.005609964190807091,
    0.5349501567662476,
    0.003606989801727356,
    0.003606989801727356,
    0.003606989801727356,
    0.01237949959629235,
    0.01237949959629235,
    0.370257636593268,
    0.000149752011245472,
    0.0021418235188627073,
    0.0021418235188627073,
    0.0021418235188627073,
    0.0021418235188627073,
    1.3790699995333187,
    0.11939999954150281,
    0.25869999953981465,
    0.09352999954146803,
    0.09352999954185717,
    0.09352999954144008,
    0.09352999954148816,
    0.09352999954145796,
    0.1741249995898228,
    0.0,
    0.6716249995290788,
    0.6716249995290788
  ],
  "qg": [
    -0.426665496307205,
    0.005014637856375593,
    0.005797472594608142,
    0.0051606763633000145,
    0.005753186240445934,
    0.009351181707090017,
    -0.19907374284279647,
    -0.0056999347170804985,
    -0.03409993276565709,
    -0.03409993434541867,
    -0.034099932518403576,
    -0.034099935049160764,
    -0.03409993502334689,
    -0.03409993231994894,
    0.0019276988623868473,
    0.0020202033760489306,
    0.01378443774986071,
    0.014746579078714095,
    -0.0035998089588811562,
    -0.005499837953463818,
    -0.0069998380527532475,
    -0.021999954587460138,
    0.03535356454264948,
    0.08429911108407513,
    0.0035898011817889113,
    0.2521685893526031,
    0.042193642285709834,
    0.1281647948248259,
    0.18927889097581643,
    0.22650356713710765,
    0.22623460899751413,
    0.008164648085414028,
    -0.006587848011470052,
    -0.09405009954770648,
    -0.05231292920723298,
    -0.09405330869093662,
    -0.09405357006022694,
    0.16685104754604033,
    -0.013299976474314355,
    -0.028899976266443073,
    -0.010399976306898429,
    -0.010399976488772769,
    -0.010399976265428091,
    -0.01039997631064472,
    -0.010399976305071725,
    0.007541129614245179,
    -0.0007184885147259506,
    -0.0020125976644488454,
    0.04926732695100381
  ],
  "pd": [
    0.0632331942939009,
    0.014513238229947465,
    0.06804525322324041,
    0.20324527189632033,
    0.36545960715670656,
    0.0025944018782737945,
    0.021611453269845073,
    0.38323511309497854,
    0.006113541059694684,
    0.006584472093704778,
    0.009692616918171405,
    0.039438333502736296,
    0.012081521617968065,
    0.020524030700403584,
    0.011584903436648331,
    0.019976038224464563,
    0.5059169286458265,
    0.004392502189948702,
    0.05513318050892727,
    0.1777721841475925,
    0.030584830063346516,
    0.2552189332861617,
    0.008776441997460856,
    0.05463656232760754,
    0.017510072082738977,
    0.32823893070503607,
    0.009136062059795839,
    0.08175362750415244,
    0.01786112976263741,
    0.008134263314719817,
    0.027391061414514417,
    0.05426837988283601,
    0.013220318482028842,
    0.015600660799388957,
    0.0038188225667000414,
    0.01898280186182509,
    0.006456036357156571,
    0.004743559869847137,
    0.02413735608862649,
    0.008545257671674081,
    0.011910273969237124,
    0.0157719084481199,
    0.008314073345887308,
    0.032194557961417375,
    0.020061662048830035,
    0.012441141680303048,
    0.17599977098322722,
    0.07315699553785908,
    0.11012936289886979,
    0.02844423445420972,
    0.01882867897796724,
    0.021072023176342602,
    0.1606388568920616,
    0.03080745200669674,
    0.0050689304024359285,
    0.007569146073907705,
    0.04703316672395365,
    0.0180409397938049,
    0.007663332280709723,
    0.019188299040302222,
    0.032126058901925006,
    0.04139055669826904,
    0.07063109271907766,
    0.4224679494192378,
    0.0734309917758286,
    0.019547919102637205,
    0.018922865184769263,
    0.42620114816157223,
    0.017998127881622167,
    0.008219887139085289,
    0.012672326006089822,
    0.006250539178679439,
    0.0067557197424357235,
    0.02531896486487,
    0.007209526011572723,
    0.006164915354313967,
    0.04937925951156758,
    0.10416994472303295,
    0.3201474793024989,
    0.004443876484567985,
    0.017621383054414092,
    0.45003882086491964,
    0.004538062691370004,
    0.03847934666984301,
    0.03763167080862485,
    0.013511439484871443,
    0.030644766740402347,
    0.09297034849602924,
    0.07547740117816336,
    0.2917974310550912,
    0.03371009965268624,
    0.007457835102232592,
    0.14284622618891654,
    0.015395163620911824,
    0.005257302816039967,
    0.0016611021926901525,
    0.12526765504668522,
    0.6613926689286501,
    0.037674482720807576,
    0.2590463182352983,
    0.01298057177380552,
    0.013211756099592293,
    0.2046409402334775,
    0.009932363626394724,
    0.017921066439693243,
    0.048642894622024514,
    0.009932363626394724,
    0.07030572218648887,
    0.012184270207206633,
    0.31904293196818445,
    0.22925778973855065,
    0.07752381058049815,
    0.012869260802130406,
    0.13734917666465327,
    0.2741931727655503,
    0.12634651523369014,
    0.07676175854364543,
    0.011884586821927482,
    0.012389767385683766,
    0.39218280274117034,
    0.035516762346797695,
    0.03248567896425999,
    0.009230248266597857,
    0.019539356720200657,
    0.01726176299207911,
    0.008639443878476101,
    0.06594746952628636,
    0.0131946313347192,
    0.01049748086720684,
    0.01819506267766275,
    0.04437882816862402,
    0.16277945250119838,
    0.012030147323348783,
    0.026218015020707457,
    0.05839544821725174,
    0.20214072456200577,
    0.06631565197105789,
    0.01231270594375484,
    0.3985275281266518,
    0.004623686515735476,
    0.00806576425522744,
    0.07885954224059952,
    0.016251401864566542,
    0.009675492153298309,
    0.06646121247247919,
    0.01801525264649526,
    0.14375383872719055,
    0.0062676639435525336,
    0.021979635714616603,
    0.002765649527004738,
    0.03086738868375257,
    0.4515886120859347,
    0.1882696650147993,
    0.32173152005326017,
    0.04600568083156798,
    0.019222548570048414,
    0.017210388697459826,
    0.006070729147511948,
    0.008142825697156365,
    0.06578478425999196
  ],