{
  "hour": 1,
  "dispatch": 2,
  "load": 0.8082315154196711,
  "wind": 0.6224388853397543,
  "solar": 0.0005207909389777778,
  "gen": [
    47,
    1,
    2,
    3,
    4,
    5,
    6,
    7,
    8,
    9,
    10,
    11,
    12,
    13,
    14,
    15,
    16,
    17,
    18,
    19,
    20,
    21,
    22,
    23,
    24,
    25,
    26,
    27,
    28,
    29,
    30,
    31,
    32,
    33,
    34,
    35,
    36,
    37,
    38,
    39,
    40,
    41,
    42,
    43,
    44,
    45,
    46,
    48,
    49
  ],
  "pg": [
    3.6401684999013226,
    0.04507349898596898,
    0.04507349898657655,
    0.04507349898596899,
    0.045073498986576546,
    0.09024649898386752,
    0.5384096358188875,
    0.04676499901768502,
    0.05216037859147142,
    0.05216037859147142,
    0.05216037859147142,
    0.05216037859147142,
    0.05216037859147142,
    0.05216037859147142,
    0.0,
    0.023879998965552214,
    0.1790999989628462,
    0.17909999896179785,
    0.03183999892513513,
    0.049749998926217336,
    0.062684998925855,
    0.17909999901107138,
    0.4207686864896739,
    0.9635353945059397,
    0.00871414439475656,
    0.830955911928572,
    0.0002032126243891289,
    0.0002032126243891289,
    0.0002032126243891289,
    0.00069744322547904,
    0.00069744322547904,
    0.5751335300539331,
    8.43681321144e-06,
    0.00012066726056115112,
    0.00012066726056115112,
    0.00012066726056115112,
    0.00012066726056115112,
    1.3790699988895094,
    0.11939999891390475,
    0.25869999890961587,
    0.09352999891374233,
    0.09352999891473308,
    0.09352999891363685,
    0.09352999891378504,
    0.09352999891372099,
    0.17412499902605424,
    0.0,
    0.6716249988803764,
    0.6716249988803766
  ],
  "qg": [
    -0.46669955534739616,
    0.005122225423976401,
    0.005936383457293624,
    0.005266865776681997,
    0.005892512222869347,
    0.009460570986221483,
    -0.15141481844278284,
    -0.005699843672772623,
    -0.03409983881052627,
    -0.034099842766007964,
    -0.034099838249541825,
    -0.03409984448214612,
    -0.03409984442223846,
    -0.034099837802221776,
    0.0016246078580812032,
    0.0018832227678710095,
    0.012456443635125986,
    0.013714065381675945,
    -0.003599765349569357,
    -0.005499783977043263,
    -0.006999784017263985,
    -0.02199989243106661,
    -0.03168358227126841,
    -0.0497306941978912,
    0.002794357117308513,
    0.17163954408683307,
    0.03696857038533465,
    0.11225248394810111,
    0.16582067562040187,
    0.18345927152920602,
    0.1832814235906144,
    0.0008042328171307207,
    -0.0065962710699300035,
    -0.09419240390121977,
    -0.09293236914378923,
    -0.09419237694522402,
    -0.09419237525172175,
    0.14852767987439358,
    -0.01329993793918956,
    -0.028899937167474653,
    -0.010399937400338753,
    -0.010399937972489623,
    -0.01039993725365258,
    -0.010399937408397125,
    -0.010399937396432572,
    0.00043597909989669185,
    -0.0176697200325741,
    -0.010439318863224073,
    0.041110570625590516
  ],
  "pd": [
    0.05968789741374271,
    0.013699524186363424,
    0.06423015853040126,
    0.19184991481516733,
    0.344969375411424,
    0.0024489414917216036,
    0.020399763449192497,
    0.36174826167153634,
    0.005770773020096451,
    0.006215300353577271,
    0.009149180754550677,
    0.03722714360023005,
    0.011404146682571559,
    0.019373309424609516,
    0.01093537240362815,
    0.018856041254740927,
    0.47755167320086683,
    0.004146227674102913,
    0.052042027277872625,
    0.16780502723143212,
    0.028870029730790652,
    0.24090956780114137,
    0.008284373033051629,
    0.05157325299892922,
    0.016528334490332273,
    0.30983555143613095,
    0.00862383026952789,
    0.0771699450922702,
    0.01685970941165434,
    0.007678199396486875,
    0.025855326178275274,
    0.05122571344729876,
    0.012479094598079723,
    0.014725978210946407,
    0.0036047125587717332,
    0.017918492696854107,
    0.00609406562626432,
    0.004477602595424978,
    0.02278404641968053,
    0.008066150523888318,
    0.011242500379487624,
    0.014887624514030341,
    0.007847928014725006,
    0.030389504979779623,
    0.018936864406282894,
    0.01174360391904782,
    0.1661319879945134,
    0.0690553006774567,
    0.1039547375132781,
    0.026849450942241473,
    0.017773011024078567,
    0.019890577594478105,
    0.15163231460788448,
    0.029080169924799764,
    0.004784730571284453,
    0.007144766596309893,
    0.04439615714200254,
    0.017029438029892468,
    0.007233672063006056,
    0.018112468260554827,
    0.030324846458546058,
    0.03906991145538689,
    0.06667101770696868,
    0.3987814297080658,
    0.06931393476239099,
    0.01845192549703109,
    0.017861916490774732,
    0.4023053191152955,
    0.016989026454121488,
    0.007759022548028842,
    0.011961826428211133,
    0.005900090062563599,
    0.006376946656661206,
    0.023899405910959674,
    0.006805309359833631,
    0.005819266911021631,
    0.046610711494252444,
    0.0983294461659572,
    0.302197763615415,
    0.004194721565028093,
    0.016633404587336833,
    0.4248064845045792,
    0.004283627031724257,
    0.03632192430296002,
    0.035521775102694546,
    0.012753893313322408,
    0.02892660593687003,
    0.08775777794426788,
    0.071245608084244,
    0.2754372181398697,
    0.03182007476207245,
    0.007039696499305336,
    0.13483726371746374,
    0.014532002647245686,
    0.00496254150467678,
    0.001567969139914162,
    0.1182442707058979,
    0.6243103517707708,
    0.03556218667846552,
    0.24452236267506727,
    0.012252789773762214,
    0.012471012282925525,
    0.19316733218530138,
    0.009375485578868184,
    0.016916285617733718,
    0.045915632390991515,
    0.009375485578868184,
    0.0663638897311092,
    0.011501134464421919,
    0.30115514496052376,
    0.21640398825361692,
    0.07317728140609703,
    0.012147719676757656,
    0.12964841738846944,
    0.2588199781828413,
    0.11926264241532666,
    0.07245795535737351,
    0.011218253434025034,
    0.011695110028122641,
    0.37019428100767193,
    0.03352544325960796,
    0.03066430369502232,
    0.008712735736224053,
    0.018443843181876893,
    0.01629394735086057,
    0.008155055990584482,
    0.06224999131762307,
    0.012454847652617132,
    0.009908918379045168,
    0.01717491970266801,
    0.04189063944420155,
    0.15365289339643368,
    0.01135565279164638,
    0.02474804900215033,
    0.055121389351621565,
    0.19080729616027595,
    0.06259753086925353,
    0.01162236919173487,
    0.37618327653693173,
    0.004364450183266224,
    0.0076135408752533015,
    0.07443812257015171,
    0.015340234162665358,
    0.009133016124242282,
    0.06273493022687486,
    0.01700519108442988,
    0.1356939891238086,
    0.0059162546928719926,
    0.020747303000822954,
    0.0026105877948055375,
    0.029136746130879142,
    0.4262693835474888,
    0.17771394561047726,
    0.3036929919189414,
    0.04342627932349893,
    0.018144797521171617,
    0.01624545345993539,
    0.005730361444325468,
    0.007686281711641071,
    0.062096427329693324
  ],