{
  "hour": 1,
  "dispatch": 3,
  "load": 0.761129474669971,
  "wind": 0.4703828149755466,
  "solar": 0.0005059457461722223,
  "gen": [
    47,
    1,
    2,
    3,
    4,
    5,
    6,
    7,
    8,
    9,
    10,
    11,
    12,
    13,
    14,
    15,
    16,
    17,
    18,
    19,
    20,
    21,
    22,
    23,
    24,
    25,
    26,
    27,
    28,
    29,
    30,
    31,
    32,
    33,
    34,
    35,
    36,
    37,
    38,
    39,
    40,
    41,
    42,
    43,
    44,
    45,
    46,
    48,
    49
  ],
  "pg": [
    3.828354476488862,
    0.04507349545526893,
    0.04507349545800461,
    0.04507349545526937,
    0.04507349545800454,
    0.0902464954458377,
    0.4068811349538478,
    0.04676499558073178,
    0.03941807989495082,
    0.03941807989495082,
    0.03941807989495082,
    0.03941807989495082,
    0.03941807989495082,
    0.03941807989495082,
    0.0,
    0.023879995337298,
    0.1790999953251586,
    0.17909999532041257,
    0.03183999516076887,
    0.04974999516565814,
    0.06268499516403245,
    0.17909999554882927,
    0.3179787829234695,
    0.7281525975821462,
    0.006585359409657653,
    0.6279610579923547,
    0.00019742003015640113,
    0.00019742003015640113,
    0.00019742003015640113,
    0.00067756254327384,
    0.00067756254327384,
    0.4346337210374051,
    8.19632108799e-06,
    0.0001172276293881039,
    0.0001172276293881039,
    0.0001172276293881039,
    0.0001172276293881039,
    1.3790699949866718,
    0.11939999511171476,
    0.2586999950922666,
    0.0935299951109252,
    0.0935299951154257,
    0.09352999511042516,
    0.09352999511111403,
    0.09352999511083077,
    0.17412499560355202,
    0.0,
    0.6716249949668024,
    0.6716249949668051
  ],
  "qg": [
    -0.4666979309772674,
    0.004073235353483502,
    0.004622902644947791,
    0.004217906712550197,
    0.004579131874219396,
    0.00812934184120049,
    -0.17253626389990398,
    -0.00569930801142382,
    -0.03409928742578346,
    -0.034099305144937794,
    -0.03409928489527883,
    -0.034099312824329285,
    -0.03409931256935202,
    -0.0340992829015942,
    0.0013220431654109778,
    0.0017364492166409638,
    0.011048430079119551,
    0.012602240409305571,
    -0.003598930257591677,
    -0.0054990289600075105,
    -0.006999030593394406,
    -0.02199952339125918,
    -0.043993580382105366,
    -0.08430066167654876,
    0.002110951918269573,
    0.12454107408957907,
    0.03225998698119915,
    0.09791709371291599,
    0.14467754356966556,
    0.1486134062985972,
    0.14849637869231938,
    -0.027702147733156834,
    -0.006581557036814322,
    -0.09417137782786625,
    -0.0939477615067182,
    -0.09417120834407065,
    -0.09417119657740765,
    0.13220746923677848,
    -0.013299715784743212,
    -0.02889971209509158,
    -0.010399713181813406,
    -0.010399715903624708,
    -0.010399712468946345,
    -0.01039971321573989,
    -0.01039971316543495,
    -0.00599891633723772,
    -0.028911687070180204,
    -0.016553665024664755,
    0.03525722111644066
  ],
  "pd": [
    0.05620941170437736,
    0.012901144595656009,
    0.0604869593520226,
    0.18066930340241102,
    0.32486528237863704,
    0.0023062223082500125,
    0.01921090794067007,
    0.34066633027278564,
    0.005434464449143593,
    0.005853085660212077,
    0.008615985653264073,
    0.035057623603298865,
    0.010739536887593291,
    0.018244273507839207,
    0.010298081792284709,
    0.017757150644050423,
    0.44972096140349904,
    0.0039045942050569514,
    0.049009126873999435,
    0.1580257015309794,
    0.027187544835211366,
    0.22686986251487828,
    0.007801577115367203,
    0.048567671778690855,
    0.015565097757000908,
    0.2917789841147334,
    0.008121251494728591,
    0.07267264224148884,
    0.015877160841615594,
    0.007230730009364725,
    0.024348531894692372,
    0.04824038610458277,
    0.011751839088904353,
    0.013867779028486873,
    0.003394637457028071,
    0.01687424045343326,
    0.0057389162390115815,
    0.00421665728967164,
    0.021456239890946485,
    0.00759607215720631,
    0.010587310992659298,
    0.014020004923420867,
    0.007390567199045419,
    0.028618468247590904,
    0.01783326359151742,
    0.011059211266954678,
    0.15645016351841257,
    0.06503090231580233,
    0.09789647303205169,
    0.02528472114853644,
    0.016737237147992662,
    0.018731396371627986,
    0.14279550074283326,
    0.027385438498625556,
    0.004505886490046228,
    0.006728384556082544,
    0.041808842043621515,
    0.01603699803129629,
    0.006812108798296241,
    0.01705691152735405,
    0.02855757788961731,
    0.036792998805546394,
    0.06278557036552591,
    0.3755412828021638,
    0.06527446374769671,
    0.01737658590671544,
    0.016820961390206363,
    0.37885980731172475,
    0.01599894155756279,
    0.0073068429568317215,
    0.011264716225115571,
    0.005556245165090789,
    0.0060053115551460725,
    0.022506598565991045,
    0.0064087101767211566,
    0.005480132217623792,
    0.04389433680421724,
    0.09259901188834868,
    0.28458631057910216,
    0.00395026197353715,
    0.015664044588708004,
    0.40004965188653685,
    0.004033986215750847,
    0.0342051585916685,
    0.03345164041174523,
    0.012010623110292142,
    0.027240823898438266,
    0.08264343835966545,
    0.06709356319215794,
    0.2593853136727794,
    0.02996566741775676,
    0.006629437724375449,
    0.12697923025919128,
    0.01368510795456608,
    0.004673334974473622,
    0.0014765911808597438,
    0.11135324214421677,
    0.5879268514140724,
    0.033489696885478724,
    0.23027211126665303,
    0.011538722835996761,
    0.011744227794157652,
    0.18190994444612307,
    0.008829101906171664,
    0.015930439904842494,
    0.043239765456001056,
    0.008829101906171664,
    0.06249634116515133,
    0.010830872424553687,
    0.283604453556778,
    0.20379241684288474,
    0.06891266263661919,
    0.011439776004289665,
    0.12209277903181005,
    0.24373649167356484,
    0.11231226528230093,
    0.0682352574041629,
    0.010564477108419198,
    0.011013543498474481,
    0.34862013328308683,
    0.0315716506093104,
    0.028877252268978703,
    0.008204975736942288,
    0.01736897461196874,
    0.015344370209346618,
    0.0076797963994200075,
    0.058622192139081174,
    0.011729005204664253,
    0.009331447359453845,
    0.016174001336736885,
    0.0394493406721446,
    0.1446983244295082,
    0.010693869119113093,
    0.023305784514394516,
    0.05190903017249202,
    0.17968744638008677,
    0.05894947781318926,
    0.010945041845754185,
    0.3542601026903913,
    0.004110099163217844,
    0.007169839651391127,
    0.07010002461710435,
    0.01444623742923605,
    0.008600763063770672,
    0.05907886982388315,
    0.01601416414705619,
    0.12778602750234144,
    0.005571467754584188,
    0.019538193614778154,
    0.0024584482031840063,
    0.027438717561852455,
    0.40142729623568946,
    0.16735714889043324,
    0.2859944001072416,
    0.040895486674017545,
    0.017087356706340852,
    0.015298702440866417,
    0.0053964079754100945,
    0.007238341304111424,
    0.05847757753889387
  ],