{
  "hour": 20,
  "dispatch": 0,
  "load": 0.7832857719476611,
  "wind": 0.34431796490048555,
  "solar": 0.0007042745374122222,
  "gen": [
    47,
    1,
    2,
    3,
    4,
    5,
    6,
    7,
    8,
    9,
    10,
    11,
    12,
    13,
    14,
    15,
    16,
    17,
    18,
    19,
    20,
    21,
    22,
    23,
    24,
    25,
    26,
    27,
    28,
    29,
    30,
    31,
    32,
    33,
    34,
    35,
    36,
    37,
    38,
    39,
    40,
    41,
    42,
    43,
    44,
    45,
    46,
    48,
    49
  ],
  "pg": [
    4.9142782892345656,
    0.045073497953648456,
    0.04507349795488241,
    0.04507349795364849,
    0.0450734979548824,
    0.09024649794939965,
    0.29783503963892,
    0.046764998003492673,
    0.028853845458660696,
    0.028853845458660696,
    0.028853845458660696,
    0.028853845458660696,
    0.028853845458660696,
    0.028853845458660696,
    0.0,
    0.023879997898616848,
    0.17909999789319003,
    0.17909999789106712,
    0.03183999780659647,
    0.04974999780902535,
    0.06268499780830071,
    0.17909999798715673,
    0.2327589442727282,
    0.5330042096659516,
    0.004820451508606798,
    0.45966448314214825,
    0.00027480792449824913,
    0.00027480792449824913,
    0.00027480792449824913,
    0.0009431644605024479,
    0.0009431644605024479,
    0.3181497995680487,
    1.1409247506078e-05,
    0.0001631804103184119,
    0.0001631804103184119,
    0.0001631804103184119,
    0.0001631804103184119,
    1.3790699977367933,
    0.11939999778799086,
    0.25869999777948227,
    0.09352999778771381,
    0.09352999778968119,
    0.09352999778752684,
    0.09352999778780421,
    0.09352999778766863,
    0.17412499801296608,
    0.0,
    0.6716249977271299,
    0.6716249977271302
  ],
  "qg": [
    -0.4666975919305603,
    0.004052852046907922,
    0.004595381020377515,
    0.00419843584496208,
    0.004551320884848238,
    0.008118871128809406,
    -0.1950925650351881,
    -0.005699691301450621,
    -0.03409968259878565,
    -0.034099689865888114,
    -0.03409968142721706,
    -0.0340996931287463,
    -0.03409969300749836,
    -0.034099680487820715,
    0.0014489168236489726,
    0.0017976927049492791,
    0.011653033431952063,
    0.013069943344859778,
    -0.0035993445024449394,
    -0.0054994199558991985,
    -0.006999420527536897,
    -0.021999784377492025,
    -0.005673800456591286,
    -0.006545725722947818,
    0.00302720799741086,
    0.16907497001618382,
    0.03472171934749224,
    0.1054100231022063,
    0.15573060208888148,
    0.17001266814082186,
    0.16985996730213035,
    -0.021319583230419784,
    -0.006583753268442973,
    -0.09416536207878651,
    -0.08871547307756417,
    -0.09416538517615024,
    -0.09416538812264301,
    0.1472305406995093,
    -0.013299878274917985,
    -0.028899876926632286,
    -0.010399877276228344,
    -0.010399878337810252,
    -0.010399877012949062,
    -0.010399877293020821,
    -0.010399877268077421,
    0.00036900267876604576,
    -0.01777132003101297,
    -0.011507206846581191,
    0.04013874076106859
  ],
  "pd": [
    0.057845654258334774,
    0.013276693834512856,
    0.06224772029668063,
    0.1859285436872163,
    0.3343220331827007,
    0.0023733558890014135,
    0.019770132883958964,
    0.35058304580833416,
    0.0055926604117063,
    0.006023467586277514,
    0.008866794938447524,
    0.03607814265590927,
    0.011052162242181498,
    0.018775359953585438,
    0.010597856494451855,
    0.018274057059538933,
    0.46281223121299503,
    0.004018256010091502,
    0.050435770855709904,
    0.1626257919717734,
    0.027978967773970458,
    0.23347399004443936,
    0.008028679162463527,
    0.04998146510798026,
    0.01601819403632967,
    0.3002726006761359,
    0.008357659186681545,
    0.07478812550556269,
    0.016339341202828213,
    0.0074412148335027805,
    0.02505731184460568,
    0.049644652226042765,
    0.012093932318871889,
    0.014271466764886385,
    0.003493454542886569,
    0.017365445564079648,
    0.0059059747204853645,
    0.004339403176590043,
    0.02208082591120457,
    0.007817192004037658,
    0.010895505087791966,
    0.014428123919275917,
    0.007605704845611789,
    0.029451545025232048,
    0.0183523856367337,
    0.011381142266399516,
    0.16100439042384176,
    0.06692393635520817,
    0.10074621598790819,
    0.026020753344101304,
    0.017224454125129067,
    0.01927666284763194,
    0.1469522436751007,
    0.028182622074676845,
    0.004637051769930154,
    0.006924246224017325,
    0.043025887453085034,
    0.016503831214937217,
    0.007010407658931567,
    0.017553434149347086,
    0.029388882163476245,
    0.03786403421594993,
    0.06461324332796257,
    0.3864731998789761,
    0.06717458780223143,
    0.017882414173565103,
    0.017310615560043312,
    0.3898883258446678,
    0.016464666926339837,
    0.007519543410697546,
    0.011592629424825385,
    0.005717986135217927,
    0.006180124740667047,
    0.02316176027649234,
    0.006595266199799307,
    0.00563965755802316,
    0.045172090468221626,
    0.09529454701515246,
    0.29287055013123053,
    0.0040652531564083615,
    0.016120021186682865,
    0.41169500173569074,
    0.004151414591322604,
    0.03520086259132789,
    0.03442540967709971,
    0.012360249481334093,
    0.028033797778006794,
    0.08504916911807704,
    0.06904664079718632,
    0.2669359582220434,
    0.030837960841579422,
    0.006822419073664129,
    0.1306755653340283,
    0.014083478179618946,
    0.004809374639758639,
    0.0015195743975784627,
    0.11459470843594284,
    0.6050412616832513,
    0.03446457396569709,
    0.23697527744504537,
    0.011874612302726543,
    0.01208609946115241,
    0.187205299495491,
    0.00908611495459287,
    0.01639417120686455,
    0.04449846470434663,
    0.00908611495459287,
    0.06431559473462246,
    0.011146156534815217,
    0.29186011148541813,
    0.20972476543898627,
    0.07091869379214125,
    0.011772785152373347,
    0.12564687067812433,
    0.2508316027507995,
    0.11558164850859687,
    0.07022156945510781,
    0.010872006514633537,
    0.011334145120082656,
    0.35876838212518725,
    0.03249069382038899,
    0.029717862187694264,
    0.008443820621595786,
    0.017874581315845628,
    0.01579104116246485,
    0.007903353438951901,
    0.06032867015540887,
    0.012070433745713458,
    0.009603083564078326,
    0.0166448226538878,
    0.04059770156004728,
    0.14891045810496986,
    0.011005165095864638,
    0.023984210337037386,
    0.05342008964683049,
    0.18491810504140385,
    0.06066548303734636,
    0.011263649400607367,
    0.3645725296953194,
    0.00422974316851737,
    0.007378551971746967,
    0.0721406195963796,
    0.014866763951566608,
    0.008851129223008571,
    0.060798641618577454,
    0.01648033264177879,
    0.13150584825229283,
    0.005733651850656879,
    0.02010694576589646,
    0.002530013043390945,
    0.02823745207871318,
    0.413112748982916,
    0.17222887553585173,
    0.29431962880933366,
    0.04208594452674783,
    0.017584765580224992,
    0.015744044016147988,
    0.005553496123108918,
    0.007449047691222257,
    0.060179845858738805
  ],