{
  "hour": 20,
  "dispatch": 3,
  "load": 0.7864177295696744,
  "wind": 0.4586067056804066,
  "solar": 0.000484240929011111,
  "gen": [
    47,
    1,
    2,
    3,
    4,
    5,
    6,
    7,
    8,
    9,
    10,
    11,
    12,
    13,
    14,
    15,
    16,
    17,
    18,
    19,
    20,
    21,
    22,
    23,
    24,
    25,
    26,
    27,
    28,
    29,
    30,
    31,
    32,
    33,
    34,
    35,
    36,
    37,
    38,
    39,
    40,
    41,
    42,
    43,
    44,
    45,
    46,
    48,
    49
  ],
  "pg": [
    4.281780029647742,
    0.04507349892896863,
    0.045073498929612904,
    0.04507349892896863,
    0.045073498929612904,
    0.09024649892674548,
    0.3966948004135517,
    0.04676499895814426,
    0.03843124193601808,
    0.03843124193601808,
    0.03843124193601808,
    0.03843124193601808,
    0.03843124193601808,
    0.03843124193601808,
    0.0,
    0.023879998902679455,
    0.17909999889982575,
    0.17909999889871397,
    0.0318399988576327,
    0.04974999885883262,
    0.0626849988584508,
    0.17909999895030476,
    0.31001813303995485,
    0.7099231803932695,
    0.006420493879525693,
    0.6122399520833428,
    0.00018895081050013552,
    0.00018895081050013552,
    0.00018895081050013552,
    0.0006484954521316799,
    0.0006484954521316799,
    0.42375259604869575,
    7.844703049979998e-06,
    0.00011219862325187441,
    0.00011219862325187441,
    0.00011219862325187441,
    0.00011219862325187441,
    1.3790699988197914,
    0.11939999884684097,
    0.2586999988423246,
    0.09352999884667548,
    0.09352999884771986,
    0.09352999884656743,
    0.09352999884672128,
    0.09352999884665257,
    0.17412499896441347,
    0.0,
    0.6716249988133594,
    0.6716249988133594
  ],
  "qg": [
    -0.4666993445685749,
    0.00434655117843913,
    0.0049644358577434185,
    0.004491694131184615,
    0.004920482420815778,
    0.008483428584966536,
    -0.17777120826415163,
    -0.00569983758519538,
    -0.034099832822031335,
    -0.03409983672250253,
    -0.034099832214960206,
    -0.03409983845696703,
    -0.034099838393409264,
    -0.03409983172872435,
    0.0014742810397548795,
    0.0018119497430057398,
    0.01178276782112281,
    0.013178610425867878,
    -0.0035997181473637163,
    -0.005499743833013521,
    -0.006999743925265683,
    -0.02199988722146692,
    -0.024075931632601567,
    -0.04187433149311476,
    0.0028201094227348774,
    0.15725660377129214,
    0.03489419503103009,
    0.10593585099287398,
    0.15650573875867965,
    0.16942367032328015,
    0.16927169008785894,
    -0.017922718446717046,
    -0.006595780631957271,
    -0.09419163410569972,
    -0.09314207510823119,
    -0.09419161057481684,
    -0.09419160919122531,
    0.14506972676100754,
    -0.013299934746900926,
    -0.028899933959894465,
    -0.010399934189086963,
    -0.010399934781648655,
    -0.010399934038487902,
    -0.010399934197708995,
    -0.010399934184905826,
    -0.0006483252994651936,
    -0.020217335951536793,
    -0.012404449036759331,
    0.039255557130144496
  ],
  "pd": [
    0.05807694932872045,
    0.01332978051620598,
    0.06249661696890202,
    0.1866719764679536,
    0.3356588153349284,
    0.0023828457205961134,
    0.01984918349433858,
    0.35198484740079483,
    0.005615022589127475,
    0.006047552340390796,
    0.008902248698728714,
    0.036222400623979197,
    0.011096354164228104,
    0.018850432977785096,
    0.010640231881077695,
    0.0183471256308605,
    0.46466277969353775,
    0.004034322952692429,
    0.05063743760699133,
    0.1632760490132558,
    0.02809084130022877,
    0.23440753265283285,
    0.008060781728089163,
    0.050181315323840923,
    0.01608224256969984,
    0.3014732366305347,
    0.008391077174508425,
    0.0750871648193125,
    0.016404673838823408,
    0.0074709684309119066,
    0.025157503168933882,
    0.049843155700125964,
    0.012142289744555773,
    0.014328531032759467,
    0.003507423073880748,
    0.01743488106455968,
    0.005929589680955345,
    0.004356754221815996,
    0.02216911579656912,
    0.007848448941105349,
    0.010939070618314171,
    0.0144858145786734,
    0.007636116154121538,
    0.029569306631819746,
    0.01842576740381747,
    0.011426649610647368,
    0.16164816431304657,
    0.06719153081443298,
    0.10114904837725153,
    0.02612479697630458,
    0.017293325873237137,
    0.019353740324709687,
    0.1475398302445666,
    0.028295309909916883,
    0.004655592959052472,
    0.006951932729395922,
    0.043197925885262216,
    0.016569821562033037,
    0.007038438679648585,
    0.0176236213196564,
    0.02950639321345418,
    0.03801543304739805,
    0.06487159851220245,
    0.38801850776967745,
    0.06744318448789528,
    0.017953916766075665,
    0.017379831823489806,
    0.3914472890706011,
    0.016530500675554557,
    0.007549610203868873,
    0.01163898239763118,
    0.005740849425858623,
    0.0062048358863047316,
    0.023254372263375272,
    0.006621637282976658,
    0.005662207652901655,
    0.04535271046428313,
    0.09567558097944659,
    0.29404158908610123,
    0.00408150801646661,
    0.0161844768745439,
    0.4133411586618209,
    0.004168013966719274,
    0.035341612766861166,
    0.03456305921458719,
    0.012409671772609461,
    0.028145890541298648,
    0.08538923707667524,
    0.0693227228615668,
    0.2680032980600493,
    0.030961266013158083,
    0.006849698424551865,
    0.13119806982410878,
    0.014139790777662744,
    0.0048286048595578,
    0.0015256503953651683,
    0.11505291383604337,
    0.6074605110287993,
    0.03460238010106567,
    0.23792281990400926,
    0.011922092780276264,
    0.012134425567260075,
    0.18795383736715215,
    0.009122445663008223,
    0.016459723079893285,
    0.0446763912168532,
    0.009122445663008223,
    0.06457275977496596,
    0.011190724291776467,
    0.2930271102149565,
    0.2105633470922803,
    0.07120226123523833,
    0.011819858475432207,
    0.12614926800027146,
    0.2518345495400968,
    0.11604380017530115,
    0.0705023494559213,
    0.01091547808642708,
    0.011379464546873188,
    0.3602029126747979,
    0.032620607422550095,
    0.029836688659873448,
    0.008477583124761089,
    0.01794605258877997,
    0.015854181428124635,
    0.007934954891358014,
    0.06056989353145632,
    0.012118697212668682,
    0.009641481364524208,
    0.016711376753355583,
    0.04076003092359622,
    0.1495058745684908,
    0.011049169100453926,
    0.02408011087942343,
    0.05363368915665179,
    0.18565749759680875,
    0.06090805315517128,
    0.011308686951211918,
    0.36603026805090927,
    0.0042466557396762415,
    0.007408055012546332,
    0.07242907289336702,
    0.014926208507232419,
    0.00888652034413732,
    0.06104174416919812,
    0.016546229030145947,
    0.13203167261745263,
    0.005756577780450017,
    0.02018734311805354,
    0.002540129266510048,
    0.02835035915098676,
    0.414764574752342,
    0.17291753037778,
    0.29549646188580514,
    0.0422542246097786,
    0.01765507802883919,
    0.015806996364350456,
    0.005575701702648992,
    0.007478832608207603,
    0.06042047416283808
  ],