{
  "hour": 20,
  "dispatch": 2,
  "load": 0.7856608137228146,
  "wind": 0.36169712257048,
  "solar": 0.00048718109119333337,
  "gen": [
    47,
    1,
    2,
    3,
    4,
    5,
    6,
    7,
    8,
    9,
    10,
    11,
    12,
    13,
    14,
    15,
    16,
    17,
    18,
    19,
    20,
    21,
    22,
    23,
    24,
    25,
    26,
    27,
    28,
    29,
    30,
    31,
    32,
    33,
    34,
    35,
    36,
    37,
    38,
    39,
    40,
    41,
    42,
    43,
    44,
    45,
    46,
    48,
    49
  ],
  "pg": [
    4.8477319416590055,
    0.04507349803006868,
    0.045073498031256085,
    0.0450734980300687,
    0.04507349803125607,
    0.09024649802597909,
    0.3128680110234652,
    0.046764998078910394,
    0.03031021887140623,
    0.03031021887140623,
    0.03031021887140623,
    0.03031021887140623,
    0.03031021887140623,
    0.03031021887140623,
    0.0,
    0.023879997978062253,
    0.17909999797283732,
    0.17909999797079446,
    0.03183999788989961,
    0.04974999789222447,
    0.06268499789152658,
    0.17909999806334906,
    0.24450725485764443,
    0.559907145739103,
    0.00506375971598672,
    0.48286565863159076,
    0.0001900980617836387,
    0.0001900980617836387,
    0.0001900980617836387,
    0.000652432917326112,
    0.000652432917326112,
    0.3342081412551235,
    7.892333677332e-06,
    0.00011287985882949533,
    0.00011287985882949533,
    0.00011287985882949533,
    0.00011287985882949533,
    1.3790699978227705,
    0.11939999787178451,
    0.2586999978635851,
    0.09352999787151467,
    0.0935299978734105,
    0.09352999787133308,
    0.09352999787160143,
    0.09352999787147129,
    0.1741249980885463,
    0.0,
    0.6716249978128139,
    0.6716249978128139
  ],
  "qg": [
    -0.4666978867527633,
    0.004114458097464147,
    0.004672649791940616,
    0.004259980650839962,
    0.0046286032567873425,
    0.008196092039745473,
    -0.19292737204835536,
    -0.005699702212970662,
    -0.03409969376321835,
    -0.034099700807383435,
    -0.0340996926355788,
    -0.034099703963993734,
    -0.03409970384712417,
    -0.034099691731569286,
    0.001465454937820993,
    0.0018056998104851103,
    0.011728452118289805,
    0.013130237576430765,
    -0.0035993821895337745,
    -0.0054994515060948265,
    -0.006999452003452355,
    -0.021999792259654573,
    -0.007216329735465777,
    -0.009289821683059878,
    0.0030233160227533507,
    0.1694840656907552,
    0.034947707145738874,
    0.10609815051667602,
    0.1567454609046776,
    0.17149985243693341,
    0.17134447764091743,
    -0.020245453463548554,
    -0.006584639469784232,
    -0.09416733259885396,
    -0.088710532728111,
    -0.09416734904575728,
    -0.09416735140059192,
    0.1475622289005445,
    -0.013299882611011107,
    -0.02889988130111284,
    -0.01039988164445243,
    -0.010399882671787108,
    -0.01039988138911429,
    -0.010399881660587923,
    -0.010399881636621044,
    0.0004698322373941891,
    -0.01753420562611293,
    -0.011352502681585499,
    0.040284801606560124
  ],
  "pd": [
    0.05802105109342986,
    0.013316950792601707,
    0.06243646486655208,
    0.1864923073533845,
    0.3353357485131717,
    0.0023805522655801284,
    0.01983007893836384,
    0.35164606700605733,
    0.005609618209980896,
    0.006041731657528444,
    0.008893680411342262,
    0.036187537080072836,
    0.011085674081628914,
    0.01883228970493587,
    0.010629990809669683,
    0.018329466784153266,
    0.46421554839626217,
    0.004030439974398039,
    0.050588699795612035,
    0.16311889814513075,
    0.028063804266178938,
    0.23418191874635935,
    0.00805302334065885,
    0.050133016523652804,
    0.01606676364063156,
    0.301183072940641,
    0.008383000882422432,
    0.07501489449425433,
    0.01638888457425791,
    0.007463777730366739,
    0.02513328943099284,
    0.049795182373751995,
    0.012130602963880258,
    0.014314740026029681,
    0.0035040472292037534,
    0.0174181002402348,
    0.005923882535470022,
    0.004352560908024394,
    0.022147778338846142,
    0.00784089492095369,
    0.010928541918884352,
    0.014471872188774245,
    0.00762876650124853,
    0.029540846595977818,
    0.018408032865525545,
    0.011415651623392496,
    0.16149258026072455,
    0.06712685992447728,
    0.10105169386102843,
    0.0260996522318719,
    0.01727668129376469,
    0.019335112625718468,
    0.14739782526253725,
    0.028268076077746868,
    0.004651112017239062,
    0.006945241593309681,
    0.04315634849779421,
    0.016553873345139702,
    0.007031664282819191,
    0.017606658835528276,
    0.029477993730880003,
    0.03797884373536085,
    0.06480916052399498,
    0.38764504549083684,
    0.06737827138486858,
    0.017936636377291856,
    0.017363103983274203,
    0.3910705266386682,
    0.016514590304453562,
    0.00754234381173902,
    0.011627780043097656,
    0.0057353239401765465,
    0.006198863820273008,
    0.023231990261783627,
    0.006615264051546099,
    0.005656757858804265,
    0.045309059127394725,
    0.09558349459751762,
    0.2937585782509604,
    0.004077579623221408,
    0.016168899546415524,
    0.4129433236927114,
    0.0041640023127309175,
    0.03530759696870329,
    0.034529792763117705,
    0.012397727640546013,
    0.028118800523139538,
    0.0853070511540232,
    0.0692560007296661,
    0.26774534870859795,
    0.030931466236267212,
    0.0068431056875257155,
    0.13107179355337717,
    0.014126181430736207,
    0.004823957396258081,
    0.0015241819786222604,
    0.11494217704764778,
    0.6068758389520509,
    0.03456907580380384,
    0.2376938225837003,
    0.011910617936037869,
    0.012122746355743029,
    0.18777293447975268,
    0.009113665439184649,
    0.01644388083121851,
    0.0446333908275931,
    0.009113665439184649,
    0.0645106094147803,
    0.011179953379275652,
    0.292745075801258,
    0.2103606828742836,
    0.07113373007446364,
    0.011808482030253904,
    0.1260278511292767,
    0.25159216237845694,
    0.11593210967293852,
    0.07043449195025032,
    0.010904972094472666,
    0.011368511974569128,
    0.35985622250946075,
    0.03258921055322235,
    0.029807971272643587,
    0.008469423571931941,
    0.017928779769154628,
    0.015838922004651944,
    0.007927317610463199,
    0.06051159587293119,
    0.012107033139468574,
    0.009632201576241707,
    0.016695292291609813,
    0.040720799975253484,
    0.14936197729684428,
    0.011038534432805546,
    0.024056934116192585,
    0.05358206749589595,
    0.18547880490368207,
    0.060849430022831996,
    0.011297802501334074,
    0.36567796913914685,
    0.004242568394103199,
    0.0074009248652689135,
    0.07235936094387124,
    0.01491184224445902,
    0.008877967195067804,
    0.06098299236116486,
    0.01653030352072802,
    0.13190459401592336,
    0.005751037156451003,
    0.020167913088264648,
    0.002537684428324691,
    0.028323072334707464,
    0.41436536976554966,
    0.17275109972137248,
    0.29521205075634754,
    0.04221355552132683,
    0.01763808526807719,
    0.015791782355828572,
    0.005570335169294755,
    0.007471634338503967,
    0.060362320318323844
  ],