{
  "hour": 21,
  "dispatch": 3,
  "load": 0.7104828091355068,
  "wind": 0.2441901325109533,
  "solar": 0.0004697641788311111,
  "gen": [
    47,
    1,
    2,
    3,
    4,
    5,
    6,
    7,
    8,
    9,
    10,
    11,
    12,
    13,
    14,
    15,
    16,
    17,
    18,
    19,
    20,
    21,
    22,
    23,
    24,
    25,
    26,
    27,
    28,
    29,
    30,
    31,
    32,
    33,
    34,
    35,
    36,
    37,
    38,
    39,
    40,
    41,
    42,
    43,
    44,
    45,
    46,
    48,
    49
  ],
  "pg": [
    4.407163938758224,
    0.04507349371856848,
    0.04507349372237357,
    0.045073493718569606,
    0.04507349372237347,
    0.0902464937055078,
    0.21122446462197464,
    0.04676499385666318,
    0.020463133104417892,
    0.020463133104417892,
    0.020463133104417892,
    0.020463133104417892,
    0.020463133104417892,
    0.020463133104417892,
    0.0,
    0.023879993508385596,
    0.17909999349162153,
    0.17909999348499678,
    0.03183999325986536,
    0.04974999326686694,
    0.06268499326462032,
    0.17909999380689945,
    0.1650725295774044,
    0.3780063251269558,
    0.0034186618551533465,
    0.32599382690212264,
    0.00018330198257989955,
    0.00018330198257989955,
    0.00018330198257989955,
    0.0006291081882906239,
    0.0006291081882906239,
    0.22563168244012088,
    7.610179697064e-06,
    0.00010884436023516844,
    0.00010884436023516844,
    0.00010884436023516844,
    0.00010884436023516844,
    1.3790699930028238,
    0.11939999319754319,
    0.2586999931707039,
    0.09352999319648761,
    0.09352999320270387,
    0.09352999319581645,
    0.09352999319675331,
    0.09352999319635476,
    0.1741249938620088,
    0.0,
    0.6716249930109283,
    0.6716249930109349
  ],
  "qg": [
    -0.4666963819886646,
    0.0030174716361450566,
    0.0032998960042269305,
    0.003162801318625432,
    0.0032560194391490654,
    0.006798225540122494,
    -0.19851958600522426,
    -0.005699089635383248,
    -0.03409906643122333,
    -0.034099087855162885,
    -0.03409906306543821,
    -0.03409909737763192,
    -0.03409909704997467,
    -0.03409906042234002,
    0.0010004302112171049,
    0.0015785143246479915,
    0.00954103625618775,
    0.011407750351938665,
    -0.0035983793399986504,
    -0.005498562835315378,
    -0.006998567607065856,
    -0.02199936115264394,
    -0.04331335417712093,
    -0.0907080590843469,
    0.0017463996653443112,
    0.0908517653538139,
    0.02742550410370673,
    0.08320977252449896,
    0.12297626038598905,
    0.11486436341486633,
    0.11479438413010894,
    -0.051214783992533854,
    -0.006587705933941285,
    -0.09418407124698921,
    -0.09412837446537281,
    -0.09418399128056568,
    -0.09418398583933749,
    0.1135277972252002,
    -0.01329960876703785,
    -0.02889960386265697,
    -0.010399605194662568,
    -0.010399608904318493,
    -0.010399604229280152,
    -0.010399605241318227,
    -0.010399605172161683,
    -0.013741096306151803,
    -0.03176161517484403,
    -0.022517747534266986,
    0.029567997592403042
  ],
  "pd": [
    0.052469155454657176,
    0.01204268361484684,
    0.056462068841998725,
    0.16864730440449524,
    0.30324827259521697,
    0.0021527629116805855,
    0.01793258610258019,
    0.3179978957128701,
    0.005072847257227518,
    0.0054636128022520465,
    0.008042665399413937,
    0.03272483818878144,
    0.010024912436902,
    0.017030272934978097,
    0.009612832407603408,
    0.016575563937131374,
    0.4197958726058055,
    0.0036447768108651495,
    0.04574798808023528,
    0.14751044083271392,
    0.025378445942320305,
    0.2117736109190205,
    0.007282448793638945,
    0.045335908050936694,
    0.014529373446821113,
    0.27236358488209655,
    0.0075808515734758575,
    0.06783689861625818,
    0.014820671398566672,
    0.006749586686787314,
    0.02272834506424486,
    0.04503040044300842,
    0.010969854573052225,
    0.012944996782448934,
    0.0031687533287443606,
    0.015751403878534184,
    0.005357040380881721,
    0.0039360747626107076,
    0.020028510389529935,
    0.007090618435172357,
    0.0098828158750749,
    0.013087093344276034,
    0.0068987880767057705,
    0.026714153623495045,
    0.016646612218044924,
    0.010323315216738913,
    0.14603974141780343,
    0.0607036512125377,
    0.0913822989110089,
    0.023602238919481534,
    0.015623516972889794,
    0.01748498193282482,
    0.13329367982191243,
    0.02556317147269553,
    0.0042060582300822,
    0.00628066803275788,
    0.03902682070581339,
    0.014969872788485127,
    0.006358821141762785,
    0.015921919752726707,
    0.02665731499876421,
    0.03434473899361039,
    0.05860772692558796,
    0.3505522180274591,
    0.06093100571146106,
    0.01622032253256362,
    0.0157016700818947,
    0.3536499230752898,
    0.014934348648028353,
    0.006820634967700865,
    0.010515145575205501,
    0.0051865245066892,
    0.005605709364079149,
    0.021008976666136936,
    0.005982265252920968,
    0.005115476225775649,
    0.040973543602844685,
    0.08643733855942576,
    0.265649522335766,
    0.0036874057794132804,
    0.01462173621200873,
    0.3734297644816224,
    0.003765558888418186,
    0.031929097442549674,
    0.031225719461505524,
    0.011211418728158297,
    0.025428179738959788,
    0.07714422341593333,
    0.06262905962529491,
    0.24212543652528934,
    0.027971708195664902,
    0.006188305267570264,
    0.11852984704807659,
    0.01277448090825641,
    0.004362364448092011,
    0.001378336649722883,
    0.10394363497652465,
    0.5488053410886309,
    0.031261243601962294,
    0.2149494690758562,
    0.010770919386494283,
    0.010962749744960868,
    0.1698053913833861,
    0.008241600585971879,
    0.014870405195206157,
    0.04036252838698814,
    0.008241600585971879,
    0.05833774345811646,
    0.010110170373998261,
    0.26473299951198126,
    0.19023177214603193,
    0.06432711353912879,
    0.010678556621306666,
    0.11396854741342664,
    0.22751790996946333,
    0.10483884331603538,
    0.06369478383899818,
    0.009861501390800834,
    0.010280686248190783,
    0.3254224410683362,
    0.029470826922940823,
    0.02695571777860113,
    0.0076590046824807625,
    0.016213217704472264,
    0.014323333432171816,
    0.007168771544177263,
    0.05472138595961674,
    0.01094854008877816,
    0.008710519240001312,
    0.01509775969412952,
    0.036824323997493316,
    0.13506988684475119,
    0.00998228346835387,
    0.02175498361572922,
    0.04845492758304156,
    0.16773078158071045,
    0.055026893567545004,
    0.010216742795368588,
    0.3306871186840303,
    0.0038366071693317367,
    0.006692748062056474,
    0.06543546672138019,
    0.01348496371739192,
    0.008028455743231225,
    0.05514767564509803,
    0.014948558304211062,
    0.11928295882576023,
    0.00520073416287191,
    0.018238093710508458,
    0.002294859473507687,
    0.025612905269335018,
    0.3747157383661577,
    0.15622096007271521,
    0.26696391553266663,
    0.03817424133485078,
    0.015950339065092127,
    0.014280704463623686,
    0.005037323116770743,
    0.006756691514878669,
    0.054586394225880984
  ],