{
  "hour": 22,
  "dispatch": 2,
  "load": 0.7077012064874255,
  "wind": 0.33936538582339887,
  "solar": 0.00047734544471222224,
  "gen": [
    47,
    1,
    2,
    3,
    4,
    5,
    6,
    7,
    8,
    9,
    10,
    11,
    12,
    13,
    14,
    15,
    16,
    17,
    18,
    19,
    20,
    21,
    22,
    23,
    24,
    25,
    26,
    27,
    28,
    29,
    30,
    31,
    32,
    33,
    34,
    35,
    36,
    37,
    38,
    39,
    40,
    41,
    42,
    43,
    44,
    45,
    46,
    48,
    49
  ],
  "pg": [
    3.7982002136520325,
    0.045073493891948126,
    0.04507349389564233,
    0.045073493891949576,
    0.045073493895642185,
    0.09024649387924918,
    0.29355105873724,
    0.04676499404117121,
    0.02843881933200083,
    0.02843881933200083,
    0.02843881933200083,
    0.02843881933200083,
    0.02843881933200083,
    0.02843881933200083,
    0.0,
    0.023879993697345545,
    0.1790999936809884,
    0.17909999367453458,
    0.03183999347451984,
    0.049749993480957384,
    0.06268499347876058,
    0.17909999399648172,
    0.2294110008166176,
    0.5253376172546215,
    0.004751115401527584,
    0.4530527900742375,
    0.00018626019252670912,
    0.00018626019252670912,
    0.00018626019252670912,
    0.0006392610195586081,
    0.0006392610195586081,
    0.31357361650082055,
    7.732996204338e-06,
    0.00011060093953982188,
    0.00011060093953982188,
    0.00011060093953982188,
    0.00011060093953982188,
    1.3790699932146895,
    0.11939999340805282,
    0.2586999933815964,
    0.09352999340691132,
    0.09352999341303975,
    0.09352999340620188,
    0.09352999340716137,
    0.09352999340678628,
    0.1741249940512726,
    0.0,
    0.6716249932181801,
    0.6716249932181906
  ],
  "qg": [
    -0.46669750136901733,
    0.003128372824282386,
    0.0034402150704455265,
    0.003273107305323544,
    0.003396535842820702,
    0.0069296642129156516,
    -0.1861125217077454,
    -0.005699118008360168,
    -0.03409909720401579,
    -0.03409911775905806,
    -0.03409909398636874,
    -0.034099126895079664,
    -0.03409912657278869,
    -0.034099091441663974,
    0.0010017041423619464,
    0.001572900469661979,
    0.009478927751838827,
    0.01136397012880376,
    -0.0035986537694874445,
    -0.0054987752853734055,
    -0.00699877819587045,
    -0.021999383932271854,
    -0.06171620144458441,
    -0.12765800379610837,
    0.0013090359150011242,
    0.07378402993122367,
    0.02700575901538673,
    0.08193367051566064,
    0.12109259120587215,
    0.10988689064019516,
    0.10982272903178635,
    -0.052710075333473466,
    -0.006591266104659824,
    -0.09419003839780694,
    -0.09416528151078558,
    -0.09418999880051276,
    -0.09418999600236182,
    0.10556454361720367,
    -0.013299609906522302,
    -0.028899604610658425,
    -0.010399606157143429,
    -0.010399610031443155,
    -0.01039960512276338,
    -0.010399606199849767,
    -0.010399606136620878,
    -0.016520138058144618,
    -0.032058575472572445,
    -0.02395483329979536,
    0.02817228947965482
  ],
  "pd": [
    0.052263734099096376,
    0.011995535449961863,
    0.056241014879555705,
    0.16798703538392018,
    0.30206102895296294,
    0.0021443346556568993,
    0.01786237845174262,
    0.3167529059996419,
    0.005052986614320218,
    0.005442222277888302,
    0.008011177657437658,
    0.03259671757081082,
    0.009985664023537573,
    0.01696359791950359,
    0.009575197323774867,
    0.016510669147351636,
    0.4181523348651602,
    0.003630507189280493,
    0.04556888068572533,
    0.1469329244909193,
    0.025279087095730842,
    0.21094449861770692,
    0.0072539373664961115,
    0.045158413985962625,
    0.014472489672667852,
    0.2712972575069546,
    0.0075511718732208305,
    0.06757131119541938,
    0.014762647167327697,
    0.006723161461630542,
    0.02263936159553274,
    0.044854102467173036,
    0.010926906628165851,
    0.012894315982200893,
    0.003156347380933918,
    0.015689735747826224,
    0.0053360670969151884,
    0.0039206646839403374,
    0.019950097010880526,
    0.007062858040744506,
    0.009844123782240088,
    0.013035856223498378,
    0.006871778714992902,
    0.026609565363927192,
    0.01658143926800038,
    0.010282898530262293,
    0.1454679829934903,
    0.06046599108228564,
    0.09102452917841268,
    0.023509834079512276,
    0.015562349530658487,
    0.017416526691655543,
    0.1327718233491059,
    0.025463089409417567,
    0.004189591142405559,
    0.006256078665348842,
    0.03887402727235429,
    0.014911264420690054,
    0.006333925798062458,
    0.015859584037383204,
    0.026552949267408203,
    0.03421027632160214,
    0.058378272523147735,
    0.34917977528089583,
    0.06069245546836161,
    0.016156818544107925,
    0.015640196663372106,
    0.3522653525411809,
    0.014875879360365685,
    0.006793931582279284,
    0.010473977856013898,
    0.0051662188073582065,
    0.005583762519185788,
    0.02092672467583317,
    0.005958844158624123,
    0.005095448686709463,
    0.04081312857812984,
    0.08609892878126019,
    0.2646094811056484,
    0.0036729692616697387,
    0.014564490829511218,
    0.3719677541297909,
    0.003750816394383355,
    0.0318040922195449,
    0.031103468025122354,
    0.011167525038371574,
    0.02532862618018496,
    0.07684219700040466,
    0.062383861351866556,
    0.24117749415884973,
    0.027862196499409943,
    0.006164077508505477,
    0.11806579227829721,
    0.01272446769264391,
    0.004345285407832793,
    0.0013729403405856055,
    0.10353668650911037,
    0.546656719939147,
    0.03113885308544672,
    0.2141079230107057,
    0.01072875029034937,
    0.010919829616100975,
    0.1691405883504947,
    0.008209333995254135,
    0.014812186251781817,
    0.04020450554055064,
    0.008209333995254135,
    0.05810934606468251,
    0.010070588168316064,
    0.2636965465492797,
    0.18948699803700816,
    0.06407526723537152,
    0.010636749133506006,
    0.11352235053264792,
    0.22662715735346828,
    0.1044283900292845,
    0.0634454131615977,
    0.009822892746045466,
    0.010240436457873047,
    0.32414838360743553,
    0.02935544604509841,
    0.026850183774132924,
    0.007629019005934446,
    0.01614974153204305,
    0.0142672563227865,
    0.0071407051734581235,
    0.054507146923661515,
    0.010905675591971227,
    0.008676416791535836,
    0.015038650637857793,
    0.03668015353224326,
    0.13454107636532447,
    0.009943201951148329,
    0.02166981094264497,
    0.04826522228244242,
    0.16707410082755142,
    0.05481145844245111,
    0.01017674334928918,
    0.32939244954750735,
    0.0038215865150320978,
    0.006666545365111548,
    0.0651792811174919,
    0.013432168899131337,
    0.007997023633307909,
    0.05493176764755396,
    0.014890033384495432,
    0.11881595555717388,
    0.005180372831487955,
    0.018166689970532213,
    0.0022858748969543843,
    0.02551262849387169,
    0.3732486933135331,
    0.15560934128245513,
    0.2659187283376501,
    0.03802478582456937,
    0.015887892085642705,
    0.014224794250397252,
    0.005017601553995847,
    0.006730238473695417,
    0.0543726836944289
  ],