{
  "hour": 22,
  "dispatch": 1,
  "load": 0.7083247710355045,
  "wind": 0.31695051060494783,
  "solar": 0.00045954786864111117,
  "gen": [
    47,
    1,
    2,
    3,
    4,
    5,
    6,
    7,
    8,
    9,
    10,
    11,
    12,
    13,
    14,
    15,
    16,
    17,
    18,
    19,
    20,
    21,
    22,
    23,
    24,
    25,
    26,
    27,
    28,
    29,
    30,
    31,
    32,
    33,
    34,
    35,
    36,
    37,
    38,
    39,
    40,
    41,
    42,
    43,
    44,
    45,
    46,
    48,
    49
  ],
  "pg": [
    3.9410136710759747,
    0.04507349373147486,
    0.04507349373526745,
    0.04507349373147619,
    0.045073493735267325,
    0.0902464937184428,
    0.2741621916732799,
    0.046764993881014766,
    0.026560452788694632,
    0.026560452788694632,
    0.026560452788694632,
    0.026560452788694632,
    0.026560452788694632,
    0.026560452788694632,
    0.0,
    0.023879993529398926,
    0.1790999935126255,
    0.1790999935060049,
    0.03183999329618318,
    0.04974999330287548,
    0.06268499330062409,
    0.17909999383426062,
    0.21425854516894471,
    0.4906393904164592,
    0.00443730714846927,
    0.42312893165760534,
    0.00017931557834376157,
    0.00017931557834376157,
    0.00017931557834376157,
    0.000615426505684176,
    0.000615426505684176,
    0.2928622717989718,
    7.444675471985999e-06,
    0.00010647724116414546,
    0.00010647724116414546,
    0.00010647724116414546,
    0.00010647724116414546,
    1.3790699930318846,
    0.11939999322938653,
    0.2586999932023159,
    0.09352999322824056,
    0.09352999323451136,
    0.09352999322752527,
    0.09352999322849907,
    0.0935299932281113,
    0.17412499389018335,
    0.0,
    0.6716249930365414,
    0.6716249930365508
  ],
  "qg": [
    -0.4666972606175,
    0.003096837271015675,
    0.0034004202714532626,
    0.0032417044353482576,
    0.003356697789297956,
    0.006891636564312576,
    -0.18916229299515172,
    -0.005699095233091895,
    -0.03409907296495114,
    -0.03409909406061704,
    -0.03409906966965344,
    -0.03409910343288783,
    -0.03409910310479946,
    -0.03409906706812408,
    0.0009977161457252592,
    0.0015744124214116687,
    0.009495182365513449,
    0.011375735967673002,
    -0.0035985742687623325,
    -0.005498708187629518,
    -0.00699871131462213,
    -0.021999366745748077,
    -0.057750371697604115,
    -0.11983631373612277,
    0.0014065992680865412,
    0.0773121431295875,
    0.027100846238657276,
    0.08222272847956846,
    0.12151926886569807,
    0.11100274326710174,
    0.11093730939884683,
    -0.05265296692110887,
    -0.006590817959988337,
    -0.09418887467176194,
    -0.0941596847227451,
    -0.09418883298954447,
    -0.09418883010589173,
    0.10741817331066585,
    -0.01329960185971397,
    -0.02889959654823402,
    -0.010399598069594956,
    -0.010399601986897924,
    -0.010399597029192013,
    -0.01039959811390165,
    -0.010399598048291086,
    -0.01597393372855877,
    -0.032008952723368796,
    -0.02365706435920113,
    0.028462099442534222
  ],
  "pd": [
    0.052309784340972006,
    0.012006104869051801,
    0.056290569554191545,
    0.1681350509006977,
    0.302327178773374,
    0.002146224056237579,
    0.017878117220936133,
    0.3170320010200711,
    0.005057438865193502,
    0.00544701748926303,
    0.008018236408121911,
    0.03262543895389534,
    0.009994462519310968,
    0.016978544761721046,
    0.009583634152110377,
    0.01652521690825832,
    0.41852077421403816,
    0.0036337060754121383,
    0.045609032006976136,
    0.14706238896239143,
    0.025301360821388223,
    0.21113036450255282,
    0.007260328903113921,
    0.045198203639775544,
    0.014485241567676067,
    0.27153630097646064,
    0.007557825306948833,
    0.06763084913846996,
    0.014775654723800625,
    0.006729085324837293,
    0.022659309425425787,
    0.04489362398823028,
    0.01093653446478819,
    0.012905677328266892,
    0.0031591284788183506,
    0.015703560173857135,
    0.005340768773607704,
    0.003924119231536695,
    0.019967675295490872,
    0.007069081214934335,
    0.009852797565103868,
    0.013047342282473992,
    0.006877833526754749,
    0.02663301139093496,
    0.01659604938536187,
    0.01029195892314588,
    0.14559615668634796,
    0.0605192684372735,
    0.0911047320505866,
    0.02353054889379946,
    0.015576061715070744,
    0.017431872615183766,
    0.132888810293971,
    0.02548552526185745,
    0.004193282644530187,
    0.00626159097595386,
    0.038908279672980266,
    0.014924402925718078,
    0.006339506700767765,
    0.015873558118905656,
    0.026576345409252126,
    0.03424041943185628,
    0.058429710362718774,
    0.349487442028918,
    0.06074593236400487,
    0.016171054522740567,
    0.015653977439884652,
    0.3525757380306327,
    0.014888986687166305,
    0.006799917801940843,
    0.010483206611325468,
    0.005170770828559183,
    0.0055886824434701315,
    0.020945163479519868,
    0.005964094572118948,
    0.005099938351455632,
    0.040849089545617556,
    0.08617479164417949,
    0.26484263189017515,
    0.0036762055616742684,
    0.014577323787910684,
    0.37229549965626124,
    0.003754121286488174,
    0.031832115210335576,
    0.031130873687010424,
    0.01117736488694026,
    0.02535094355536071,
    0.07690990363903508,
    0.062438828566779715,
    0.24138999872118957,
    0.027886746235667816,
    0.006169508755719245,
    0.11816982155185322,
    0.01273567938321837,
    0.004349114094157998,
    0.0013741500558088788,
    0.10362791400249433,
    0.5471383861386652,
    0.031166289925562196,
    0.21429657622908152,
    0.010738203528898248,
    0.010929451217077835,
    0.16928962027748556,
    0.008216567344011851,
    0.01482523745777311,
    0.04023993024252701,
    0.008216567344011851,
    0.05816054694972528,
    0.010079461491835228,
    0.2639288929355394,
    0.18965395744475633,
    0.06413172476955459,
    0.010646121308663633,
    0.11362237652180528,
    0.22682684142869963,
    0.10452040321399904,
    0.06350131572333298,
    0.009831547821972802,
    0.01024945943688375,
    0.3244339948773921,
    0.02938131150255273,
    0.02687384181308704,
    0.007635741031762738,
    0.016163971275030213,
    0.014279827384075771,
    0.00714699693974824,
    0.05455517386515456,
    0.010915284721657124,
    0.008684061692895286,
    0.015051901384504471,
    0.0367124728827702,
    0.13465962222155975,
    0.00995196303304884,
    0.02168890448910715,
    0.04830774938462141,
    0.1672213119460619,
    0.054859753516699826,
    0.010185710207490555,
    0.32968268143076523,
    0.0038249537635917244,
    0.0066724193431544525,
    0.06523671141236997,
    0.013444004154253876,
    0.0080040699127012,
    0.054980168727775856,
    0.014903153182587014,
    0.11892064580915086,
    0.005184937323979893,
    0.0181826968724814,
    0.0022878890104446794,
    0.025535107995829937,
    0.37357756749183546,
    0.15574645065528672,
    0.2661530327165908,
    0.038058289947737654,
    0.015901891109747077,
    0.01423732789781364,
    0.005022022626641727,
    0.006736168572547647,
    0.054420592158657806
  ],