{
  "hour": 22,
  "dispatch": 0,
  "load": 0.7096090705122179,
  "wind": 0.2835409934552722,
  "solar": 0.0004300322576922223,
  "gen": [
    47,
    1,
    2,
    3,
    4,
    5,
    6,
    7,
    8,
    9,
    10,
    11,
    12,
    13,
    14,
    15,
    16,
    17,
    18,
    19,
    20,
    21,
    22,
    23,
    24,
    25,
    26,
    27,
    28,
    29,
    30,
    31,
    32,
    33,
    34,
    35,
    36,
    37,
    38,
    39,
    40,
    41,
    42,
    43,
    44,
    45,
    46,
    48,
    49
  ],
  "pg": [
    4.159503938618218,
    0.04507349496138456,
    0.04507349496443422,
    0.04507349496138521,
    0.04507349496443416,
    0.09024649495090227,
    0.24526295933881048,
    0.046764995077244256,
    0.023760735251551816,
    0.023760735251551816,
    0.023760735251551816,
    0.023760735251551816,
    0.023760735251551816,
    0.023760735251551816,
    0.0,
    0.023879994796255768,
    0.179099994782763,
    0.17909999477744423,
    0.03183999460315061,
    0.049749994608622575,
    0.06268499460681334,
    0.17909999503858376,
    0.19167371157576402,
    0.4389214578687614,
    0.003969573908373812,
    0.3785272262627884,
    0.00016779858695150512,
    0.00016779858695150512,
    0.00016779858695150512,
    0.000575899199501424,
    0.000575899199501424,
    0.26199187795267154,
    6.966522574614001e-06,
    9.963847410728789e-05,
    9.963847410728789e-05,
    9.963847410728789e-05,
    9.963847410728789e-05,
    1.379069994393697,
    0.11939999455118092,
    0.25869999452952197,
    0.0935299945502945,
    0.09352999455531079,
    0.09352999454973603,
    0.0935299945505047,
    0.0935299945501894,
    0.17412499508327112,
    0.0,
    0.67162499439862,
    0.6716249943986241
  ],
  "qg": [
    -0.4666975350482693,
    0.003060097590211602,
    0.0033540075188810154,
    0.0032053360630417793,
    0.0033101451102221834,
    0.006849220926766302,
    -0.1936034502596201,
    -0.0056992765132610765,
    -0.03409925826999649,
    -0.03409927478562624,
    -0.03409925556884256,
    -0.034099282213111176,
    -0.034099281944842526,
    -0.03409925343343982,
    0.0009891237162787153,
    0.001577234394933586,
    0.00953015731573315,
    0.011401740455275129,
    -0.003598800724892431,
    -0.00549891645469857,
    -0.00699891882364371,
    -0.021999491490308706,
    -0.05117880855902225,
    -0.10665415647384772,
    0.0015779088484573287,
    0.08352957030602123,
    0.027279559451349043,
    0.08276636186925494,
    0.12232174887801457,
    0.11299003271224156,
    0.11292213351205223,
    -0.052096068899710565,
    -0.0065923000436498395,
    -0.0941903834446026,
    -0.09416086720265832,
    -0.09419033089905007,
    -0.09419032722510254,
    0.11054710962144189,
    -0.013299682794866848,
    -0.028899678673890362,
    -0.010399679857600604,
    -0.010399682913684337,
    -0.010399679054851889,
    -0.01039967989468514,
    -0.010399679839722504,
    -0.014970169448540287,
    -0.032014266296022074,
    -0.023113778624465522,
    0.028992177868290166
  ],
  "pd": [
    0.052404629857327294,
    0.012027873745182093,
    0.05639263283360595,
    0.16843990506748516,
    0.30287534347602485,
    0.00215011548365202,
    0.01791053293972838,
    0.3176068277798585,
    0.005066608763457235,
    0.005456893752238955,
    0.008032774678198306,
    0.03268459378779275,
    0.010012583984927393,
    0.017009329420177865,
    0.009601010724030308,
    0.016555179615050042,
    0.419279615402849,
    0.0036402945317276776,
    0.04569172805028171,
    0.1473290352197467,
    0.025347235998696423,
    0.2115131756475768,
    0.007273492972750234,
    0.04528015478938463,
    0.014511505491974856,
    0.27202863718085873,
    0.007571528782365365,
    0.06775347405250656,
    0.014802445210884866,
    0.00674128616986607,
    0.02270039416568585,
    0.044975022889064374,
    0.010956364048708644,
    0.01292907726473261,
    0.003164856454484492,
    0.01573203309325587,
    0.005350452391662122,
    0.003931234250637687,
    0.02000387969773942,
    0.007081898523711934,
    0.009870662170824952,
    0.013070999078835053,
    0.006890304074673635,
    0.026681301051259383,
    0.016626140522101266,
    0.010310619794542526,
    0.1458601444437864,
    0.0606289989845639,
    0.09126991864928147,
    0.023573213322415878,
    0.01560430346056367,
    0.01746347922530568,
    0.1331297577187972,
    0.025531734357029597,
    0.0042008856974323295,
    0.006272944183328006,
    0.038978826243236134,
    0.01495146311569243,
    0.00635100118108435,
    0.0159023392701788,
    0.026624532325618414,
    0.034302502468560606,
    0.05853565222655286,
    0.3501211153907284,
    0.060856073887127805,
    0.016200375079793935,
    0.015682360458320017,
    0.35321501093816154,
    0.014915982662166821,
    0.0068122470769172916,
    0.010502214243580825,
    0.005180146214739191,
    0.0055988155663414,
    0.020983140215046284,
    0.005974908373712875,
    0.0051091853076879684,
    0.040923155096439616,
    0.08633103951851644,
    0.2653228314645183,
    0.003682871075958411,
    0.014603754671141445,
    0.3729705274612218,
    0.003760928073714755,
    0.031889831628819074,
    0.031187318649011978,
    0.011197631132682798,
    0.02539690863363228,
    0.07704935287621661,
    0.062552039565652,
    0.24182767513985873,
    0.02793730910606602,
    0.0061806950041614185,
    0.11838408123355332,
    0.012758771087809677,
    0.004356999692945018,
    0.0013766415967937028,
    0.10381580701593748,
    0.5481304304264576,
    0.031222799102537585,
    0.2146851281927664,
    0.010757673508965223,
    0.01094926795800352,
    0.16959656785242005,
    0.008231465217941727,
    0.01485211784582072,
    0.0403128912957991,
    0.008231465217941727,
    0.058266000779758215,
    0.01009773707338886,
    0.2644074357635576,
    0.18999782862964634,
    0.06424800524417622,
    0.010665424329798634,
    0.11382839100086486,
    0.22723811265012756,
    0.10470991444478286,
    0.06361645317142033,
    0.009849373898709584,
    0.010268043250311793,
    0.32502224256671114,
    0.0294345842448468,
    0.026922568135233547,
    0.007649585780121709,
    0.016193278989088813,
    0.014305718861526312,
    0.007159955521468278,
    0.054654090610851025,
    0.010935075776593278,
    0.008699807204479791,
    0.015079192748384632,
    0.03677903812464826,
    0.13490378039507775,
    0.009970007440696661,
    0.02172822973908411,
    0.04839533860893326,
    0.1675245093665244,
    0.05495922251117128,
    0.010204178433965693,
    0.33028044577920673,
    0.003831888980765977,
    0.0066845174442250925,
    0.06535499539417527,
    0.013468380158321896,
    0.008018582496788062,
    0.05507985605315835,
    0.014930174843577063,
    0.11913626684829627,
    0.005194338396149435,
    0.01821566484004863,
    0.0022920372977544637,
    0.025581406991965455,
    0.37425491987884885,
    0.15602884242422646,
    0.26663560824496585,
    0.038127295358621464,
    0.015930723632999293,
    0.01426314231729558,
    0.005031128309931625,
    0.006748382260571192,
    0.0545192648874537
  ],