{
  "hour": 23,
  "dispatch": 2,
  "load": 0.7050412339552756,
  "wind": 0.24496159668785555,
  "solar": 0.0004826459133855556,
  "gen": [
    47,
    1,
    2,
    3,
    4,
    5,
    6,
    7,
    8,
    9,
    10,
    11,
    12,
    13,
    14,
    15,
    16,
    17,
    18,
    19,
    20,
    21,
    22,
    23,
    24,
    25,
    26,
    27,
    28,
    29,
    30,
    31,
    32,
    33,
    34,
    35,
    36,
    37,
    38,
    39,
    40,
    41,
    42,
    43,
    44,
    45,
    46,
    48,
    49
  ],
  "pg": [
    4.319996290754911,
    0.045073494513270244,
    0.04507349451659419,
    0.045073494513271056,
    0.04507349451659413,
    0.09024649450185458,
    0.21189178113499504,
    0.04676499463406774,
    0.0205277818024423,
    0.0205277818024423,
    0.0205277818024423,
    0.0205277818024423,
    0.0205277818024423,
    0.0205277818024423,
    0.0,
    0.023879994327820852,
    0.17909999431314333,
    0.1790999943073482,
    0.03183999411430888,
    0.04974999412034922,
    0.06268499411838155,
    0.17909999459091408,
    0.16559403936099035,
    0.3792005516728004,
    0.003429462353629978,
    0.3270237315782872,
    0.00018832843540304378,
    0.00018832843540304378,
    0.00018832843540304378,
    0.0006463594072059361,
    0.0006463594072059361,
    0.22634451533957856,
    7.818863796846e-06,
    0.00011182905813143322,
    0.00011182905813143322,
    0.00011182905813143322,
    0.00011182905813143322,
    1.3790699938862954,
    0.11939999405908033,
    0.2586999940355653,
    0.09352999405813944,
    0.09352999406358568,
    0.0935299940575435,
    0.09352999405837024,
    0.09352999405802404,
    0.17412499463758277,
    0.0,
    0.6716249938954391,
    0.671624993895444
  ],
  "qg": [
    -0.4666970682169197,
    0.002952466893769577,
    0.0032188162654076926,
    0.0030978498853285476,
    0.0031749198577382927,
    0.006715154734215536,
    -0.19780666729298557,
    -0.005699214167356453,
    -0.03409919455644967,
    -0.03409921248286523,
    -0.034099191623134704,
    -0.034099220543899494,
    -0.034099220255000756,
    -0.03409918930885765,
    0.0009611649731505341,
    0.0015624840407621604,
    0.009389771433100122,
    0.01128935067599108,
    -0.003598642194743411,
    -0.005498782977085274,
    -0.006998786189158338,
    -0.0219994466376162,
    -0.047596729809361256,
    -0.09992839538962013,
    0.0016195718275371905,
    0.08387575371884944,
    0.02687753310253981,
    0.08154374384498596,
    0.12051728533302314,
    0.11059844113199625,
    0.11053344183982378,
    -0.05349419124988427,
    -0.006591312781881636,
    -0.09418913456443737,
    -0.0941560183207481,
    -0.09418907673643352,
    -0.09418907272535756,
    0.10983689514637529,
    -0.013299656526970986,
    -0.028899652153206147,
    -0.010399653376967173,
    -0.010399656653618522,
    -0.010399652521057366,
    -0.010399653417696119,
    -0.01039965335732369,
    -0.015180535291243209,
    -0.03200577109373142,
    -0.023447236993537048,
    0.028677713640993675
  ],
  "pd": [
    0.052067295127597106,
    0.011950448915541922,
    0.056029626862425755,
    0.16735563770396378,
    0.3009256994767907,
    0.0021362749388844854,
    0.017795240745031155,
    0.31556235549370226,
    0.0050339944104406675,
    0.00542176708911607,
    0.00798106676837372,
    0.032474199235979995,
    0.00994813181110894,
    0.01689983837790796,
    0.00953920789541488,
    0.01644861198817658,
    0.4165806634948141,
    0.003616861530190564,
    0.0453976050543802,
    0.14638066099379432,
    0.025184072876882447,
    0.210151640605049,
    0.007226672648041575,
    0.04498868113868614,
    0.014418093234385386,
    0.27027755703675493,
    0.0075227899663027915,
    0.06731733701804972,
    0.01470716014030705,
    0.006697891722575118,
    0.022554269074229267,
    0.044685513408085374,
    0.010885836652269457,
    0.012845851282665122,
    0.0031444839034405294,
    0.01563076415678846,
    0.005316010904022778,
    0.0039059284361122274,
    0.01987511238519922,
    0.007036311514873651,
    0.009807123564317885,
    0.012986859529456177,
    0.006845950381705726,
    0.026509550396718356,
    0.016519116111572106,
    0.010244249129370154,
    0.1449212256395069,
    0.06023872302913875,
    0.09068240351132756,
    0.023421469791994255,
    0.01550385673467651,
    0.017351064767639333,
    0.13227278590234925,
    0.025367383597710815,
    0.004173844105015231,
    0.006232564508164637,
    0.03872791498116329,
    0.014855218799437657,
    0.006310119043899717,
    0.015799974052937725,
    0.02645314709800194,
    0.03408169324939801,
    0.05815885138897069,
    0.3478673448335331,
    0.06046433622400444,
    0.016096091371198943,
    0.015581411270411592,
    0.35094132461357797,
    0.014819966737739894,
    0.006768395845970645,
    0.01043461026253808,
    0.005146801007873512,
    0.005562775335907126,
    0.0208480692880575,
    0.005936447189903421,
    0.005076296884477984,
    0.040659727962200756,
    0.08577531652299883,
    0.26361491737587756,
    0.0036591640042278805,
    0.014509748594799574,
    0.37056967256689294,
    0.003736718539962961,
    0.031684553053950085,
    0.030986562232334366,
    0.011125550671814248,
    0.025233425763259317,
    0.07655337718286383,
    0.06214938477315754,
    0.24027100211961835,
    0.027757473380819204,
    0.006140909147750452,
    0.11762202906075864,
    0.012676641386515855,
    0.004328953176485392,
    0.0013677799938732348,
    0.10314753252765683,
    0.5446020507564131,
    0.031021814294032127,
    0.21330317492082906,
    0.010688425106761979,
    0.010878786239929902,
    0.16850485491531086,
    0.008178478313881197,
    0.01475651302668392,
    0.04005339250099921,
    0.008178478313881197,
    0.057890935720067684,
    0.010032736759183572,
    0.26270541418407534,
    0.18877479039152503,
    0.06383443332231066,
    0.010596769746347793,
    0.11309566433876576,
    0.22577535434949791,
    0.10403588448244047,
    0.06320694662409046,
    0.009785972327299226,
    0.010201946655332838,
    0.3229300363885349,
    0.029245110384464836,
    0.026749264416263158,
    0.007600344502037871,
    0.01608904095885939,
    0.014213631276538357,
    0.007113866050608731,
    0.05430227583923533,
    0.010864685415250798,
    0.008643805528291679,
    0.014982126221549609,
    0.03654228715590194,
    0.13403538898723746,
    0.009905829337071622,
    0.02158836258371054,
    0.0480838121557498,
    0.16644613451216148,
    0.0546054435698361,
    0.010138492944276864,
    0.3281543919321435,
    0.0038072226633584887,
    0.0066414884238586965,
    0.0649342976472809,
    0.013381682620471132,
    0.007966965943694613,
    0.05472530057960849,
    0.014834067562419,
    0.11836937276875123,
    0.005160901832552618,
    0.018098408475631923,
    0.0022772831856755402,
    0.025416736484087685,
    0.37184579720035194,
    0.15502446652208599,
    0.2649192436586948,
    0.03788186550041696,
    0.01582817570229594,
    0.01417132880250104,
    0.004998742348742904,
    0.006704942134914671,
    0.054168318004783826
  ],