{
  "hour": 23,
  "dispatch": 3,
  "load": 0.7025041739461645,
  "wind": 0.2078288831725289,
  "solar": 0.0004871688494877778,
  "gen": [
    47,
    1,
    2,
    3,
    4,
    5,
    6,
    7,
    8,
    9,
    10,
    11,
    12,
    13,
    14,
    15,
    16,
    17,
    18,
    19,
    20,
    21,
    22,
    23,
    24,
    25,
    26,
    27,
    28,
    29,
    30,
    31,
    32,
    33,
    34,
    35,
    36,
    37,
    38,
    39,
    40,
    41,
    42,
    43,
    44,
    45,
    46,
    48,
    49
  ],
  "pg": [
    4.503122103867618,
    0.04507349127999571,
    0.04507349128528528,
    0.04507349127999834,
    0.04507349128528516,
    0.0902464912618852,
    0.1797719839442375,
    0.04676499146377515,
    0.017416060409857926,
    0.017416060409857926,
    0.017416060409857926,
    0.017416060409857926,
    0.017416060409857926,
    0.017416060409857926,
    0.0,
    0.023879990977642568,
    0.17909999095445525,
    0.1790999909452491,
    0.03183999063148567,
    0.049749990641315016,
    0.06268499063820539,
    0.17909999139339217,
    0.14049232502462952,
    0.32171911115107477,
    0.0029096043644154046,
    0.2774515590353261,
    0.0001900932850701309,
    0.0001900932850701309,
    0.0001900932850701309,
    0.000652416523234032,
    0.000652416523234032,
    0.19203388805141672,
    7.892135361702e-06,
    0.00011287702242631811,
    0.00011287702242631811,
    0.00011287702242631811,
    0.00011287702242631811,
    1.3790699902712915,
    0.11939999054626459,
    0.2586999905090564,
    0.09352999054481378,
    0.09352999055343393,
    0.09352999054389138,
    0.09352999054518434,
    0.09352999054462853,
    0.17412499146530616,
    0.0,
    0.6716249902903912,
    0.6716249902904105
  ],
  "qg": [
    -0.46669467754324095,
    0.0028733966439680194,
    0.003118880853759682,
    0.0030185670271410305,
    0.003075116275067714,
    0.006616479171305753,
    -0.20174726903434123,
    -0.005698729471054605,
    -0.03409869876636571,
    -0.034098729654206156,
    -0.03409869426381774,
    -0.034098743121230256,
    -0.034098742689026296,
    -0.03409869075018414,
    0.0009736672829147558,
    0.0015538515551789486,
    0.00929540884128514,
    0.011212411135716244,
    -0.0035976599504943117,
    -0.005497961842067992,
    -0.006997971821394295,
    -0.021999110360989737,
    -0.0423695911052483,
    -0.0894775782001693,
    0.0016795515073658924,
    0.08712754238826058,
    0.02667909415944534,
    0.0809395971285025,
    0.11962559470979378,
    0.10979392679071937,
    0.10973026255783702,
    -0.05364548732766795,
    -0.006582235720106281,
    -0.09417762055692502,
    -0.09411051568463707,
    -0.09417755372658036,
    -0.09417754937628299,
    0.11019731060408214,
    -0.013299458137746235,
    -0.028899451433897196,
    -0.010399453149779223,
    -0.01039945829271855,
    -0.010399451812671408,
    -0.010399453213548359,
    -0.010399453119067986,
    -0.014830777055304709,
    -0.03169798828375049,
    -0.023424843332365962,
    0.028697394421088124
  ],
  "pd": [
    0.05187993324592425,
    0.011907445748387488,
    0.055828006703501694,
    0.16675341576960107,
    0.2998428315237019,
    0.0021285876470568785,
    0.01773120535040119,
    0.31442681817482426,
    0.005015879801975614,
    0.005402257097646005,
    0.007952347249070582,
    0.03235734225196033,
    0.009912333894380381,
    0.016839025049489566,
    0.009504881473491605,
    0.016389422378164018,
    0.4150816162178307,
    0.003603846412343824,
    0.04523424376039353,
    0.14585391659470268,
    0.025093449093356996,
    0.20939541912813325,
    0.007200667782948186,
    0.04482679133950476,
    0.014366210357199063,
    0.2693049750822622,
    0.0074957195360055755,
    0.06707509852837978,
    0.014654237068516991,
    0.006673789652488563,
    0.0224731085245378,
    0.04452471454470791,
    0.010846664445728781,
    0.012799626049299117,
    0.003133168615799894,
    0.015574517536386466,
    0.00529688147155408,
    0.0038918731236617515,
    0.019803592663542376,
    0.0070109916559827215,
    0.009771833059591149,
    0.012940126884088349,
    0.006821315529017257,
    0.026414156940375775,
    0.016459672795558634,
    0.01020738564743777,
    0.14439973295463412,
    0.0600219566219603,
    0.09035608685295568,
    0.023337188658491582,
    0.015448066785076157,
    0.017288627720815106,
    0.13179680807403993,
    0.025276100178583,
    0.004158824709761293,
    0.006210136897684094,
    0.03858855427486282,
    0.014801762945045685,
    0.006287412356818172,
    0.015743118538133545,
    0.02635795660646009,
    0.03395905176855758,
    0.057949569308819115,
    0.34661555942503763,
    0.06024675795762307,
    0.016038170291190933,
    0.015525342244210236,
    0.34967847762344284,
    0.014766637736348377,
    0.006744040069883179,
    0.010397061774403235,
    0.005128280469807,
    0.005542757932435239,
    0.020773048423588084,
    0.005915085144626705,
    0.005058030052412384,
    0.04051341571147531,
    0.08546665780229037,
    0.2626663106384709,
    0.0036459966627805937,
    0.014457535899812066,
    0.3692361938261041,
    0.0037232721219146716,
    0.03157053757714063,
    0.03087505844493393,
    0.011085515864870474,
    0.02514262438553323,
    0.07627790320707453,
    0.06192574293335439,
    0.23940639743911338,
    0.0276575893282605,
    0.006118811355071093,
    0.11719877133943862,
    0.012631025047552038,
    0.00431337562802945,
    0.0013628580974555592,
    0.10277636064832388,
    0.5426423241229753,
    0.030910183653631237,
    0.2125356127856726,
    0.010649963277023854,
    0.010839639403989318,
    0.1678984975731333,
    0.008149048417775508,
    0.014703412360693223,
    0.0399092621218816,
    0.008149048417775508,
    0.05768261772271957,
    0.00999663439525392,
    0.26176008025408043,
    0.18809549257408553,
    0.06360472790908574,
    0.010558637734410853,
    0.11268869454270425,
    0.22496291162278026,
    0.10366151590749603,
    0.06297949919427365,
    0.009750757934372764,
    0.010165235397001,
    0.3217679867925617,
    0.029139873135286907,
    0.02665300835951748,
    0.0075729949951396525,
    0.016031145249451473,
    0.014162484146754677,
    0.007088267115116799,
    0.05410687147733359,
    0.010825589320510394,
    0.008612701172579977,
    0.014928213696355996,
    0.03641079133562971,
    0.13355306850890533,
    0.009870183643943611,
    0.021510677806231556,
    0.04791078466312842,
    0.1658471853852105,
    0.05440894827213044,
    0.010102010021345845,
    0.3269735427215028,
    0.0037935225393092883,
    0.00661758931857287,
    0.06470063442044176,
    0.013333529221498202,
    0.007938297165591659,
    0.05452837398170128,
    0.0147806878198273,
    0.11794342576382157,
    0.0051423305532859245,
    0.018033282145198042,
    0.002269088481846111,
    0.025325275470759228,
    0.37050772638094664,
    0.15446661776728265,
    0.2639659433602713,
    0.037745549266127415,
    0.015771218705091395,
    0.014120333896317906,
    0.004980754593278306,
    0.006680814694228024,
    0.05397339568428382
  ],