{
  "hour": 23,
  "dispatch": 1,
  "load": 0.7062582195006156,
  "wind": 0.28862755089606,
  "solar": 0.0004988365829211111,
  "gen": [
    47,
    1,
    2,
    3,
    4,
    5,
    6,
    7,
    8,
    9,
    10,
    11,
    12,
    13,
    14,
    15,
    16,
    17,
    18,
    19,
    20,
    21,
    22,
    23,
    24,
    25,
    26,
    27,
    28,
    29,
    30,
    31,
    32,
    33,
    34,
    35,
    36,
    37,
    38,
    39,
    40,
    41,
    42,
    43,
    44,
    45,
    46,
    48,
    49
  ],
  "pg": [
    4.078116228039364,
    0.04507349525571388,
    0.04507349525858535,
    0.04507349525571444,
    0.04507349525858531,
    0.09024649524584127,
    0.24966283152509192,
    0.046764995365463066,
    0.024186988765089835,
    0.024186988765089835,
    0.024186988765089835,
    0.024186988765089835,
    0.024186988765089835,
    0.024186988765089835,
    0.0,
    0.02387999509962841,
    0.17909999508690683,
    0.17909999508189414,
    0.031839994920361915,
    0.04974999492546575,
    0.06268499492375955,
    0.17909999532936002,
    0.19511222440573653,
    0.44679544878710087,
    0.004040785712544841,
    0.3853177804462401,
    0.00019464603465581753,
    0.00019464603465581753,
    0.00019464603465581753,
    0.000668041951847952,
    0.000668041951847952,
    0.26669185702795944,
    8.081152643322e-06,
    0.00011558043626282144,
    0.00011558043626282144,
    0.00011558043626282144,
    0.00011558043626282144,
    1.3790699947209888,
    0.11939999487080391,
    0.25869999485036105,
    0.09352999486995522,
    0.09352999487468995,
    0.09352999486942232,
    0.09352999487015219,
    0.09352999486985673,
    0.1741249953707326,
    0.0,
    0.6716249947265122,
    0.6716249947265157
  ],
  "qg": [
    -0.4666977977952896,
    0.003026653456705773,
    0.00331235555320354,
    0.003171879787398181,
    0.0032684966786789686,
    0.006805924724730382,
    -0.19258537485146007,
    -0.005699322703445909,
    -0.03409930578309005,
    -0.034099321039550115,
    -0.0340993032486763,
    -0.034099327932183544,
    -0.0340993276793015,
    -0.034099301241756676,
    0.00096644944378417,
    0.001567462484626862,
    0.009436991151600474,
    0.01132896406579843,
    -0.003598901098682189,
    -0.005499002212292927,
    -0.0069990041316937675,
    -0.02199952327827769,
    -0.05451957521439683,
    -0.11371249221614631,
    0.0014774455651697458,
    0.07865404466713241,
    0.026934447057772114,
    0.08171704783385568,
    0.12077299813423041,
    0.11021777896435847,
    0.11015311137660296,
    -0.05349520647167758,
    -0.006593641256818776,
    -0.09419221436170883,
    -0.09417077025508888,
    -0.09419217102822611,
    -0.0941921679698448,
    0.1079459564130661,
    -0.013299700060345912,
    -0.02889969611372613,
    -0.01039969726678353,
    -0.010399700174200896,
    -0.010399696500504789,
    -0.0103996973015665,
    -0.01039969725001841,
    -0.015928516070430197,
    -0.032125116050522595,
    -0.023721538611106704,
    0.028408806677660263
  ],
  "pd": [
    0.05215716951012046,
    0.011971076820535435,
    0.056126340703713924,
    0.16764451356286114,
    0.30144513324725275,
    0.0021399624050868656,
    0.017825957460195538,
    0.3161070538840855,
    0.005042683687234395,
    0.005431125707959734,
    0.00799484304474697,
    0.03253025359019835,
    0.009965303477153686,
    0.01692900952142976,
    0.009555673709843329,
    0.016477004260949363,
    0.4172997315741337,
    0.003623104666038158,
    0.04547596675364464,
    0.14663333153271782,
    0.02522754360056199,
    0.2105143874865485,
    0.007239146749881311,
    0.045066336986334284,
    0.01444298058878759,
    0.270744088445561,
    0.007535775202071569,
    0.06743353479791878,
    0.014732546458782842,
    0.006709453085255848,
    0.022593200441824692,
    0.04476264595194902,
    0.010904626909089506,
    0.012868024759301216,
    0.003149911658972746,
    0.015657744726328648,
    0.0053251869750346415,
    0.003912670536033411,
    0.019909419207722354,
    0.0070484570306161435,
    0.009824051833253564,
    0.013009276403201339,
    0.006857767311350978,
    0.02655530905322314,
    0.016547630082899424,
    0.010261931929343944,
    0.14517137701835156,
    0.060342702274132604,
    0.0908389321921692,
    0.02346189805181045,
    0.015530618246818537,
    0.01738101478191015,
    0.1325011045605105,
    0.02541117073763215,
    0.004181048659443644,
    0.0062433226603854424,
    0.03879476399716882,
    0.01488086068487797,
    0.00632101106453051,
    0.015827246699008795,
    0.026498808395663098,
    0.03414052233065975,
    0.05825924052660579,
    0.34846780550160383,
    0.0605687049043728,
    0.016123875151199056,
    0.015608306650963607,
    0.35154709133862644,
    0.01484554777390294,
    0.0067800789072059095,
    0.010452621648609111,
    0.005155685002354494,
    0.005572377351859858,
    0.020884055550633204,
    0.005946694208195184,
    0.005085059180404432,
    0.04072991151860051,
    0.0859233749844449,
    0.26406994827128016,
    0.0036654801592081953,
    0.01453479415732267,
    0.3712093201695236,
    0.0037431685633532628,
    0.031739244384357664,
    0.03104004874705206,
    0.011144754703719714,
    0.025276981675927034,
    0.07668551747337685,
    0.06225666204897926,
    0.24068573862361478,
    0.02780538610173924,
    0.006151509091850363,
    0.11782505875928771,
    0.012698522786621069,
    0.004336425467733779,
    0.0013701409458311943,
    0.10332557751294008,
    0.5455420990710556,
    0.031075361658027087,
    0.21367136172771622,
    0.010706874607629332,
    0.010897564326894498,
    0.16879571446064712,
    0.008192595346207142,
    0.014781984534147885,
    0.040122529449829976,
    0.008192595346207142,
    0.05799086240319555,
    0.01005005446349376,
    0.2631588751681245,
    0.1891006382712898,
    0.06394461919358574,
    0.010615061039094252,
    0.11329088099009375,
    0.22616506963068214,
    0.10421546286951083,
    0.06331604937823018,
    0.009802864086668545,
    0.010219556436173909,
    0.32348745227786696,
    0.029295590944885538,
    0.02679543684785336,
    0.007613463606216636,
    0.01611681256900405,
    0.014238165705132411,
    0.007126145434761212,
    0.05439600806593742,
    0.010883439162504487,
    0.008658725771077548,
    0.015007987164388083,
    0.03660536351671691,
    0.13426675010926203,
    0.00992292798398365,
    0.021625626681108852,
    0.04816681056994198,
    0.16673344045970534,
    0.054699699100322685,
    0.010155993196418854,
    0.32872082568436656,
    0.0038137943853033245,
    0.006652952427695799,
    0.06504638201600671,
    0.013404781006121684,
    0.007980717880356956,
    0.05481976299763778,
    0.014859672938292953,
    0.11857369247195837,
    0.005169810166744507,
    0.0181296484945808,
    0.0022812140489869882,
    0.025460608812997193,
    0.37248764754681973,
    0.15529205730379536,
    0.2653765259773563,
    0.03794725413376808,
    0.015855497027788823,
    0.014195790211962375,
    0.005007370776259365,
    0.006716515667450854,
    0.0542618190042323
  ],