{
  "hour": 2,
  "dispatch": 0,
  "load": 0.7435952591748156,
  "wind": 0.33568886095293893,
  "solar": 0.0005183845106522222,
  "gen": [
    47,
    1,
    2,
    3,
    4,
    5,
    6,
    7,
    8,
    9,
    10,
    11,
    12,
    13,
    14,
    15,
    16,
    17,
    18,
    19,
    20,
    21,
    22,
    23,
    24,
    25,
    26,
    27,
    28,
    29,
    30,
    31,
    32,
    33,
    34,
    35,
    36,
    37,
    38,
    39,
    40,
    41,
    42,
    43,
    44,
    45,
    46,
    48,
    49
  ],
  "pg": [
    4.36357683646999,
    0.04507349425875126,
    0.045073494262218794,
    0.04507349425875209,
    0.04507349426221868,
    0.09024649424683029,
    0.2903708647242922,
    0.046764994397932774,
    0.02813072654785629,
    0.02813072654785629,
    0.02813072654785629,
    0.02813072654785629,
    0.02813072654785629,
    0.02813072654785629,
    0.0,
    0.02387999408880394,
    0.1790999940735228,
    0.17909999406751023,
    0.0318399938550605,
    0.04974999386151796,
    0.06268499385947264,
    0.17909999435384763,
    0.2269256700041867,
    0.5196463567551495,
    0.004699644053341145,
    0.4481446293721735,
    0.0002022736360564971,
    0.0002022736360564971,
    0.0002022736360564971,
    0.000694220536665456,
    0.000694220536665456,
    0.31017650752051557,
    8.397829072566e-06,
    0.00012010969111811988,
    0.00012010969111811988,
    0.00012010969111811988,
    0.00012010969111811988,
    1.3790699936344522,
    0.11939999379786909,
    0.25869999377345776,
    0.09352999379692754,
    0.09352999380257954,
    0.09352999379632505,
    0.09352999379717104,
    0.0935299937968058,
    0.17412499441543544,
    0.0,
    0.6716249936235569,
    0.6716249936235615
  ],
  "qg": [
    -0.46669650155571607,
    0.0035591875957733466,
    0.0039782300653080135,
    0.0037042706067307043,
    0.003934382365712908,
    0.007483731639381969,
    -0.19071903681380714,
    -0.00569913274110295,
    -0.03409910801094656,
    -0.034099130030765014,
    -0.03409910481589952,
    -0.03409913960715429,
    -0.034099139296092006,
    -0.03409910231412503,
    0.001210123956086856,
    0.0016797018163281535,
    0.010509099099314814,
    0.01217230099809072,
    -0.003598458564332206,
    -0.005498639063067692,
    -0.0069986435752961255,
    -0.021999399599639723,
    -0.035097146708536454,
    -0.07039308961793347,
    0.0021598725678187766,
    0.11845578379941993,
    0.030646890455252828,
    0.09300822017653879,
    0.13743554569602134,
    0.13821855392606044,
    0.13811739716511842,
    -0.038146302583199045,
    -0.006575892286710178,
    -0.094163131282906,
    -0.0939112103553518,
    -0.09416293824989977,
    -0.09416292522173238,
    0.1289692159113025,
    -0.013299645065790561,
    -0.028899640673137442,
    -0.010399641866233801,
    -0.010399645199490487,
    -0.010399641003035516,
    -0.010399641909369374,
    -0.010399641845410333,
    -0.007199433714237516,
    -0.02961345307760148,
    -0.018048276799748606,
    0.0338449529151665
  ],
  "pd": [
    0.05491450989006013,
    0.012603939643013125,
    0.0590935152466226,
    0.176507206670326,
    0.31738132852099477,
    0.0022530936352996916,
    0.018768344341572346,
    0.332818366101464,
    0.005309270150508184,
    0.005718247543054332,
    0.008417498333858913,
    0.034249997637592004,
    0.010492129106956648,
    0.01782397836242033,
    0.010060843856635256,
    0.017348077396548447,
    0.4393606948360315,
    0.0038146436795668042,
    0.04788009873826638,
    0.15438524770987522,
    0.026561222657724416,
    0.22164343890223728,
    0.007621851406541861,
    0.04744881348794499,
    0.015206523050124978,
    0.2850572426046656,
    0.007934161415395283,
    0.07099847534601139,
    0.015511397106386654,
    0.007064154962160748,
    0.02378761234100235,
    0.04712906752649982,
    0.011481110801659153,
    0.01354830562216514,
    0.003316434855919678,
    0.016485506895905663,
    0.005606708254178109,
    0.004119517735828479,
    0.020961950356138053,
    0.007421080686564659,
    0.010343410055121686,
    0.013697024674000103,
    0.00722030996658746,
    0.02795918174497306,
    0.01742243692246593,
    0.01080443911581007,
    0.15284600552338334,
    0.06353277894389625,
    0.0956412222350648,
    0.024702234509787376,
    0.016351659749254194,
    0.01829987932829221,
    0.13950590657378717,
    0.026754557425109866,
    0.004402083934314909,
    0.006573382091105371,
    0.040845687586472626,
    0.015667552110813363,
    0.006655177569614599,
    0.01666396975810762,
    0.02789969412423908,
    0.03594539482851058,
    0.06133917292933055,
    0.36688990087685414,
    0.06377072942683219,
    0.01697627976696104,
    0.016433455227763426,
    0.37013197620685623,
    0.015630372347854624,
    0.007138514488078229,
    0.011005209835787271,
    0.005428245391976154,
    0.005866966594889296,
    0.021988111813799296,
    0.006261072082251948,
    0.005353885866058672,
    0.04288313859661163,
    0.09046579923120807,
    0.27803026740546355,
    0.0038592593951172934,
    0.015303190433817707,
    0.39083366822228316,
    0.003941054873626523,
    0.033417170947316215,
    0.03268101164073315,
    0.011733933189778589,
    0.026613274325866652,
    0.08073957324120147,
    0.06554792209626,
    0.2534098283741854,
    0.02927534535371249,
    0.006476714707412645,
    0.1240539970881345,
    0.013369842759963184,
    0.004565674891333368,
    0.0014425748027991423,
    0.10878798641727554,
    0.5743827219969946,
    0.032718191403691886,
    0.2249673097107487,
    0.011272904129090204,
    0.011473674849067405,
    0.17771926694278092,
    0.00862570500642786,
    0.015563448774528891,
    0.042243646673721276,
    0.00862570500642786,
    0.061056606730844114,
    0.010581360538057626,
    0.2770710295211281,
    0.19909763064405686,
    0.06732511476568781,
    0.011176236745397479,
    0.11928011552423216,
    0.23812150984555122,
    0.1097249164438358,
    0.06666331498502222,
    0.01032110219734644,
    0.010759823400259582,
    0.3405889365598408,
    0.030844331350571352,
    0.028212004133092505,
    0.008015956893904512,
    0.01696884381436929,
    0.014990880424964284,
    0.00750287616507389,
    0.0572717068616443,
    0.011458802943883909,
    0.00911647787748324,
    0.01580139925746483,
    0.03854054228303069,
    0.1413648947217242,
    0.01044751339140616,
    0.022768886835932856,
    0.050713196675722425,
    0.17554796878599047,
    0.05759145282308947,
    0.010692899826933848,
    0.3460989774303262,
    0.004015414399544005,
    0.007004667341426763,
    0.06848512337000053,
    0.014113438019138001,
    0.008402626428675416,
    0.057717864017149186,
    0.01564524425303812,
    0.1248422080628598,
    0.00544311729715965,
    0.019088090303017516,
    0.0024018126871346544,
    0.026806609093252103,
    0.39217957564138956,
    0.16350172558735845,
    0.27940591863493697,
    0.03995337327546284,
    0.01669371356847461,
    0.014946264709413794,
    0.005272090387549442,
    0.007071590914752496,
    0.05713042376240108
  ],