{
  "hour": 2,
  "dispatch": 3,
  "load": 0.7388422141582512,
  "wind": 0.4317893478944344,
  "solar": 0.0004939478888677778,
  "gen": [
    47,
    1,
    2,
    3,
    4,
    5,
    6,
    7,
    8,
    9,
    10,
    11,
    12,
    13,
    14,
    15,
    16,
    17,
    18,
    19,
    20,
    21,
    22,
    23,
    24,
    25,
    26,
    27,
    28,
    29,
    30,
    31,
    32,
    33,
    34,
    35,
    36,
    37,
    38,
    39,
    40,
    41,
    42,
    43,
    44,
    45,
    46,
    48,
    49
  ],
  "pg": [
    3.720181261900046,
    0.04507349938248486,
    0.04507349938285705,
    0.04507349938248486,
    0.04507349938285705,
    0.09024649938119994,
    0.37349778592868577,
    0.04676499939896484,
    0.03618394735355361,
    0.03618394735355361,
    0.03618394735355361,
    0.03618394735355361,
    0.03618394735355361,
    0.03618394735355361,
    0.0,
    0.0238799993651328,
    0.17909999936346974,
    0.17909999936282134,
    0.03183999934203823,
    0.049749999342684446,
    0.06268499934246159,
    0.17909999939461932,
    0.29188959917663765,
    0.6684099105405845,
    0.006045050870522082,
    0.57643877943907,
    0.0001927384662362069,
    0.0001927384662362069,
    0.0001927384662362069,
    0.000661495012771728,
    0.000661495012771728,
    0.3989733574544574,
    8.001955799657999e-06,
    0.0001144477258506641,
    0.0001144477258506641,
    0.0001144477258506641,
    0.0001144477258506641,
    1.3790699993171343,
    0.11939999933525242,
    0.25869999933258897,
    0.09352999933514036,
    0.0935299993357567,
    0.09352999933506989,
    0.09352999933516572,
    0.09352999933512768,
    0.17412499940129897,
    0.0,
    0.6716249993156235,
    0.6716249993156235
  ],
  "qg": [
    -0.4666997491016362,
    0.0037039355070982868,
    0.0041612599096814045,
    0.0038489597739134844,
    0.004117388044537204,
    0.007661772479190057,
    -0.17607066627642645,
    -0.00569991132318908,
    -0.03409990892681696,
    -0.03409991087709214,
    -0.03409990859193468,
    -0.03409991176831005,
    -0.0340999117333009,
    -0.0340999083233368,
    0.0011620409586726793,
    0.0016676986885833264,
    0.010403612084608847,
    0.012094938261933688,
    -0.003599866184429869,
    -0.005499875981897707,
    -0.00699987599131649,
    -0.02199993761051545,
    -0.05384661024376752,
    -0.10721761210354633,
    0.0017700400853335797,
    0.10117033625487792,
    0.030029800653418606,
    0.09113236120773954,
    0.1346675890667003,
    0.13185092547184754,
    0.1317580910118058,
    -0.038099030316595096,
    -0.006599599915846704,
    -0.09419953410322275,
    -0.09419832375529257,
    -0.09419953165140144,
    -0.09419953146085654,
    0.12162492874058613,
    -0.013299960878514145,
    -0.028899960351558295,
    -0.010399960522544473,
    -0.01039996089921168,
    -0.010399960423602295,
    -0.010399960527326247,
    -0.0103999605202308,
    -0.010465414023900086,
    -0.032332226229286234,
    -0.019748901005642985,
    0.03220229515807791
  ],
  "pd": [
    0.05456349751558685,
    0.012523375529982358,
    0.05871579075915623,
    0.1753789763747441,
    0.3153526338470248,
    0.0022386919088995014,
    0.01864837748535426,
    0.33069099821295006,
    0.005275333409089914,
    0.005681696626876952,
    0.008363693864271405,
    0.03403107238412905,
    0.010425063641772925,
    0.017710047873373283,
    0.00999653515756114,
    0.017237188856312,
    0.4365523106575443,
    0.003790260558631829,
    0.0475740501696498,
    0.1533984205035361,
    0.026391443889732736,
    0.22022669877414994,
    0.007573132695122075,
    0.047145521685438015,
    0.015109323279536237,
    0.2832351627975656,
    0.007883446425068542,
    0.07054465460782983,
    0.015412248587341122,
    0.007019001034503387,
    0.023635562430922456,
    0.04682781953334997,
    0.0114077237866034,
    0.013461705141963338,
    0.0032952362751458007,
    0.01638013188788843,
    0.005570870294753214,
    0.004093185866436712,
    0.0208279620171211,
    0.0073736452972993465,
    0.010277295198941275,
    0.013609473584794987,
    0.0071741578994766195,
    0.027780467252350238,
    0.017311073077727827,
    0.01073537737171939,
    0.15186901712022854,
    0.063126678777681,
    0.09502988558503428,
    0.024544338354337107,
    0.016247140289339945,
    0.01818290689043456,
    0.1386141877982295,
    0.026583542865413878,
    0.0043739459078168475,
    0.006531365173158941,
    0.04058460282371275,
    0.015567405452314352,
    0.006612637816716348,
    0.01655745401928641,
    0.027721359875217583,
    0.03571563263240986,
    0.06094709424591415,
    0.36454474846568125,
    0.06336310828621163,
    0.016867767749232876,
    0.016328412932897354,
    0.3677661005194111,
    0.015530463341606442,
    0.007092885255919211,
    0.010934864769542118,
    0.0053935481633552345,
    0.005829465069708603,
    0.02184756427265949,
    0.006221051443212475,
    0.005319663941939409,
    0.04260903049050636,
    0.08988754377449285,
    0.27625310387377017,
    0.003834591091481324,
    0.015205372767376811,
    0.3883354677615769,
    0.003915863735038732,
    0.03320356910427181,
    0.03247211531225514,
    0.011658930139417203,
    0.026443162844723814,
    0.08022348761330292,
    0.06512894117804983,
    0.25179003816299045,
    0.029088217971410354,
    0.0064353156853183685,
    0.12326104658802106,
    0.013284383010565356,
    0.004536491194931662,
    0.0014333538954670075,
    0.10809261593135217,
    0.5707112799043996,
    0.032509057422963054,
    0.2235293234714373,
    0.011200847966639088,
    0.011400335364461816,
    0.17658328918382205,
    0.008570569684235713,
    0.015463967542332199,
    0.04197362618633025,
    0.008570569684235713,
    0.06066633420453401,
    0.010513724707471915,
    0.27529999741750605,
    0.19782500284087176,
    0.06689477406988807,
    0.011104798478798516,
    0.11851767957312508,
    0.23659944223989682,
    0.10902355712119155,
    0.06623720449928722,
    0.010255129932516528,
    0.010691046838869896,
    0.3384118993509038,
    0.030647175043284264,
    0.028031673605164054,
    0.007964719068625949,
    0.016860379327091293,
    0.014895059037430346,
    0.007454917940856755,
    0.056905627334468516,
    0.011385558520178652,
    0.00905820554558016,
    0.01570039705086284,
    0.038294191959822164,
    0.14046129333362514,
    0.01038073310892343,
    0.022623348597525655,
    0.05038903900559273,
    0.17442586991847997,
    0.05722332948655656,
    0.010624551039595653,
    0.34388672015781646,
    0.003989747956454557,
    0.006959893657370726,
    0.06804736792397495,
    0.014023225224723608,
    0.00834891701998824,
    0.05734893266296346,
    0.015545240185889606,
    0.12404421933502881,
    0.005408325007638399,
    0.018966079637442308,
    0.0023864603517311516,
    0.026635261820404956,
    0.3896727721692033,
    0.1624566260491163,
    0.27761996196996286,
    0.03969799216672284,
    0.016587007707852743,
    0.01485072850458085,
    0.005238391298382002,
    0.0070263894566449684,
    0.05676524731377844
  ],