{
  "hour": 3,
  "dispatch": 1,
  "load": 0.7407528474816956,
  "wind": 0.5663162841228845,
  "solar": 0.0004948886788333333,
  "gen": [
    47,
    1,
    2,
    3,
    4,
    5,
    6,
    7,
    8,
    9,
    10,
    11,
    12,
    13,
    14,
    15,
    16,
    17,
    18,
    19,
    20,
    21,
    22,
    23,
    24,
    25,
    26,
    27,
    28,
    29,
    30,
    31,
    32,
    33,
    34,
    35,
    36,
    37,
    38,
    39,
    40,
    41,
    42,
    43,
    44,
    45,
    46,
    48,
    49
  ],
  "pg": [
    2.952592052188928,
    0.04507349772174251,
    0.04507349772311188,
    0.045073497721742586,
    0.04507349772311187,
    0.09024649771700904,
    0.4898635857662951,
    0.04676499779025495,
    0.04745730460949773,
    0.04745730460949773,
    0.04745730460949773,
    0.04745730460949773,
    0.04745730460949773,
    0.04745730460949773,
    0.0,
    0.023879997663654593,
    0.17909999765750617,
    0.17909999765511397,
    0.03183999758673486,
    0.04974999758898942,
    0.06268499758816566,
    0.1790999977760336,
    0.3828298080670699,
    0.8766576078222252,
    0.007928427977720382,
    0.7560322393040508,
    0.00019310556248076664,
    0.00019310556248076664,
    0.00019310556248076664,
    0.0006627549186935999,
    0.0006627549186935999,
    0.5232762465295453,
    8.017196597099999e-06,
    0.00011466570688568332,
    0.00011466570688568332,
    0.00011466570688568332,
    0.00011466570688568332,
    1.3790699974912843,
    0.11939999755893688,
    0.2586999975490215,
    0.09352999755849306,
    0.0935299975607863,
    0.09352999755821784,
    0.0935299975585842,
    0.09352999755844751,
    0.17412499780202165,
    0.0,
    0.6716249974825038,
    0.6716249974825043
  ],
  "qg": [
    -0.4666992778782213,
    0.004112806820910567,
    0.004674358808122804,
    0.00425712309464126,
    0.004630679521891631,
    0.008170248967577181,
    -0.15410713986099064,
    -0.0056996683532651495,
    -0.03409965918683438,
    -0.03409966695293167,
    -0.034099657980283866,
    -0.034099670399455086,
    -0.03409967027355188,
    -0.0340996570217054,
    0.0011807400416584905,
    0.001675791130235721,
    0.010470719495268883,
    0.012150824018239935,
    -0.003599561969097736,
    -0.005499591530081144,
    -0.006999591733015476,
    -0.02199976870090131,
    -0.06812053519617951,
    -0.13137459799462375,
    0.0013751650193653327,
    0.09549443711898829,
    0.030052052315291934,
    0.09119980343045747,
    0.13476691303333233,
    0.13029962876657,
    0.13020909243487847,
    -0.02945044524856195,
    -0.00659757430362378,
    -0.09419700398160558,
    -0.09418745708852569,
    -0.09419698354987432,
    -0.09419698205073919,
    0.11569380836321277,
    -0.0132998532691405,
    -0.028899851178704316,
    -0.010399851862968722,
    -0.010399853334840801,
    -0.01039985146786612,
    -0.010399851879412838,
    -0.010399851855043466,
    -0.01321263217301852,
    -0.0321179345173508,
    -0.02015466752579305,
    0.03177951633441428
  ],
  "pd": [
    0.054704597786523215,
    0.01255576076481474,
    0.058867628789370345,
    0.17583250340673007,
    0.31616813036213726,
    0.002244481127869538,
    0.018696601870437996,
    0.3315461594758573,
    0.005288975331019306,
    0.005696389397134238,
    0.008385322233492793,
    0.034119076155006894,
    0.010452022677966724,
    0.017755845754136242,
    0.01002238602642734,
    0.01728176393174796,
    0.4376812274630346,
    0.0038000621075810984,
    0.047697075849346376,
    0.15379510619414963,
    0.026459691712046166,
    0.220796201248869,
    0.00759271668668738,
    0.047267439197807,
    0.015148395731000673,
    0.283967604082108,
    0.007903832882629693,
    0.07072708187755229,
    0.01545210439846817,
    0.007037152051076107,
    0.02369668359093944,
    0.04694891547338987,
    0.01143722396511738,
    0.013496516881116494,
    0.0033037576997683627,
    0.01642249062866919,
    0.005585276470011984,
    0.0041037707750485935,
    0.020881822770508998,
    0.007392713417867321,
    0.010303872108470386,
    0.013644667450612831,
    0.007192710149047264,
    0.027852307065311745,
    0.017355839216496128,
    0.010763138873909036,
    0.15226174779986254,
    0.06328992328883606,
    0.0952756312430957,
    0.024607809593341926,
    0.016289155116122486,
    0.01822992757652453,
    0.1389726417160409,
    0.026652287452391406,
    0.004385256857091638,
    0.006548255171738189,
    0.040689553912169545,
    0.015607662496439325,
    0.006629737984961175,
    0.016600271312064797,
    0.027793046837513217,
    0.035807992647265155,
    0.06110470238876507,
    0.3654874549474687,
    0.06352696420003022,
    0.01691138750800711,
    0.016370637929345472,
    0.3687171373624888,
    0.01557062485406524,
    0.007111227335824277,
    0.010963142142729095,
    0.005407495786616378,
    0.005844539966630579,
    0.02190406170003374,
    0.006237138975795877,
    0.005333420501868208,
    0.04271921671426939,
    0.09011999142462308,
    0.27696748967340595,
    0.00384450727843,
    0.015244693601173295,
    0.38933969663637924,
    0.003925990091652986,
    0.0332894329658274,
    0.032556087646820525,
    0.011689079933261156,
    0.026511544411369888,
    0.08043094417956251,
    0.06529736350551146,
    0.252441162893287,
    0.029163439605354356,
    0.006451957301565569,
    0.12357979754537128,
    0.013318736197720886,
    0.00454822248353761,
    0.0014370605241144894,
    0.10837214158657207,
    0.5721871295087609,
    0.032593125289194606,
    0.22410736647711216,
    0.011229813167822504,
    0.011429816436642561,
    0.17703993054812522,
    0.008592733030787668,
    0.015503957097791888,
    0.04208216926543513,
    0.008592733030787668,
    0.06082321630672202,
    0.010540913019664528,
    0.27601191850015466,
    0.19833657491322398,
    0.06706776281099272,
    0.011133515297649884,
    0.11882416426453879,
    0.23721128434906338,
    0.109305490174399,
    0.066408492776734,
    0.010281649523045935,
    0.010718693703060136,
    0.33928702673204103,
    0.030726428113540736,
    0.02810416303345553,
    0.007985315695852677,
    0.01690397997953229,
    0.014933577405230982,
    0.007474196231090308,
    0.05705278431304019,
    0.01141500137969293,
    0.009081629910125589,
    0.015740998008986033,
    0.03839322008497628,
    0.14082452383474514,
    0.010407577507117823,
    0.02268185218988952,
    0.05051934419825164,
    0.1748769322334787,
    0.057371308037457325,
    0.010652025946786783,
    0.3447760053318804,
    0.0040000653764011565,
    0.006977891823277572,
    0.06822333725306418,
    0.014059489045202583,
    0.00837050717654316,
    0.0574972360215292,
    0.015585439911014874,
    0.12436499556370188,
    0.005422310843566012,
    0.019015125594855124,
    0.0023926316973658765,
    0.026704140151715124,
    0.3906804592903211,
    0.16287673610427522,
    0.2783378824412471,
    0.039800650495191506,
    0.016629901425964065,
    0.01488913223438208,
    0.0052519376886452215,
    0.007044559579550924,
    0.05691204127201867
  ],