{
  "hour": 3,
  "dispatch": 2,
  "load": 0.7426318732519722,
  "wind": 0.45406656045575006,
  "solar": 0.00048676902156333333,
  "gen": [
    47,
    1,
    2,
    3,
    4,
    5,
    6,
    7,
    8,
    9,
    10,
    11,
    12,
    13,
    14,
    15,
    16,
    17,
    18,
    19,
    20,
    21,
    22,
    23,
    24,
    25,
    26,
    27,
    28,
    29,
    30,
    31,
    32,
    33,
    34,
    35,
    36,
    37,
    38,
    39,
    40,
    41,
    42,
    43,
    44,
    45,
    46,
    48,
    49
  ],
  "pg": [
    3.6453575571814163,
    0.04507349929162217,
    0.04507349929204889,
    0.04507349929162217,
    0.04507349929204889,
    0.09024649929014862,
    0.3927675747942238,
    0.046764999310918876,
    0.03805077776619186,
    0.03805077776619186,
    0.03805077776619186,
    0.03805077776619186,
    0.03805077776619186,
    0.03805077776619186,
    0.0,
    0.023879999272183573,
    0.17909999927027603,
    0.1790999992695328,
    0.031839999245836095,
    0.049749999246574014,
    0.0626849992463184,
    0.1790999993060047,
    0.306948994868087,
    0.702895035585501,
    0.006356931846380501,
    0.6061788582084263,
    0.00018993727221401266,
    0.00018993727221401266,
    0.00018993727221401266,
    0.000651881073677616,
    0.000651881073677616,
    0.41955750186111307,
    7.885658149326e-06,
    0.00011278438229622432,
    0.00011278438229622432,
    0.00011278438229622432,
    0.00011278438229622432,
    1.379069999217356,
    0.11939999923797037,
    0.2586999992349142,
    0.09352999923784132,
    0.09352999923854848,
    0.0935299992377602,
    0.09352999923787035,
    0.09352999923782682,
    0.1741249993138524,
    0.0,
    0.671624999215289,
    0.671624999215289
  ],
  "qg": [
    -0.4666997191955106,
    0.0038056981956247236,
    0.0042887837911763866,
    0.003950632890987067,
    0.0042449324997243295,
    0.007789783213401227,
    -0.17301575422435697,
    -0.005699897842597672,
    -0.034099895055380657,
    -0.034099897324877226,
    -0.03409989467129244,
    -0.03409989835763623,
    -0.03409989831741457,
    -0.03409989436339745,
    0.001187435904192872,
    0.0016796372879840646,
    0.010516455679981308,
    0.012184375290570326,
    -0.003599847988924668,
    -0.005499859016597629,
    -0.006999859028036369,
    -0.021999928245695813,
    -0.05433189384078641,
    -0.10730031997947606,
    0.0017839012427880642,
    0.10372497586440024,
    0.030386727530613177,
    0.09221822350273413,
    0.13626975523373364,
    0.13429725795491004,
    0.1342009970266432,
    -0.035713707591702636,
    -0.006599521409719904,
    -0.09419943711642126,
    -0.0941977522801798,
    -0.0941994342168111,
    -0.09419943399268947,
    0.12283920612666542,
    -0.01329995509600006,
    -0.028899954488968423,
    -0.01039995468627004,
    -0.010399955119624247,
    -0.010399954572293124,
    -0.01039995469173572,
    -0.010399954683625893,
    -0.009961811829897416,
    -0.03226077524751103,
    -0.0193203538012829,
    0.032609061443806694
  ],
  "pd": [
    0.05484336383965815,
    0.01258761025162093,
    0.05901695496733423,
    0.17627852775382064,
    0.3169701361414068,
    0.002250174575953476,
    0.018744028480879776,
    0.33238717383011773,
    0.005302391575019081,
    0.005710839105307666,
    0.008406592805212325,
    0.03420562408198584,
    0.010478535731585328,
    0.017800886001849776,
    0.010047809245099184,
    0.01732560160296851,
    0.4387914686296603,
    0.0038097015097826176,
    0.047818066318694494,
    0.15418522952457447,
    0.02652681051256045,
    0.22135628246021535,
    0.007611976700832716,
    0.04738733983220835,
    0.015186821808002831,
    0.28468792861114356,
    0.007923882087598545,
    0.07090649125809831,
    0.01549130087603614,
    0.007055002795893736,
    0.02375679362533059,
    0.047068008126710005,
    0.011466236123010452,
    0.013530752730650934,
    0.0033121381547037963,
    0.016464148629996223,
    0.005599444324319871,
    0.0041141805778159264,
    0.020934792506973096,
    0.007411466095054682,
    0.010330009356934934,
    0.013679279105301327,
    0.00721095548927665,
    0.027922958434274146,
    0.01739986479029371,
    0.010790441118351157,
    0.1526479815469429,
    0.06345046725064851,
    0.09551731153766868,
    0.024670230829430515,
    0.016330474892810868,
    0.018276170400731036,
    0.1393251657408025,
    0.02671989479960596,
    0.004396380689651675,
    0.006564865759547435,
    0.04079276879773084,
    0.015647253569419053,
    0.006646555265605151,
    0.016642380279576697,
    0.027863547884413996,
    0.035898824753000325,
    0.06125970322455519,
    0.36641456626252317,
    0.06368810945008914,
    0.016954285666342526,
    0.016412164398868587,
    0.36965244122990165,
    0.015610121975756456,
    0.007129265983218933,
    0.01099095172412919,
    0.005421212674739397,
    0.005859365479958062,
    0.021959624492060816,
    0.006252960372781606,
    0.005346949487414199,
    0.042827580130441245,
    0.09034859369983494,
    0.27767005740891243,
    0.003854259422177736,
    0.015283363951525589,
    0.39032731258123665,
    0.003935948928235453,
    0.03337387638394363,
    0.032638670829424184,
    0.01171873095991612,
    0.026578794743688086,
    0.08063496879769914,
    0.06546299962716134,
    0.2530815160855396,
    0.02923741684993015,
    0.006468323616024679,
    0.12389327541462652,
    0.01335252108107046,
    0.004559759701767109,
    0.001440705834108826,
    0.10864704305676355,
    0.5736385641747535,
    0.03267580242308678,
    0.22467584693365167,
    0.011258299198499898,
    0.011458809804277931,
    0.17748901770722136,
    0.008614529729722877,
    0.015543285107163778,
    0.04218891671944454,
    0.008614529729722877,
    0.06097750311271944,
    0.010567651556375564,
    0.27671206229241746,
    0.19883968406321556,
    0.06723788980423358,
    0.011161757054977142,
    0.11912557878834887,
    0.23781300477147907,
    0.10958275921706102,
    0.0665769474370393,
    0.010307730400737375,
    0.010745883205956038,
    0.3401476769056008,
    0.03080437010249181,
    0.028175453271179828,
    0.00800557159365626,
    0.016946859347610005,
    0.01497145856475976,
    0.0074931556011124,
    0.057197506877866906,
    0.011443957166812893,
    0.00910466676606918,
    0.015780927306604412,
    0.038490609990649724,
    0.14118174542393244,
    0.01043397781919021,
    0.022739387958975392,
    0.050647493755784506,
    0.1753205326373256,
    0.05751683858336525,
    0.01067904633736336,
    0.34565057908639796,
    0.0040102121155606504,
    0.006995592246033578,
    0.06839639552650666,
    0.014095152954322433,
    0.008391740167747285,
    0.05764308600181808,
    0.015624974613221496,
    0.12468046520027362,
    0.005436065312204437,
    0.019063360186378126,
    0.00239870095060387,
    0.026771879030733598,
    0.3916714762718227,
    0.16328989629064364,
    0.27904392637442854,
    0.039901610549828465,
    0.016672085554506777,
    0.014926900652364641,
    0.005265259981356483,
    0.007062429114626255,
    0.05705640682194902
  ],