{
  "hour": 4,
  "dispatch": 0,
  "load": 0.7403767697538478,
  "wind": 0.503310484753501,
  "solar": 0.0005139631271111111,
  "gen": [
    47,
    1,
    2,
    3,
    4,
    5,
    6,
    7,
    8,
    9,
    10,
    11,
    12,
    13,
    14,
    15,
    16,
    17,
    18,
    19,
    20,
    21,
    22,
    23,
    24,
    25,
    26,
    27,
    28,
    29,
    30,
    31,
    32,
    33,
    34,
    35,
    36,
    37,
    38,
    39,
    40,
    41,
    42,
    43,
    44,
    45,
    46,
    48,
    49
  ],
  "pg": [
    3.31934640869865,
    0.045073494414234645,
    0.04507349441759755,
    0.045073494414235714,
    0.04507349441759738,
    0.09024649440264244,
    0.43536356931177844,
    0.04676499457339171,
    0.04217741862234339,
    0.04217741862234339,
    0.04217741862234339,
    0.04217741862234339,
    0.04217741862234339,
    0.04217741862234339,
    0.0,
    0.0238799942651262,
    0.1790999942501631,
    0.1790999942442999,
    0.031839994066726926,
    0.04974999407245893,
    0.06268499407045203,
    0.1790999945363824,
    0.3402378876933667,
    0.7791246303984196,
    0.0070463467865490145,
    0.6719194971459239,
    0.00020054841219875556,
    0.00020054841219875556,
    0.00020054841219875556,
    0.0006882994198272,
    0.0006882994198272,
    0.465058887912235,
    8.3262026592e-06,
    0.00011908525655164445,
    0.00011908525655164445,
    0.00011908525655164445,
    0.00011908525655164445,
    1.3790699938372877,
    0.1193999940018735,
    0.25869999397767107,
    0.09352999400081258,
    0.09352999400641447,
    0.09352999400015398,
    0.09352999400103863,
    0.09352999400069954,
    0.17412499459868871,
    0.0,
    0.6716249938191645,
    0.6716249938191717
  ],
  "qg": [
    -0.4666979991829004,
    0.003913420037321469,
    0.0044237588931815945,
    0.004057681284363895,
    0.0043801387365914254,
    0.007919645844551728,
    -0.16481234258236094,
    -0.00569916562901549,
    -0.03409914360959136,
    -0.03409916451488431,
    -0.034099140646473874,
    -0.03409917356464546,
    -0.03409917326336391,
    -0.03409913831116945,
    0.0012060853499243933,
    0.0016740381933025988,
    0.010444560646289956,
    0.012128476577425435,
    -0.003598836286275458,
    -0.00549893216856419,
    -0.006998934139025537,
    -0.021999424515477463,
    -0.06192885080736024,
    -0.12135820402844559,
    0.0015249428392406915,
    0.09763251154900775,
    0.030090765696600248,
    0.0913167182967057,
    0.13493938273029013,
    0.131315699689166,
    0.13122416430510433,
    -0.03404866926399074,
    -0.006588558505191537,
    -0.09418591210177957,
    -0.09413406780053644,
    -0.09418585383269862,
    -0.09418584973661642,
    0.11815123322476723,
    -0.013299642764274002,
    -0.028899637819504706,
    -0.010399639306920606,
    -0.010399642884478795,
    -0.010399638347599603,
    -0.010399639345686516,
    -0.010399639288292637,
    -0.01211238198764154,
    -0.03143237696090647,
    -0.019969309006035076,
    0.03196574748618251
  ],
  "pd": [
    0.05467682444632166,
    0.01254938624732772,
    0.058837741892338286,
    0.17574323383647086,
    0.31600761286633733,
    0.002243341612354159,
    0.018687109668587117,
    0.33137783460642717,
    0.005286290136042473,
    0.00569349735940709,
    0.008381065033613558,
    0.03410175401486223,
    0.010446716221226792,
    0.017746831170999733,
    0.010017297694769561,
    0.01727299003835727,
    0.4374590181767585,
    0.0037981328288372394,
    0.04767286020445026,
    0.15371702493629388,
    0.026446258215607445,
    0.2206841037605294,
    0.00758886188997694,
    0.047243441677993034,
    0.015140704941466188,
    0.2838234346851376,
    0.007899820133273557,
    0.07069117397609738,
    0.015444259417065266,
    0.007033579312661554,
    0.02368465286442559,
    0.04692507966699888,
    0.01143141732499941,
    0.013489664744915107,
    0.0033020803931021617,
    0.016414152985442805,
    0.005582440843944012,
    0.004101687304436317,
    0.02087122113936097,
    0.0073889601621434,
    0.010298640867276023,
    0.013637740098865876,
    0.007189058434309862,
    0.02783816654274467,
    0.017347027715332655,
    0.010757674464523408,
    0.15218444502290343,
    0.06325779120776875,
    0.09522726012573991,
    0.024595316291222823,
    0.016280885166887114,
    0.018220672303642195,
    0.1389020857735194,
    0.026638756175743444,
    0.004383030476942779,
    0.006544930644624015,
    0.04066889596257887,
    0.015599738538713572,
    0.006626372089296937,
    0.01659184341018373,
    0.02777893640116437,
    0.035789813049901,
    0.06107367973699491,
    0.36530189819654857,
    0.06349471177409,
    0.016902801653480345,
    0.01636232661156004,
    0.36852994091267527,
    0.015562719700225882,
    0.007107616989636938,
    0.010957576192356948,
    0.005404750419203089,
    0.00584157271335786,
    0.02189294108162128,
    0.006233972401327399,
    0.005330712742227704,
    0.04269752831170441,
    0.09007423780825313,
    0.2768268742109637,
    0.0038425554350224704,
    0.015236953921534188,
    0.38914203018262244,
    0.003923996879695394,
    0.033272532032737924,
    0.03253955903068161,
    0.011683145426715717,
    0.026498084589490215,
    0.0803901096598728,
    0.06526421225380168,
    0.25231299936441376,
    0.02914863342520899,
    0.006448681664556015,
    0.12351705649803443,
    0.013311974320174183,
    0.004545913366288626,
    0.0014363309333224649,
    0.10831712141498795,
    0.5718966320286623,
    0.0325765778691693,
    0.2239935879213291,
    0.011224111829468333,
    0.011424013557301872,
    0.17695004797116962,
    0.008588370529144634,
    0.015496085790948036,
    0.04206080428971609,
    0.008588370529144634,
    0.060792336564488444,
    0.010535561433597254,
    0.2758717881779813,
    0.19823588010159274,
    0.06703371273351338,
    0.011127862849400332,
    0.11876383763621473,
    0.2370908529782747,
    0.10924999614487778,
    0.06637477740843245,
    0.010276429564183407,
    0.010713251858338178,
    0.3391147718503549,
    0.030710828409389608,
    0.028089894644460985,
    0.007981261577946479,
    0.016895397885782808,
    0.014925995678237573,
    0.007470401606816324,
    0.05702381880644136,
    0.011409206021906794,
    0.009077019197182174,
    0.015733006357269267,
    0.038373727976341934,
    0.14075302769790402,
    0.010402293615041561,
    0.022670336689862822,
    0.05049369569721242,
    0.1747881478034884,
    0.057342180817435515,
    0.010646617949060333,
    0.34460096371423093,
    0.003998034556670778,
    0.006974349171081246,
    0.06818870049432939,
    0.014052351089928031,
    0.008366257498218479,
    0.05746804486829366,
    0.015577527235620958,
    0.12430185587397352,
    0.005419557954598166,
    0.019005471679581273,
    0.0023914169663049284,
    0.026690582549626213,
    0.3904821121358769,
    0.16279404413347606,
    0.2781965712350083,
    0.03978044383887424,
    0.016621458480973884,
    0.01488157307205234,
    0.005249271297554781,
    0.0070409830803590924,
    0.05688314722018813
  ],