{
  "hour": 4,
  "dispatch": 1,
  "load": 0.7386545121319111,
  "wind": 0.5409208308095489,
  "solar": 0.0005110250533977779,
  "gen": [
    47,
    1,
    2,
    3,
    4,
    5,
    6,
    7,
    8,
    9,
    10,
    11,
    12,
    13,
    14,
    15,
    16,
    17,
    18,
    19,
    20,
    21,
    22,
    23,
    24,
    25,
    26,
    27,
    28,
    29,
    30,
    31,
    32,
    33,
    34,
    35,
    36,
    37,
    38,
    39,
    40,
    41,
    42,
    43,
    44,
    45,
    46,
    48,
    49
  ],
  "pg": [
    3.0709039133313287,
    0.0450734981017993,
    0.0450734981029409,
    0.04507349810179932,
    0.045073498102940895,
    0.09024649809785394,
    0.46789651865025983,
    0.04676499815768527,
    0.0453291656218402,
    0.0453291656218402,
    0.0453291656218402,
    0.0453291656218402,
    0.0453291656218402,
    0.0453291656218402,
    0.0,
    0.023879998052257087,
    0.17909999804713447,
    0.1790999980451404,
    0.03183999798725137,
    0.0497499979891432,
    0.06268499798845675,
    0.17909999814558264,
    0.365662481627255,
    0.8373454460931817,
    0.007572891631333685,
    0.7221293091307479,
    0.0001994019758358129,
    0.0001994019758358129,
    0.0001994019758358129,
    0.0006843647515103041,
    0.0006843647515103041,
    0.4998108476680232,
    8.278605865044001e-06,
    0.00011840450487226513,
    0.00011840450487226513,
    0.00011840450487226513,
    0.00011840450487226513,
    1.3790699979079102,
    0.11939999796444417,
    0.25869999795618703,
    0.09352999796407623,
    0.09352999796598628,
    0.0935299979638479,
    0.09352999796415236,
    0.09352999796403819,
    0.17412499816686788,
    0.0,
    0.6716249979013251,
    0.6716249979013252
  ],
  "qg": [
    -0.46669938117076837,
    0.004005436748983609,
    0.004539797140730018,
    0.0041498801287994614,
    0.004496085454654893,
    0.008035563541349714,
    -0.15830685752831258,
    -0.005699725284321283,
    -0.034099717799823494,
    -0.034099724096981095,
    -0.03409971679162852,
    -0.034099726915903454,
    -0.03409972681041727,
    -0.034099715988171485,
    0.0011654976698121779,
    0.0016691537043031013,
    0.010409061857377824,
    0.01210197404718525,
    -0.0035996302718999695,
    -0.00549965519353004,
    -0.006999655320432146,
    -0.021999807881054066,
    -0.06697265426755887,
    -0.1302809931106612,
    0.0013999583675479489,
    0.09394008024143083,
    0.029869249200939526,
    0.0906437694495113,
    0.13394648761511307,
    0.12916903173428593,
    0.1290799999194992,
    -0.032180587161111246,
    -0.006598261331913006,
    -0.09419793623912039,
    -0.09419160924672598,
    -0.09419792238378724,
    -0.094197921354626,
    0.1156290840760546,
    -0.013299877852502999,
    -0.028899876120062756,
    -0.010399876688712648,
    -0.01039987790888674,
    -0.010399876361865323,
    -0.010399876702551053,
    -0.010399876682039389,
    -0.013218297811006368,
    -0.03219702936677963,
    -0.02038397517953814,
    0.03156605707656287
  ],
  "pd": [
    0.05454963572094164,
    0.012520193980635894,
    0.05870087407912298,
    0.17533442154475173,
    0.3152725188681423,
    0.002238123171759691,
    0.018643639886209436,
    0.33060698654000076,
    0.005273993216621845,
    0.005680253198294396,
    0.008361569077333235,
    0.034022426828795825,
    0.010422415166181266,
    0.01770554865580191,
    0.009993995549144758,
    0.017232809768037486,
    0.43644140503826095,
    0.003789297647236704,
    0.04756196403617376,
    0.1533594498088274,
    0.02638473917335187,
    0.22017075043115875,
    0.007571208749352089,
    0.04713354441913725,
    0.015105484773097583,
    0.28316320722576815,
    0.007881443644447492,
    0.07052673281835488,
    0.015408333123071665,
    0.007017217865253156,
    0.023629557843099835,
    0.04681592297892053,
    0.01140482566731671,
    0.013458285211043421,
    0.003294399124108324,
    0.01637597053396447,
    0.0055694550214746095,
    0.004092145997210788,
    0.020822670696998575,
    0.0073717720310764725,
    0.010274684263754883,
    0.013606016113469802,
    0.007172335312800857,
    0.02777340965615985,
    0.017306675219250677,
    0.010732650061276668,
    0.15183043496871435,
    0.06311064151655049,
    0.09500574335040642,
    0.024538102893022086,
    0.016243012721780727,
    0.018178287543566332,
    0.13857897302106784,
    0.02657678934650616,
    0.004372834711820914,
    0.0065297058872460945,
    0.04057429235140588,
    0.015563450570619367,
    0.006610957883580604,
    0.016553247616876127,
    0.027714317295189306,
    0.03570655911645657,
    0.060931610705761356,
    0.364452136285885,
    0.0633470109604327,
    0.01686348251197153,
    0.01632426471811524,
    0.36767266995878006,
    0.015526517845012772,
    0.007091083316466346,
    0.010932086779552284,
    0.005392177938562951,
    0.005827984100720779,
    0.021842013923740612,
    0.006219470992150692,
    0.00531831248734976,
    0.04259820571464733,
    0.0898647079459683,
    0.2761829220861216,
    0.003833616917964619,
    0.015201509859674733,
    0.38823681157653256,
    0.003914868914299129,
    0.03319513377520809,
    0.032463865808197497,
    0.011655968201441557,
    0.026436444989201103,
    0.08020310692728291,
    0.06511239524442797,
    0.25172607118943396,
    0.029080828142633342,
    0.006433680800668947,
    0.12322973225896675,
    0.013281008128131763,
    0.004535338704489934,
    0.0014329897535359077,
    0.10806515512489862,
    0.5705662913511734,
    0.03250079853380409,
    0.22347253610038836,
    0.011198002403919773,
    0.011397439122195388,
    0.17653842839952674,
    0.008568392340730169,
    0.0154600389389209,
    0.04196296283421387,
    0.008568392340730169,
    0.06065092199115123,
    0.010511053707637096,
    0.2752300577654715,
    0.1977747456233192,
    0.06687777952842325,
    0.011101977317342625,
    0.11848757029107987,
    0.2365393344200019,
    0.10899585981018481,
    0.06622037701262583,
    0.010252524628390927,
    0.010688330790548754,
    0.33832592619177926,
    0.030639389163231678,
    0.02802455219028471,
    0.007962695640782001,
    0.016856095966850212,
    0.014891274964579329,
    0.007453024027410983,
    0.0568911705243998,
    0.01138266603195275,
    0.009055904318737231,
    0.015696408382803114,
    0.038284463363796956,
    0.14042560930139764,
    0.01037809589545335,
    0.02261760116147912,
    0.050376237727396335,
    0.1743815572241016,
    0.05720879196461652,
    0.010621851884456883,
    0.3437993561266767,
    0.00398873436551232,
    0.0069581255042826026,
    0.06803008056734902,
    0.014019662640263674,
    0.008346795987090596,
    0.05733436323167894,
    0.01554129093525541,
    0.12401270604182657,
    0.00540695102880559,
    0.018961261326426157,
    0.002385854074186073,
    0.026628495162355395,
    0.38957377624349127,
    0.1624153541275646,
    0.2775494329335656,
    0.03968790693684759,
    0.016582793797361405,
    0.014846955693851414,
    0.00523706049101525,
    0.007024604410374474,
    0.05675082616709473
  ],