{
  "hour": 5,
  "dispatch": 1,
  "load": 0.7329441747639934,
  "wind": 0.6915269453310178,
  "solar": 0.0005196151341466667,
  "gen": [
    47,
    1,
    2,
    3,
    4,
    5,
    6,
    7,
    8,
    9,
    10,
    11,
    12,
    13,
    14,
    15,
    16,
    17,
    18,
    19,
    20,
    21,
    22,
    23,
    24,
    25,
    26,
    27,
    28,
    29,
    30,
    31,
    32,
    33,
    34,
    35,
    36,
    37,
    38,
    39,
    40,
    41,
    42,
    43,
    44,
    45,
    46,
    48,
    49
  ],
  "pg": [
    2.0974723320108435,
    0.045073496764223654,
    0.04507349676616368,
    0.04507349676422394,
    0.04507349676616362,
    0.09024649675750637,
    0.5981708077113304,
    0.04676499687170797,
    0.0579499580187393,
    0.0579499580187393,
    0.0579499580187393,
    0.0579499580187393,
    0.0579499580187393,
    0.0579499580187393,
    0.0,
    0.02387999668747174,
    0.17909999667869259,
    0.17909999667529009,
    0.03183999659266796,
    0.049749996595682335,
    0.06268499659450867,
    0.17909999685419536,
    0.46747221504376796,
    1.0704837113724155,
    0.00968137723463425,
    0.9231884720169087,
    0.00020275382534402936,
    0.00020275382534402936,
    0.00020275382534402936,
    0.000695868587649216,
    0.000695868587649216,
    0.6389708974858604,
    8.417765173176e-06,
    0.00012039482658178267,
    0.00012039482658178267,
    0.00012039482658178267,
    0.00012039482658178267,
    1.3790699964490272,
    0.11939999654872928,
    0.25869999653455383,
    0.09352999654807148,
    0.09352999655134556,
    0.0935299965476656,
    0.09352999654819838,
    0.09352999654800803,
    0.17412499689139985,
    0.0,
    0.6716249964344523,
    0.6716249964344538
  ],
  "qg": [
    -0.46669915148056357,
    0.004482960331171478,
    0.005139010530456302,
    0.004626633008822159,
    0.005095502878624672,
    0.008630254647847535,
    -0.13032101416109107,
    -0.005699533523390793,
    -0.03409952060312976,
    -0.034099531704882766,
    -0.034099518976241965,
    -0.034099536553865314,
    -0.03409953638217258,
    -0.03409951769248832,
    0.0011341893716247916,
    0.0016511884301164505,
    0.010232772679305967,
    0.01196304919611112,
    -0.0035994445610807433,
    -0.0054994781141036505,
    -0.006999478406840376,
    -0.021999674305909225,
    -0.08040879177363619,
    -0.1500470347396765,
    0.0009125287685044231,
    0.08847856664601031,
    0.02911493618982489,
    0.0883488885193749,
    0.13056013855608675,
    0.12207277078471622,
    0.12199332607510689,
    -0.01940318018807975,
    -0.0065974014255027165,
    -0.09419694449610967,
    -0.09419120436632122,
    -0.09419692443937107,
    -0.09419692296209355,
    0.10526895929392484,
    -0.01329978945819828,
    -0.028899786336944486,
    -0.010399787369510154,
    -0.010399789541787122,
    -0.010399786778186017,
    -0.01039978739164902,
    -0.010399787358873076,
    -0.017101453708909982,
    -0.03230257863926468,
    -0.02120547335678553,
    0.030735441316537927
  ],
  "pd": [
    0.05412792730632091,
    0.012423403762249688,
    0.05824707356849456,
    0.17397895876372912,
    0.31283523267276764,
    0.0022208208495349,
    0.018499510971043194,
    0.3280511537408682,
    0.005233221407814913,
    0.005636340703935109,
    0.008296928058328405,
    0.03375940868962953,
    0.010341842305919946,
    0.017568671869092924,
    0.009916734684556831,
    0.017099587597243966,
    0.43306739510105313,
    0.0037600036165392862,
    0.04719427541305354,
    0.15217386956450032,
    0.026180765922569845,
    0.21846867017190352,
    0.007512677791330933,
    0.04676916779169042,
    0.014988708373923664,
    0.2809741493957769,
    0.00782051434473181,
    0.06998150980646609,
    0.015289215485576903,
    0.006962969660257937,
    0.023446884150700148,
    0.04645400179654191,
    0.011316658058356058,
    0.01335424286419996,
    0.003268931019447411,
    0.016249372354517733,
    0.00552639907772051,
    0.004060510728192524,
    0.020661696286596976,
    0.007314782864144654,
    0.010195253470967149,
    0.013500831699152758,
    0.007116887936958376,
    0.027558700971126143,
    0.017172882014720364,
    0.010649678859320824,
    0.15065667512273886,
    0.0626227502918356,
    0.09427127975814484,
    0.02434840548565986,
    0.016117442403060216,
    0.018037756140941878,
    0.1375076566274728,
    0.026371331408008482,
    0.004339029514602841,
    0.006479226504913702,
    0.04026062351978616,
    0.01544313376227734,
    0.006559850364137741,
    0.016425278956461092,
    0.027500065437145033,
    0.035430521408091435,
    0.06046056497628182,
    0.3616346558285544,
    0.06285729242776007,
    0.01673311550986197,
    0.016198066262284257,
    0.36483029243052534,
    0.015406486553539142,
    0.007036264077734336,
    0.010847573786507103,
    0.005350492475777152,
    0.005782929538887909,
    0.021673159247771284,
    0.006171389951512825,
    0.0052771980583007526,
    0.04226889055863951,
    0.08916998830178745,
    0.27404782694425717,
    0.003803980267025126,
    0.015083991116642985,
    0.385235458255955,
    0.003884604126249165,
    0.032938511213893865,
    0.032212896480877516,
    0.011565859077775815,
    0.026232072014803327,
    0.0795830784958744,
    0.06460902900544602,
    0.2497800453178213,
    0.02885601216045842,
    0.0063839437621943836,
    0.12227707667587703,
    0.0131783362622566,
    0.004500277233050919,
    0.0014219116990421474,
    0.10722973276797225,
    0.5661553983546991,
    0.03224954368961571,
    0.22174493063309855,
    0.01111143368942214,
    0.011309328616608418,
    0.17517365776859442,
    0.008502152427262323,
    0.015340521577810382,
    0.04163855856834247,
    0.008502152427262323,
    0.0601820461898715,
    0.010429795606891626,
    0.27310232895881165,
    0.19624580279305923,
    0.06636076558313198,
    0.011016150946702821,
    0.11757157507389218,
    0.23471071308467362,
    0.10815324242817487,
    0.06570844526759201,
    0.010173265145724229,
    0.010605702208834986,
    0.33571042036715193,
    0.03040252436921045,
    0.027807901990545912,
    0.007901138203955849,
    0.01672578606811433,
    0.014776154563242109,
    0.007395406723368693,
    0.056451360340322776,
    0.011294669733113138,
    0.00898589558260656,
    0.015575063713734861,
    0.03798849657801778,
    0.1393400170643828,
    0.010297865655434108,
    0.02244275063127348,
    0.04998679271890435,
    0.17303346077828358,
    0.056766526335471294,
    0.010539737233106226,
    0.34114153670215314,
    0.003957898543725565,
    0.006904334126276818,
    0.0675041584957638,
    0.013911280437020595,
    0.008282269174833125,
    0.05689112684518117,
    0.015421145437034421,
    0.12305399750112686,
    0.005365151359272432,
    0.01881467696619171,
    0.0023674096844876987,
    0.02642263750024196,
    0.3865620872122778,
    0.16115976514710686,
    0.2754037736675705,
    0.03938109051006937,
    0.016454596723451655,
    0.014732177912756267,
    0.005196574199076713,
    0.006970299102005577,
    0.05631210094711761
  ],