{
  "hour": 5,
  "dispatch": 3,
  "load": 0.7304030726805467,
  "wind": 0.8102080180586366,
  "solar": 0.0005656476334922223,
  "gen": [
    47,
    1,
    2,
    3,
    4,
    5,
    6,
    7,
    8,
    9,
    10,
    11,
    12,
    13,
    14,
    15,
    16,
    17,
    18,
    19,
    20,
    21,
    22,
    23,
    24,
    25,
    26,
    27,
    28,
    29,
    30,
    31,
    32,
    33,
    34,
    35,
    36,
    37,
    38,
    39,
    40,
    41,
    42,
    43,
    44,
    45,
    46,
    48,
    49
  ],
  "pg": [
    1.3635429676537203,
    0.04507349612097707,
    0.04507349612329655,
    0.04507349612097769,
    0.045073496123296405,
    0.09024649611293242,
    0.7008299356207207,
    0.046764996261212485,
    0.06789543191331376,
    0.06789543191331376,
    0.06789543191331376,
    0.06789543191331376,
    0.06789543191331376,
    0.06789543191331376,
    0.0,
    0.02387999603661518,
    0.17909999602604215,
    0.17909999602196486,
    0.03183999593712993,
    0.04974999594059546,
    0.06268499593918715,
    0.17909999624309042,
    0.5477006202076383,
    1.2542020119547694,
    0.011342912252820914,
    1.0816277041082798,
    0.00022071570658866515,
    0.00022071570658866515,
    0.00022071570658866515,
    0.0007575153107727841,
    0.0007575153107727841,
    0.7486322086861803,
    9.163491662574001e-06,
    0.0001310605566801479,
    0.0001310605566801479,
    0.0001310605566801479,
    0.0001310605566801479,
    1.3790699957579824,
    0.11939999587983681,
    0.25869999586285286,
    0.09352999587905425,
    0.09352999588296922,
    0.09352999587856807,
    0.09352999587920577,
    0.09352999587897846,
    0.17412499628899536,
    0.0,
    0.6716249957368368,
    0.67162499573684
  ],
  "qg": [
    -0.4666990798892536,
    0.004987071858885698,
    0.005770915928988476,
    0.005130224226063919,
    0.005727526552823632,
    0.009262983035438776,
    -0.10608640357822949,
    -0.0056994459799644005,
    -0.03409943068845229,
    -0.034099444045023006,
    -0.034099428841646545,
    -0.03409944979180054,
    -0.03409944959309166,
    -0.03409942739213314,
    0.0011223277416594448,
    0.0016402257633058085,
    0.010130394325743131,
    0.011879151945284123,
    -0.003599378345378433,
    -0.005499413438129407,
    -0.006999413768520399,
    -0.02199961196261625,
    -0.08348223294673245,
    -0.14788477954434565,
    0.0006920308173991517,
    0.09482629259023118,
    0.028736415037295765,
    0.08719723822867921,
    0.1288608272098345,
    0.11869858536593883,
    0.11862358064819958,
    -0.0032791481545643426,
    -0.006597230540016195,
    -0.094196842663122,
    -0.09419196933946118,
    -0.09419682602398174,
    -0.0941968247864094,
    0.09925869770680315,
    -0.01329974875177737,
    -0.028899745021926413,
    -0.010399746242606325,
    -0.010399748845093036,
    -0.010399745532766246,
    -0.010399746268599656,
    -0.010399746230130411,
    -0.018483058752416057,
    -0.03233459768620177,
    -0.020874117300107867,
    0.031016611099528368
  ],
  "pd": [
    0.053940266917458374,
    0.012380332081935267,
    0.05804513218592305,
    0.17337577736218138,
    0.31175063948151094,
    0.0022131213102220566,
    0.018435373554457,
    0.32691380727035907,
    0.005215077938939103,
    0.0056167996289134044,
    0.008268162782743789,
    0.03364236552766598,
    0.010305987355522513,
    0.017507761652152707,
    0.009882353573367798,
    0.017040303685637154,
    0.43156595952402776,
    0.003746967762851205,
    0.047030653849900406,
    0.15164628594993512,
    0.02608999775614913,
    0.21771124387389057,
    0.0074866314949756044,
    0.04660702006774569,
    0.01493674283631718,
    0.2800000179120876,
    0.007793400785501434,
    0.0697388853795386,
    0.015236208096116205,
    0.006938829190465194,
    0.02336559429505069,
    0.046292946746493056,
    0.011277423442187642,
    0.01330794398423956,
    0.0032575977041552386,
    0.01619303612132772,
    0.0055072391680113224,
    0.004046433022650229,
    0.02059006261886461,
    0.0072894226653518555,
    0.010159906740986406,
    0.01345402459877567,
    0.007092213835728108,
    0.02746315553278855,
    0.01711334399290521,
    0.010612756646048344,
    0.15013435158948638,
    0.06240563852982591,
    0.09394444320817193,
    0.024263990074447763,
    0.016061563568245223,
    0.017975219618668256,
    0.13703092046559737,
    0.02627990255504607,
    0.004323986190268836,
    0.006456763162496033,
    0.04012104078234244,
    0.015389592741379118,
    0.006537107500490893,
    0.01636833285877105,
    0.02740472328697411,
    0.03530768453337762,
    0.060250949465418306,
    0.36038087606058183,
    0.06263936751308369,
    0.01667510214929688,
    0.016141907906240083,
    0.36356543345746895,
    0.015353072587745093,
    0.007011869497733248,
    0.010809965475672091,
    0.005331942430567991,
    0.005762880243449515,
    0.021598018859163765,
    0.006149993871970204,
    0.005258902123299936,
    0.04212234520148714,
    0.08886083782231531,
    0.2730977088752564,
    0.0037907919472120375,
    0.015031695235765653,
    0.3838998550008954,
    0.0038711362852068974,
    0.03282431408626377,
    0.03210121504431003,
    0.011525760486899026,
    0.02614112597123677,
    0.07930716563165376,
    0.06438503085679019,
    0.24891406313880352,
    0.028755968971433125,
    0.0063618107630475625,
    0.12185314461529562,
    0.01313264724679623,
    0.004484674866258556,
    0.0014169819610002608,
    0.106857969533164,
    0.5641925494613615,
    0.03213773519794405,
    0.22097614560877257,
    0.011072910581837089,
    0.011270119411460834,
    0.17456633437065067,
    0.00847267564309434,
    0.015287336311203843,
    0.04149419855898186,
    0.00847267564309434,
    0.05997339629779969,
    0.01039363572424418,
    0.2721554889114986,
    0.19556542271021637,
    0.0661306942004967,
    0.010977958182388618,
    0.1171639568886865,
    0.2338969759644915,
    0.10777827740474147,
    0.06548063546581101,
    0.010137994648805989,
    0.01056893246168751,
    0.3345465193798708,
    0.03029711945478908,
    0.027711492577499944,
    0.007873745123496293,
    0.016667798118570075,
    0.014724925945239822,
    0.007369767003346716,
    0.056255644657855715,
    0.011255511350007226,
    0.008954741671063502,
    0.015521065294461619,
    0.037856791257032736,
    0.13885692814729875,
    0.010262163171161682,
    0.022364942085478342,
    0.049813489556813285,
    0.17243355739842348,
    0.05656971797910835,
    0.010503196185146262,
    0.33995880614843366,
    0.0039441765924749525,
    0.0068803969446507495,
    0.06727012299387837,
    0.013863050319476777,
    0.008253554721290177,
    0.05669388650146403,
    0.015367680649198703,
    0.122627371872337,
    0.005346550492021602,
    0.018749446875709633,
    0.002359201924758166,
    0.02633103077013371,
    0.38522188456244716,
    0.1606010276209986,
    0.2744489545597154,
    0.039244557095125775,
    0.016397548981678275,
    0.014681101760878989,
    0.0051785577853050765,
    0.006946133221191999,
    0.0561168680740464
  ],