{
  "hour": 6,
  "dispatch": 2,
  "load": 0.7867124498397955,
  "wind": 1.1045262764173422,
  "solar": 0.0005155108273622222,
  "gen": [
    47,
    1,
    2,
    3,
    4,
    5,
    6,
    7,
    8,
    9,
    10,
    11,
    12,
    13,
    14,
    15,
    16,
    17,
    18,
    19,
    20,
    21,
    22,
    23,
    24,
    25,
    26,
    27,
    28,
    29,
    30,
    31,
    32,
    33,
    34,
    35,
    36,
    37,
    38,
    39,
    40,
    41,
    42,
    43,
    44,
    45,
    46,
    48,
    49
  ],
  "pg": [
    0.4906899843373147,
    0.04507349951275903,
    0.045073499513047816,
    0.04507349951275904,
    0.045073499513047816,
    0.09024649951175175,
    0.9554152291010012,
    0.046764999533745855,
    0.0925593019637733,
    0.0925593019637733,
    0.0925593019637733,
    0.0925593019637733,
    0.0925593019637733,
    0.0925593019637733,
    0.0,
    0.023879999506475524,
    0.1790999995051411,
    0.1790999995046365,
    0.03183999949484156,
    0.04974999949526607,
    0.06268499949508971,
    0.17909999953208625,
    0.7466597628581233,
    1.709806675894046,
    0.015463367869842792,
    1.4745425790171518,
    0.0002011523248367391,
    0.0002011523248367391,
    0.0002011523248367391,
    0.0006903721000034879,
    0.0006903721000034879,
    1.0205822794096242,
    8.351275403268e-06,
    0.00011944385869982689,
    0.00011944385869982689,
    0.00011944385869982689,
    0.00011944385869982689,
    1.3790699994735234,
    0.11939999948696985,
    0.2586999994849041,
    0.09352999948689282,
    0.09352999948736589,
    0.09352999948684117,
    0.0935299994869129,
    0.09352999948688279,
    0.17412499953966973,
    0.0,
    0.6716249994677148,
    0.6716249994677148
  ],
  "qg": [
    -0.46669988826442155,
    0.007380945145608948,
    0.008767393361923751,
    0.007524330276339208,
    0.008723622660430213,
    0.012302123149210904,
    -0.03948028697930984,
    -0.005699929826432793,
    -0.03409992759515284,
    -0.034099929394059855,
    -0.03409992738631237,
    -0.034099930136956086,
    -0.03409993011246621,
    -0.034099927224168644,
    0.0014668238303343635,
    0.0018070628280162017,
    0.011745362318931338,
    0.01314387788228898,
    -0.003599924053775699,
    -0.00549992795155963,
    -0.006999927944235495,
    -0.021999950668388415,
    -0.05196581481277937,
    -0.05291005137942786,
    0.0016021589020536109,
    0.19020281341388703,
    0.0342481977077216,
    0.10396882341865314,
    0.15360509200103692,
    0.16069073221977048,
    0.16055404628010744,
    0.07315509884868458,
    -0.0065997361532563895,
    -0.09419969993750373,
    -0.09419924264201984,
    -0.09419969819217154,
    -0.09419969805517563,
    0.12560643466626498,
    -0.013299970551597642,
    -0.02889997017523872,
    -0.010399970292555667,
    -0.010399970567641087,
    -0.010399970221490685,
    -0.010399970296321264,
    -0.01039997029073089,
    -0.009098668450996876,
    -0.0322120350076193,
    -0.011476556014833156,
    0.03996307658884026
  ],
  "pd": [
    0.0580987144206689,
    0.013334776024784533,
    0.06252003838876855,
    0.18674193421847227,
    0.3357846078406215,
    0.0023837387230145803,
    0.01985662223395644,
    0.3521167582992957,
    0.005617126891856139,
    0.006049818739268027,
    0.008905584932186485,
    0.036235975439620975,
    0.011100512667239514,
    0.0188574974226599,
    0.010644219446332433,
    0.018354001454762427,
    0.4648369181123415,
    0.004035834867678151,
    0.05065641464518443,
    0.16333723883573834,
    0.028101368708277497,
    0.23449537992374783,
    0.008063802610857904,
    0.05020012142427736,
    0.01608826959922382,
    0.3015862176460856,
    0.008394221839790618,
    0.07511530471070367,
    0.016410821703658134,
    0.007473768273478057,
    0.025166931270375056,
    0.049861835070846246,
    0.012146840225526442,
    0.014333900836081074,
    0.0035087375262854883,
    0.017441415012948266,
    0.005931811871792058,
    0.0043583869721124675,
    0.022177423960983836,
    0.00785139024940116,
    0.010943170177271555,
    0.014491243326049032,
    0.007638977887944414,
    0.0295803881139763,
    0.018432672699746407,
    0.011430931896172229,
    0.16170874406456998,
    0.06721671171431212,
    0.10118695529839451,
    0.026134587583678006,
    0.0172998067719771,
    0.019360993390557368,
    0.14759512271444403,
    0.02830591394523584,
    0.004657337703051589,
    0.006954538056583793,
    0.04321411486969997,
    0.01657603131812449,
    0.00704107642606617,
    0.017630226000909816,
    0.029517451117989126,
    0.0380296798252557,
    0.06489590998728474,
    0.3881639227509552,
    0.06746845969826086,
    0.01796064522984253,
    0.01738634514145948,
    0.39159398903225656,
    0.0165366956956325,
    0.007552439518462036,
    0.011643344257628974,
    0.005743000883830507,
    0.006207161229235987,
    0.023263087141762753,
    0.006624118827651079,
    0.005664329638846527,
    0.04536970698226102,
    0.09571143664750953,
    0.29415178499509953,
    0.004083037614668539,
    0.016190542217702993,
    0.41349606363579655,
    0.004169575984150916,
    0.03535485749580041,
    0.03457601217045901,
    0.012414322458471972,
    0.028156438579766283,
    0.08542123780360499,
    0.06934870245337797,
    0.2681037357809039,
    0.03097286915019275,
    0.006852265438104619,
    0.1312472380067731,
    0.014145089848119522,
    0.004830414442016344,
    0.0015262221526892033,
    0.11509603141156209,
    0.6076881647542517,
    0.034615347792951,
    0.2380119845745317,
    0.0119265607395713,
    0.012138973101028044,
    0.1880242755117111,
    0.009125864418141626,
    0.01646589157514692,
    0.04469313427539878,
    0.009125864418141626,
    0.0645969592563456,
    0.011194918161220289,
    0.2931369259348063,
    0.21064225844460524,
    0.0712289452084951,
    0.011824288121092126,
    0.1261965440788016,
    0.2519289278121977,
    0.11608728909836022,
    0.07052877112813766,
    0.01091956880377636,
    0.011383729149181841,
    0.3603379034001215,
    0.03263283241935472,
    0.02984787034692184,
    0.008480760209272995,
    0.017952778105344132,
    0.015860122988770278,
    0.007937928618883537,
    0.06059259288666105,
    0.012123238852031249,
    0.009645094635035894,
    0.016717639559095655,
    0.0407753062751966,
    0.14956190383904353,
    0.011053309920249126,
    0.02408913521409454,
    0.05365378907907405,
    0.18572707515817893,
    0.06093087924009216,
    0.011312925028696259,
    0.3661674426534344,
    0.004248247229134896,
    0.007410831277490873,
    0.07245621663024518,
    0.014931802297959318,
    0.008889850683189688,
    0.06106462035656492,
    0.016552429944629295,
    0.13208115320360328,
    0.005758735132827303,
    0.02019490858738755,
    0.0025410812129825393,
    0.028360983816724625,
    0.4149200131700066,
    0.1729823334707742,
    0.29560720302730314,
    0.04227005992989221,
    0.01766169449890341,
    0.01581292024177989,
    0.00557779126936415,
    0.007481635397976454,
    0.06044311752119148
  ],