{
  "hour": 8,
  "dispatch": 0,
  "load": 0.9745001832290366,
  "wind": 0.6830951243756211,
  "solar": 0.08430991512391778,
  "gen": [
    47,
    1,
    2,
    3,
    4,
    5,
    6,
    7,
    8,
    9,
    10,
    11,
    12,
    13,
    14,
    15,
    16,
    17,
    18,
    19,
    20,
    21,
    22,
    23,
    24,
    25,
    26,
    27,
    28,
    29,
    30,
    31,
    32,
    33,
    34,
    35,
    36,
    37,
    38,
    39,
    40,
    41,
    42,
    43,
    44,
    45,
    46,
    48,
    49
  ],
  "pg": [
    5.389326117654184,
    0.045073495156214866,
    0.04507349515910193,
    0.045073495156215566,
    0.045073495159101674,
    0.09024649514625879,
    0.5908772825849122,
    0.04676499531128562,
    0.05724337142267706,
    0.05724337142267706,
    0.05724337142267706,
    0.05724337142267706,
    0.05724337142267706,
    0.05724337142267706,
    0.0,
    0.02387999508610441,
    0.17909999507347293,
    0.17909999506861823,
    0.03183999484264832,
    0.049749994848971565,
    0.06268499484730992,
    0.17909999527548212,
    0.46177230407791986,
    1.0574312525334615,
    0.009563331741258696,
    0.9119319910414542,
    0.032897728881352714,
    0.032897728881352714,
    0.032897728881352714,
    0.11290783833395068,
    0.11290783833395068,
    0.6311798949230739,
    0.0013658206250074679,
    0.019534607334211748,
    0.019534607334211748,
    0.019534607334211748,
    0.019534607334211748,
    1.3790699947392475,
    0.11939999480510757,
    0.25869999478603595,
    0.0935299948047214,
    0.09352999480912012,
    0.0935299948044111,
    0.09352999480495036,
    0.09352999480460693,
    0.17412499537456308,
    0.0,
    0.6716249946496156,
    0.6716249946496188
  ],
  "qg": [
    -0.4179269770436913,
    0.0073578263659428034,
    0.0087290066353902,
    0.007503459716767002,
    0.008684585397715387,
    0.012324294365267649,
    -0.15489223985015652,
    -0.005699141343220196,
    -0.03409911001151334,
    -0.03409913682056156,
    -0.034099107111857936,
    -0.034099147750058574,
    -0.03409914743598882,
    -0.03409910481424642,
    0.002719435039938989,
    0.0023877083912852513,
    0.017287601817979604,
    0.017511990225026097,
    -0.003596864065769665,
    -0.0054978020809056845,
    -0.006997818894208401,
    -0.021999436578081594,
    0.06497057444921954,
    0.16293041535147057,
    0.003571263908263751,
    0.31947856228897037,
    0.053639503564216415,
    0.1628155348219896,
    0.24025873475731974,
    0.30129252296947034,
    0.3007619989977141,
    0.06584933078293778,
    -0.0058986022512592,
    -0.07789304950393428,
    -0.03546983233290484,
    -0.07808468072051268,
    -0.0780998811617073,
    0.18983855376805173,
    -0.013299734367900738,
    -0.02889973206845436,
    -0.010399732423463325,
    -0.010399734499032382,
    -0.01039973194577107,
    -0.010399732464305776,
    -0.0103997324035873,
    0.013832319582892686,
    0.014235899096576547,
    0.012022307007226967,
    0.06274947955908063
  ],
  "pd": [
    0.07196683853146435,
    0.01651777810573217,
    0.07744352956121155,
    0.23131710849307643,
    0.4159361682058174,
    0.002952735555183981,
    0.024596384624700884,
    0.4361667920096522,
    0.006957931308255321,
    0.007493906409031291,
    0.011031342074152696,
    0.044885478439529426,
    0.013750197585361706,
    0.02335876939200001,
    0.013184987479088866,
    0.022735089274733424,
    0.5757931782627085,
    0.004999185939964958,
    0.06274806679811767,
    0.2023257280420126,
    0.03480914654494119,
    0.29046926961507896,
    0.009988626878097626,
    0.06218285669184483,
    0.0199285287470338,
    0.3735746452408512,
    0.01039791695505382,
    0.09304527749470841,
    0.020328073822157705,
    0.009257751740675849,
    0.03117426086149688,
    0.061763821613056345,
    0.015046282829056326,
    0.017755393338433047,
    0.004346270817201504,
    0.02160466906218774,
    0.007347731381546936,
    0.005398731015088864,
    0.027471160165226542,
    0.009725511828625785,
    0.0135552975487159,
    0.017950293375078853,
    0.009462396779153946,
    0.03664120688941177,
    0.022832539293056328,
    0.014159487662317902,
    0.2003085126627285,
    0.0832612956550889,
    0.1253402135669187,
    0.032372896086868594,
    0.021429259029206515,
    0.02398244950926659,
    0.18282597937559955,
    0.035062516592580736,
    0.0057690410847158966,
    0.008614581619744684,
    0.05352929506477099,
    0.0205327188606358,
    0.008721776639899878,
    0.02183854910616271,
    0.03656324687475345,
    0.04710733885729162,
    0.08038652011456324,
    0.4808183904052068,
    0.08357313571372219,
    0.022247839183118907,
    0.021536454049361713,
    0.48506721120408525,
    0.020483993851474352,
    0.009355201758998751,
    0.014422602711789743,
    0.007113851337571968,
    0.0076888064456771005,
    0.028815970418082613,
    0.00820529154278849,
    0.007016401319249064,
    0.056199425566818555,
    0.1185576922916446,
    0.3643656185093368,
    0.0050576559509587,
    0.020055213770853574,
    0.5121972963051817,
    0.0051648509711138945,
    0.04379403823431291,
    0.04282928305291616,
    0.015377612891354198,
    0.034877361557767224,
    0.1058112298950088,
    0.08590219115163958,
    0.3320999174426234,
    0.038366072213727176,
    0.00848789659592491,
    0.1625758655681002,
    0.01752151329445808,
    0.0059834311250262845,
    0.0018905303554643312,
    0.14256937680640808,
    0.752742921533437,
    0.04287800806207761,
    0.29482528543411274,
    0.014773422777752196,
    0.015036537827224035,
    0.23290554379173975,
    0.011304202125456825,
    0.020396288834983737,
    0.05536135540924157,
    0.011304202125456825,
    0.0800162100449362,
    0.013867137607349192,
    0.36310851327297144,
    0.26092242405957455,
    0.08823124658955699,
    0.01464673775393242,
    0.15631957439176977,
    0.3120641936754344,
    0.14379724703727664,
    0.08736394142648313,
    0.013526062543219029,
    0.01410101765132416,
    0.44635031892439564,
    0.04042226760034044,
    0.03697253695170965,
    0.010505111975209015,
    0.022238094181286618,
    0.01964592369389738,
    0.00983270684878098,
    0.0750560041123004,
    0.015017047823559455,
    0.01194737224638799,
    0.02070812889361703,
    0.05050834449676097,
    0.18526222983367216,
    0.013691727574367965,
    0.029839195610473105,
    0.0664609124962203,
    0.23006000325671097,
    0.07547503919108889,
    0.014013312634833547,
    0.45357136528212283,
    0.005262300989436798,
    0.009179791726017525,
    0.08975146687539429,
    0.018496013477687114,
    0.011011852070488113,
    0.07564070422223781,
    0.02050348385513893,
    0.16360883576232296,
    0.007133341341236548,
    0.025015419703489368,
    0.003147635591829788,
    0.03513073160540677,
    0.5139611416368263,
    0.21427310028840058,
    0.3661684438483105,
    0.052359894844896136,
    0.021877529113491875,
    0.019587453682903638,
    0.00690920629909387,
    0.009267496742508138,
    0.07487084907748688
  ],