{
  "hour": 8,
  "dispatch": 1,
  "load": 1.0295773243904622,
  "wind": 0.573170344989901,
  "solar": 0.13454926160976224,
  "gen": [
    47,
    1,
    2,
    3,
    4,
    5,
    6,
    7,
    8,
    9,
    10,
    11,
    12,
    13,
    14,
    15,
    16,
    17,
    18,
    19,
    20,
    21,
    22,
    23,
    24,
    25,
    26,
    27,
    28,
    29,
    30,
    31,
    32,
    33,
    34,
    35,
    36,
    37,
    38,
    39,
    40,
    41,
    42,
    43,
    44,
    45,
    46,
    48,
    49
  ],
  "pg": [
    6.636798144755568,
    0.045073499958945024,
    0.045073499958969594,
    0.045073499958945024,
    0.045073499958969594,
    0.09024649995886037,
    0.49579234841626435,
    0.04676499996013539,
    0.04803167491015372,
    0.04803167491015372,
    0.04803167491015372,
    0.04803167491015372,
    0.04803167491015372,
    0.04803167491015372,
    0.0,
    0.02387999995827049,
    0.17909999995816384,
    0.1790999999581229,
    0.03183999995598724,
    0.04974999995604237,
    0.06268499995602826,
    0.17909999995979203,
    0.3874631532131731,
    0.8872676940443669,
    0.008024384829858615,
    0.7651824105615179,
    0.052501121880129224,
    0.052501121880129224,
    0.052501121880129224,
    0.1801883711477936,
    0.1801883711477936,
    0.5296093987706686,
    0.002179698038078148,
    0.03117506391498191,
    0.03117506391498191,
    0.03117506391498191,
    0.03117506391498191,
    1.379069999955319,
    0.11939999995575774,
    0.2586999999556035,
    0.09352999995575685,
    0.09352999995579234,
    0.09352999995575534,
    0.09352999995575895,
    0.0935299999557558,
    0.17412499996066322,
    0.0,
    0.6716249999545066,
    0.6716249999545066
  ],
  "qg": [
    -0.14221839604488387,
    0.007538410107680774,
    0.008952120953371816,
    0.007685737568574585,
    0.008907123832814385,
    0.012579252183753609,
    -0.18676578465298643,
    -0.00569999299479025,
    -0.034099992744051,
    -0.03409999294599037,
    -0.03409999271879854,
    -0.0340999930309888,
    -0.03409999302829414,
    -0.034099992698625056,
    0.0030874020215029712,
    0.002562828888893228,
    0.018943652641566302,
    0.01882374488661906,
    -0.003599967287038604,
    -0.005499975612450247,
    -0.006999975651558476,
    -0.021999995347384758,
    0.08984039054536258,
    0.21044337833666305,
    0.003599937832038487,
    0.31924650624113105,
    0.059279645011680066,
    0.17965597834585123,
    0.2649472269983041,
    0.3369125999616355,
    0.33616692257849773,
    0.06846503448468709,
    -0.0064651698612938876,
    -0.06481276914998352,
    -0.029397093610529782,
    -0.06498995831100189,
    -0.06500415736917549,
    0.19801018064806894,
    -0.013299997890870208,
    -0.02889999787691931,
    -0.010399997877946843,
    -0.010399997892286732,
    -0.010399997875020136,
    -0.010399997878322792,
    -0.010399997877762994,
    0.01637261314627524,
    0.020303199374088966,
    0.012959745636302155,
    0.06365222019399959
  ],
  "pd": [
    0.07603428540623564,
    0.017451335648418335,
    0.08182050996931003,
    0.244390769490564,
    0.4394441935963371,
    0.0031196192929031008,
    0.025986531667615265,
    0.4608182188506831,
    0.0073511820961479,
    0.007917449624562655,
    0.011654815312100032,
    0.04742233156142469,
    0.014527336047149422,
    0.02467896846563938,
    0.013930181199002955,
    0.024020038978029484,
    0.6083360578893484,
    0.005281731674123071,
    0.06629448391750187,
    0.21376084408994778,
    0.03677650202722731,
    0.30688611308106506,
    0.010553167575002239,
    0.0656973290693554,
    0.02105485628378495,
    0.3946884673050837,
    0.010985590051246233,
    0.09830404293280133,
    0.02147698298678504,
    0.00978098458170939,
    0.032936178607250885,
    0.0652546108198675,
    0.015896673888588737,
    0.018758898850394223,
    0.004591914866781462,
    0.022825729281736547,
    0.007763013025904085,
    0.005703858377123162,
    0.02902378477456713,
    0.010275181697416813,
    0.01432142058227133,
    0.01896481431527231,
    0.009997195819831389,
    0.03871210739708137,
    0.02412299671046853,
    0.014959758523393415,
    0.21162961902845953,
    0.08796708659592109,
    0.13242423546310125,
    0.03420255871625116,
    0.022640405363346265,
    0.025337897953249276,
    0.19315900182889462,
    0.03704419213156883,
    0.006095097760391536,
    0.009101463547611688,
    0.0565546824287681,
    0.021693194224907036,
    0.009214717053294637,
    0.02307282783959026,
    0.03862974121113014,
    0.04976976786103493,
    0.08492983348896924,
    0.5079934518542542,
    0.08829655133972604,
    0.023505250315834253,
    0.022753658869029216,
    0.5124824089885964,
    0.021641715358687516,
    0.009883942314148436,
    0.015237744400978841,
    0.007515914468050375,
    0.008123365089440749,
    0.030444601482225966,
    0.008669041071367692,
    0.007412956735611328,
    0.05937572429759797,
    0.12525837728534364,
    0.38495896158959386,
    0.005343506313586499,
    0.021188701335955715,
    0.541145841699627,
    0.00545675981926945,
    0.04626920495810737,
    0.04524992340696082,
    0.016246730178881494,
    0.03684857243993465,
    0.11179150588231639,
    0.09075724114501924,
    0.3508696563790256,
    0.0405344592612525,
    0.008967618495440926,
    0.17176438502806082,
    0.01851180029254051,
    0.006321604771757438,
    0.001997380009317497,
    0.15062716255832465,
    0.7952867084521686,
    0.04530140227318034,
    0.3114883237210904,
    0.015608392237759408,
    0.01588637811534483,
    0.24606898052932047,
    0.011943096962929362,
    0.021549053399492375,
    0.058490287798622156,
    0.011943096962929362,
    0.08453859410570086,
    0.014650885326076278,
    0.38363080684113027,
    0.27566932860554627,
    0.09321793095031246,
    0.015474547185588647,
    0.16515449860547404,
    0.32970154658955775,
    0.1519244299870566,
    0.09230160713160493,
    0.014290533262539616,
    0.014897983883929988,
    0.4715773018905634,
    0.042706867415716374,
    0.03906216368737414,
    0.011098843556929182,
    0.02349495454259035,
    0.020756278859711718,
    0.010388435203099764,
    0.07929804552455341,
    0.015865786568857024,
    0.012622617997027068,
    0.021878518143297325,
    0.05336299272315766,
    0.19573294513987077,
    0.014465561407685994,
    0.03152565767283595,
    0.07021717352342952,
    0.24306261474210034,
    0.07974076377404131,
    0.014805321924734847,
    0.47920646986429677,
    0.005559717551708496,
    0.009698618395758155,
    0.0948240715763616,
    0.019541377616930974,
    0.011634223765612222,
    0.07991579191918767,
    0.021662306905175326,
    0.17285573699191473,
    0.007536506014538183,
    0.026429249917103163,
    0.0033255347577811926,
    0.03711626254427616,
    0.5430093766567737,
    0.22638346208697482,
    0.38686367963971613,
    0.055319189639499534,
    0.02311401093256588,
    0.02069450422024829,
    0.007299703229928377,
    0.009791280354953295,
    0.07910242583291921
  ],