{
  "hour": 9,
  "dispatch": 3,
  "load": 1.095467853633321,
  "wind": 0.5913172633898067,
  "solar": 0.572559351123,
  "gen": [
    47,
    1,
    2,
    3,
    4,
    5,
    6,
    7,
    8,
    9,
    10,
    11,
    12,
    13,
    14,
    15,
    16,
    17,
    18,
    19,
    20,
    21,
    22,
    23,
    24,
    25,
    26,
    27,
    28,
    29,
    30,
    31,
    32,
    33,
    34,
    35,
    36,
    37,
    38,
    39,
    40,
    41,
    42,
    43,
    44,
    45,
    46,
    48,
    49
  ],
  "pg": [
    5.335984969722654,
    0.045073499685122045,
    0.045073499685307744,
    0.045073499685122045,
    0.04507349968530774,
    0.09024649968448001,
    0.5114894328321828,
    0.046764999693799686,
    0.04955238667206581,
    0.04955238667206581,
    0.04955238667206581,
    0.04955238667206581,
    0.04955238667206581,
    0.04955238667206581,
    0.0,
    0.023879999671626368,
    0.17909999967075296,
    0.17909999967043003,
    0.03183999966255889,
    0.04974999966299959,
    0.0626849996628918,
    0.17909999969133872,
    0.3997304700515093,
    0.9153591237274208,
    0.008278441687457293,
    0.789408546625392,
    0.2234126588081946,
    0.2234126588081946,
    0.2234126588081946,
    0.7667714830239217,
    0.7667714830239217,
    0.5463771513721815,
    0.0092754614881926,
    0.13266200165519912,
    0.13266200165519912,
    0.13266200165519912,
    0.13266200165519912,
    1.3790699996537388,
    0.1193999996612928,
    0.25869999965986773,
    0.09352999966120489,
    0.09352999966154024,
    0.09352999966115579,
    0.09352999966121603,
    0.09352999966119933,
    0.17412499969552228,
    0.0,
    0.6716249996497732,
    0.6716249996497732
  ],
  "qg": [
    -0.2552229428377649,
    0.008861620868555947,
    0.010612269166343493,
    0.009007923478243819,
    0.010567364095478447,
    0.014232930888230416,
    -0.12088088857405511,
    -0.005699899449749144,
    -0.03409989101061792,
    -0.03409989778604212,
    -0.0340998907028489,
    -0.03409990016034615,
    -0.03409990012493241,
    -0.03409989045798181,
    0.003361651091996148,
    0.002686580992998294,
    0.02014225571868734,
    0.019755796425608256,
    -0.0035994432081534857,
    -0.005499725805828793,
    -0.006999727287323902,
    -0.02199994975896675,
    0.04668890100406549,
    0.11762761822068053,
    0.003597927981134374,
    0.29913907770809145,
    0.06468898629265614,
    0.18577833614215516,
    0.2712760312100857,
    0.29381712540589944,
    0.290392626140282,
    0.06044625820975904,
    -0.00619888504807188,
    -0.06317396664011285,
    -0.026945736215603408,
    -0.06390754520605371,
    -0.06396633031990526,
    0.2134257469072478,
    -0.013299976892894208,
    -0.028899976454155585,
    -0.010399976628561547,
    -0.010399976902934125,
    -0.010399976549066981,
    -0.010399976630381183,
    -0.010399976627697314,
    0.017118103992053282,
    0.022177715962825795,
    0.017102001729746037,
    0.06744209552774941
  ],
  "pd": [
    0.08090030099082077,
    0.018568180119084794,
    0.08705683032824003,
    0.26003120441694144,
    0.4675675892877741,
    0.003319267596508963,
    0.02764960862570502,
    0.49030950192920186,
    0.007821640474941912,
    0.00842414779444024,
    0.012400696103129195,
    0.05045724933835077,
    0.01545705141476616,
    0.02625836445159071,
    0.014821680059658835,
    0.025557265025265383,
    0.6472681359977841,
    0.005619750089138937,
    0.07053717509544954,
    0.22744103577135014,
    0.039130111731782234,
    0.32652610313248404,
    0.011228545499741541,
    0.06990180374034223,
    0.022402317606801416,
    0.4199476016903337,
    0.011688641998267538,
    0.10459527066490949,
    0.02285145942679108,
    0.01040694460951655,
    0.03504401663772994,
    0.0694307525632799,
    0.01691402366009848,
    0.01995942429319911,
    0.0048857866272046125,
    0.024286522315050726,
    0.008259827616395241,
    0.0060688919091285995,
    0.03088123879392332,
    0.010932769179260544,
    0.015237957844039498,
    0.020178517863925775,
    0.010636992858779547,
    0.04118959129661286,
    0.025666811810628715,
    0.015917147913292157,
    0.22517341731432916,
    0.09359677341443096,
    0.14089907533431778,
    0.03639144209769893,
    0.02408933810139673,
    0.02695946387791603,
    0.20552072402014737,
    0.03941493337372689,
    0.006485169693509261,
    0.00968393582611856,
    0.060174049200078336,
    0.023081507676054075,
    0.009804437290018224,
    0.024549434599922725,
    0.0411019538683222,
    0.05295491604463473,
    0.09036514324621267,
    0.5405038389826807,
    0.09394732312759362,
    0.02500953109844872,
    0.024209839565296397,
    0.5452800788245219,
    0.02302673428337241,
    0.010516491394879882,
    0.016212924233773154,
    0.007996915331523245,
    0.008643241365166905,
    0.032392984431937305,
    0.009223839327592563,
    0.007887368546159911,
    0.06317563111903364,
    0.13327461907302984,
    0.4095954304734988,
    0.005685478160356937,
    0.02254472842777375,
    0.5757779038696736,
    0.005805979624256602,
    0.04923032534228145,
    0.048145812167184464,
    0.017286482730333806,
    0.039206794481536564,
    0.118945899547506,
    0.09656549129777725,
    0.37332448983969946,
    0.04312856939754386,
    0.009541525005146228,
    0.18275690202164696,
    0.019696512008327113,
    0.006726172621308591,
    0.002125207636048643,
    0.1602669469865549,
    0.8461831888605226,
    0.04820058555986612,
    0.33142284443822495,
    0.016607292661081147,
    0.016903068981562144,
    0.26181681701836373,
    0.012707427102146524,
    0.022928142176545412,
    0.06223352876490897,
    0.012707427102146524,
    0.08994886546183199,
    0.015588507557202159,
    0.4081822769423119,
    0.2933115178103217,
    0.0991836594679609,
    0.016464881840108817,
    0.17572399840132102,
    0.35080167076899843,
    0.16164723648213286,
    0.09820869307822723,
    0.015205093808430497,
    0.015851419842074155,
    0.5017571409996701,
    0.04544000656871016,
    0.04156205036684821,
    0.011809143462167201,
    0.024998576419912388,
    0.022084631929247756,
    0.01105327064316021,
    0.0843729340868384,
    0.016881159624489477,
    0.013430435885544517,
    0.023278691889708075,
    0.05677809885381503,
    0.20825939365423068,
    0.015391323343548162,
    0.03354322567825229,
    0.07471090761779249,
    0.25861805088575446,
    0.08484398526390073,
    0.01575282773524716,
    0.509874557795093,
    0.005915526409619934,
    0.010319307181225885,
    0.1008925893196289,
    0.020791979861960436,
    0.012378786746056528,
    0.08503021479901837,
    0.023048643640445076,
    0.1839180979464983,
    0.00801882468859591,
    0.028120659802767352,
    0.003538361167235627,
    0.039491616123481225,
    0.5777607006847499,
    0.24087147165689463,
    0.4116220460027204,
    0.058859487775718346,
    0.02459325331406806,
    0.022018903858029754,
    0.007766867082260247,
    0.010417899288052883,
    0.08416479519464806
  ],