{
  "ace_integral": -28.17137263836724,
  "ace_raw": 0.08434249192716373
}