{
  "ace_integral": -30.198261622726385,
  "ace_raw": 0.09192881482573964
}