{
  "ace_integral": -805.8117695342285,
  "ace_raw": 8.058491090639667
}