{
  "ace_integral": -770.6307033215169,
  "ace_raw": 7.706447240698405
}