{
  "ace_integral": -38.1811483004135,
  "ace_raw": 0.1140474079172063
}