{
  "ace_integral": -6.050827982732228,
  "ace_raw": 0.019971788952621174
}