{
  "ace_integral": -855.2814088781927,
  "ace_raw": 8.552727365315787
}