{
  "ace_integral": 15.688481645592471,
  "ace_raw": -0.04426175708362583
}