{
  "ace_integral": -518.1663516150115,
  "ace_raw": 5.181544884620796
}