{
  "ace_integral": -275.49147016756984,
  "ace_raw": 0.817698537792155
}