{
  "ace_integral": -855.1232872629886,
  "ace_raw": 8.550916194405552
}