{
  "ace_integral": 15.997533299073016,
  "ace_raw": -0.9994969415169258
}