{
  "ace_integral": 18.376875751219465,
  "ace_raw": -0.04976817919692491
}