{
  "ace_integral": -6.193761977339624,
  "ace_raw": 0.0202769062673087
}