{
  "ace_integral": -641.9001234261071,
  "ace_raw": 6.4191716789144975
}